2026-09-17 17:34:00,157 INFO o.a.j.u.JMeterUtils: Setting Locale to en_EN
2026-09-17 17:34:00,166 INFO o.a.j.JMeter: Loading user properties from: C:\Users\Juan Cruz\Downloads\apache-jmeter-5.6.3\apache-jmeter-5.6.3\bin\user.properties
2026-09-17 17:34:00,166 INFO o.a.j.JMeter: Loading system properties from: C:\Users\Juan Cruz\Downloads\apache-jmeter-5.6.3\apache-jmeter-5.6.3\bin\system.properties
2026-09-17 17:34:00,171 INFO o.a.j.JMeter: Copyright (c) 1998-2024 The Apache Software Foundation
2026-09-17 17:34:00,171 INFO o.a.j.JMeter: Version 5.6.3
2026-09-17 17:34:00,171 INFO o.a.j.JMeter: java.version=1.8.0_401
2026-09-17 17:34:00,171 INFO o.a.j.JMeter: java.vm.name=Java HotSpot(TM) 64-Bit Server VM
2026-09-17 17:34:00,171 INFO o.a.j.JMeter: os.name=Windows 11
2026-09-17 17:34:00,171 INFO o.a.j.JMeter: os.arch=amd64
2026-09-17 17:34:00,171 INFO o.a.j.JMeter: os.version=10.0
2026-09-17 17:34:00,171 INFO o.a.j.JMeter: file.encoding=Cp1252
2026-09-17 17:34:00,171 INFO o.a.j.JMeter: java.awt.headless=null
2026-09-17 17:34:00,171 INFO o.a.j.JMeter: Max memory     =1073741824
2026-09-17 17:34:00,171 INFO o.a.j.JMeter: Available Processors =16
2026-09-17 17:34:00,174 INFO o.a.j.JMeter: Default Locale=English (EN)
2026-09-17 17:34:00,174 INFO o.a.j.JMeter: JMeter  Locale=English (EN)
2026-09-17 17:34:00,174 INFO o.a.j.JMeter: JMeterHome=C:\Users\Juan Cruz\Downloads\apache-jmeter-5.6.3\apache-jmeter-5.6.3
2026-09-17 17:34:00,174 INFO o.a.j.JMeter: user.dir  =C:\Users\Juan Cruz\Escritorio\KMP-IS-II-MLJ-\TP1\Ejercicio5\Gatinder
2026-09-17 17:34:00,175 INFO o.a.j.JMeter: PWD       =C:\Users\Juan Cruz\Escritorio\KMP-IS-II-MLJ-\TP1\Ejercicio5\Gatinder
2026-09-17 17:34:00,181 INFO o.a.j.JMeter: IP: 192.168.1.210 Name: LAPTOP-59NBHAV3 FullName: 192.168.1.210
2026-09-17 17:34:00,191 INFO o.a.j.JMeter: Loaded icon properties from org/apache/jmeter/images/icon.properties
2026-09-17 17:34:00,302 INFO o.a.j.JMeterGuiLauncher: Setting LAF to: com.github.weisj.darklaf.DarkLaf:com.github.weisj.darklaf.theme.DarculaTheme
2026-09-17 17:34:01,025 INFO o.a.j.r.ClassFinder: Will scan jar C:\Users\Juan Cruz\Downloads\apache-jmeter-5.6.3\apache-jmeter-5.6.3\lib\ext\gatinder-0.0.1-SNAPSHOT.jar with filter ExtendsClassFilter [parents=[interface org.apache.jmeter.gui.action.Command], inner=false, contains=null, notContains=null]. Consider exposing JMeter plugins via META-INF/services, and add JMeter-Skip-Class-Scanning=true manifest attribute so JMeter can skip classfile scanning
2026-09-17 17:34:01,098 INFO o.a.j.r.ClassFinder: Will scan jar C:\Users\Juan Cruz\Downloads\apache-jmeter-5.6.3\apache-jmeter-5.6.3\lib\ext\gatinder-0.0.1-SNAPSHOT.jar with filter ExtendsClassFilter [parents=[interface org.apache.jmeter.gui.plugin.MenuCreator], inner=false, contains=null, notContains=null]. Consider exposing JMeter plugins via META-INF/services, and add JMeter-Skip-Class-Scanning=true manifest attribute so JMeter can skip classfile scanning
2026-09-17 17:34:09,960 INFO o.a.j.s.FileServer: Default base='C:\Users\Juan Cruz\Escritorio\KMP-IS-II-MLJ-\TP1\Ejercicio5\Gatinder'
2026-09-17 17:34:09,963 INFO o.a.j.g.a.Load: Loading file: C:\Users\Juan Cruz\Escritorio\KMP-IS-II-MLJ-\TP1\Ejercicio5\Gatinder\gatinder_full_test_plan.jmx
2026-09-17 17:34:09,963 INFO o.a.j.s.FileServer: Set new base='C:\Users\Juan Cruz\Escritorio\KMP-IS-II-MLJ-\TP1\Ejercicio5\Gatinder'
2026-09-17 17:34:10,041 INFO o.a.j.s.SaveService: Testplan (JMX) version: 2.2. Testlog (JTL) version: 2.2
2026-09-17 17:34:10,057 INFO o.a.j.s.SaveService: Using SaveService properties file encoding UTF-8
2026-09-17 17:34:10,058 INFO o.a.j.s.SaveService: Using SaveService properties version 5.0
2026-09-17 17:34:10,059 INFO o.a.j.s.SaveService: Loading file: C:\Users\Juan Cruz\Escritorio\KMP-IS-II-MLJ-\TP1\Ejercicio5\Gatinder\gatinder_full_test_plan.jmx
2026-09-17 17:34:10,075 INFO o.a.j.p.h.c.CookieManager: Settings: Delete null: true Check: true Allow variable: true Save: false Prefix: COOKIE_
2026-09-17 17:34:10,083 INFO o.a.j.p.h.s.HTTPSamplerBase: Parser for text/html is org.apache.jmeter.protocol.http.parser.LagartoBasedHtmlParser
2026-09-17 17:34:10,083 INFO o.a.j.p.h.s.HTTPSamplerBase: Parser for application/xhtml+xml is org.apache.jmeter.protocol.http.parser.LagartoBasedHtmlParser
2026-09-17 17:34:10,084 INFO o.a.j.p.h.s.HTTPSamplerBase: Parser for application/xml is org.apache.jmeter.protocol.http.parser.LagartoBasedHtmlParser
2026-09-17 17:34:10,084 INFO o.a.j.p.h.s.HTTPSamplerBase: Parser for text/xml is org.apache.jmeter.protocol.http.parser.LagartoBasedHtmlParser
2026-09-17 17:34:10,084 INFO o.a.j.p.h.s.HTTPSamplerBase: Parser for text/vnd.wap.wml is org.apache.jmeter.protocol.http.parser.RegexpHTMLParser
2026-09-17 17:34:10,084 INFO o.a.j.p.h.s.HTTPSamplerBase: Parser for text/css is org.apache.jmeter.protocol.http.parser.CssParser
2026-09-17 17:34:10,340 INFO o.a.j.s.SampleResult: Note: Sample TimeStamps are START times
2026-09-17 17:34:10,340 INFO o.a.j.s.SampleResult: sampleresult.default.encoding is set to UTF-8
2026-09-17 17:34:10,340 INFO o.a.j.s.SampleResult: sampleresult.useNanoTime=true
2026-09-17 17:34:10,340 INFO o.a.j.s.SampleResult: sampleresult.nanoThreadSleep=5000
2026-09-17 17:34:10,433 INFO o.a.j.r.ClassFinder: Will scan jar C:\Users\Juan Cruz\Downloads\apache-jmeter-5.6.3\apache-jmeter-5.6.3\lib\ext\gatinder-0.0.1-SNAPSHOT.jar with filter ExtendsClassFilter [parents=[interface org.apache.jmeter.visualizers.ResultRenderer], inner=false, contains=null, notContains=null]. Consider exposing JMeter plugins via META-INF/services, and add JMeter-Skip-Class-Scanning=true manifest attribute so JMeter can skip classfile scanning
2026-09-17 17:34:10,464 INFO o.a.j.r.ClassFinder: Will scan jar C:\Users\Juan Cruz\Downloads\apache-jmeter-5.6.3\apache-jmeter-5.6.3\lib\ext\gatinder-0.0.1-SNAPSHOT.jar with filter ExtendsClassFilter [parents=[interface org.apache.jmeter.visualizers.RequestView], inner=false, contains=null, notContains=null]. Consider exposing JMeter plugins via META-INF/services, and add JMeter-Skip-Class-Scanning=true manifest attribute so JMeter can skip classfile scanning
2026-09-17 17:34:10,535 INFO o.a.j.s.FileServer: Set new base='C:\Users\Juan Cruz\Escritorio\KMP-IS-II-MLJ-\TP1\Ejercicio5\Gatinder'
2026-09-17 17:35:30,388 INFO o.a.j.e.StandardJMeterEngine: Running the test!
2026-09-17 17:35:30,388 INFO o.a.j.s.SampleEvent: List of sample_variables: []
2026-09-17 17:35:30,389 INFO o.a.j.s.SampleEvent: List of sample_variables: []
2026-09-17 17:35:30,389 INFO o.a.j.e.u.CompoundVariable: Note: Function class names must contain the string: '.functions.'
2026-09-17 17:35:30,389 INFO o.a.j.e.u.CompoundVariable: Note: Function class names must not contain the string: '.gui.'
2026-09-17 17:35:30,566 INFO o.a.j.r.ClassFinder: Will scan jar C:\Users\Juan Cruz\Downloads\apache-jmeter-5.6.3\apache-jmeter-5.6.3\lib\ext\gatinder-0.0.1-SNAPSHOT.jar with filter ExtendsClassFilter [parents=[interface org.apache.jmeter.functions.Function], inner=false, contains=null, notContains=null]. Consider exposing JMeter plugins via META-INF/services, and add JMeter-Skip-Class-Scanning=true manifest attribute so JMeter can skip classfile scanning
2026-09-17 17:35:30,584 INFO o.a.j.g.u.JMeterMenuBar: setRunning(true, *local*)
2026-09-17 17:35:30,601 INFO o.a.j.e.StandardJMeterEngine: Starting ThreadGroup: 1 : 3. PRUEBA DE ESTRÉS (200 Usuarios Concurrentes - Pico)
2026-09-17 17:35:30,601 INFO o.a.j.e.StandardJMeterEngine: Starting 200 threads for group 3. PRUEBA DE ESTRÉS (200 Usuarios Concurrentes - Pico).
2026-09-17 17:35:30,601 INFO o.a.j.e.StandardJMeterEngine: Thread will continue on error
2026-09-17 17:35:30,601 INFO o.a.j.t.ThreadGroup: Starting thread group... number=1 threads=200 ramp-up=30 delayedStart=false
2026-09-17 17:35:30,607 INFO o.a.j.t.JMeterThread: Thread started: 3. PRUEBA DE ESTRÉS (200 Usuarios Concurrentes - Pico) 1-1
2026-09-17 17:35:30,654 INFO o.a.j.t.ThreadGroup: Started thread group number 1
2026-09-17 17:35:30,655 INFO o.a.j.e.StandardJMeterEngine: All thread groups have been started
2026-09-17 17:35:30,756 INFO o.a.j.t.JMeterThread: Thread started: 3. PRUEBA DE ESTRÉS (200 Usuarios Concurrentes - Pico) 1-2
2026-09-17 17:35:30,778 INFO o.a.j.p.h.s.HTTPHCAbstractImpl: Local host = LAPTOP-59NBHAV3
2026-09-17 17:35:30,783 INFO o.a.j.p.h.s.HTTPHC4Impl: HTTP request retry count = 0
2026-09-17 17:35:30,905 INFO o.a.j.t.JMeterThread: Thread started: 3. PRUEBA DE ESTRÉS (200 Usuarios Concurrentes - Pico) 1-3
2026-09-17 17:35:31,053 INFO o.a.j.t.JMeterThread: Thread started: 3. PRUEBA DE ESTRÉS (200 Usuarios Concurrentes - Pico) 1-4
2026-09-17 17:35:31,203 INFO o.a.j.t.JMeterThread: Thread started: 3. PRUEBA DE ESTRÉS (200 Usuarios Concurrentes - Pico) 1-5
2026-09-17 17:35:31,352 INFO o.a.j.t.JMeterThread: Thread started: 3. PRUEBA DE ESTRÉS (200 Usuarios Concurrentes - Pico) 1-6
2026-09-17 17:35:31,503 INFO o.a.j.t.JMeterThread: Thread started: 3. PRUEBA DE ESTRÉS (200 Usuarios Concurrentes - Pico) 1-7
2026-09-17 17:35:31,653 INFO o.a.j.t.JMeterThread: Thread started: 3. PRUEBA DE ESTRÉS (200 Usuarios Concurrentes - Pico) 1-8
2026-09-17 17:35:31,802 INFO o.a.j.t.JMeterThread: Thread started: 3. PRUEBA DE ESTRÉS (200 Usuarios Concurrentes - Pico) 1-9
2026-09-17 17:35:31,952 INFO o.a.j.t.JMeterThread: Thread started: 3. PRUEBA DE ESTRÉS (200 Usuarios Concurrentes - Pico) 1-10
2026-09-17 17:35:32,104 INFO o.a.j.t.JMeterThread: Thread started: 3. PRUEBA DE ESTRÉS (200 Usuarios Concurrentes - Pico) 1-11
2026-09-17 17:35:32,253 INFO o.a.j.t.JMeterThread: Thread started: 3. PRUEBA DE ESTRÉS (200 Usuarios Concurrentes - Pico) 1-12
2026-09-17 17:35:32,401 INFO o.a.j.t.JMeterThread: Thread started: 3. PRUEBA DE ESTRÉS (200 Usuarios Concurrentes - Pico) 1-13
2026-09-17 17:35:32,552 INFO o.a.j.t.JMeterThread: Thread started: 3. PRUEBA DE ESTRÉS (200 Usuarios Concurrentes - Pico) 1-14
2026-09-17 17:35:32,703 INFO o.a.j.t.JMeterThread: Thread started: 3. PRUEBA DE ESTRÉS (200 Usuarios Concurrentes - Pico) 1-15
2026-09-17 17:35:32,853 INFO o.a.j.t.JMeterThread: Thread started: 3. PRUEBA DE ESTRÉS (200 Usuarios Concurrentes - Pico) 1-16
2026-09-17 17:35:32,870 WARN o.a.j.p.h.s.HTTPSamplerBase: Existing CookieManager Gestor de Cookies HTTP (Sesión JSESSIONID) superseded by Gestor de Cookies HTTP (Sesión JSESSIONID)
2026-09-17 17:35:32,980 INFO o.a.j.u.JsseSSLManager: Using default SSL protocol: TLS
2026-09-17 17:35:32,980 INFO o.a.j.u.JsseSSLManager: SSL session context: per-thread
2026-09-17 17:35:33,003 INFO o.a.j.t.JMeterThread: Thread started: 3. PRUEBA DE ESTRÉS (200 Usuarios Concurrentes - Pico) 1-17
2026-09-17 17:35:33,143 WARN o.a.j.p.h.s.HTTPSamplerBase: Existing CookieManager Gestor de Cookies HTTP (Sesión JSESSIONID) superseded by Gestor de Cookies HTTP (Sesión JSESSIONID)
2026-09-17 17:35:33,153 INFO o.a.j.t.JMeterThread: Thread started: 3. PRUEBA DE ESTRÉS (200 Usuarios Concurrentes - Pico) 1-18
2026-09-17 17:35:33,295 WARN o.a.j.p.h.s.HTTPSamplerBase: Existing CookieManager Gestor de Cookies HTTP (Sesión JSESSIONID) superseded by Gestor de Cookies HTTP (Sesión JSESSIONID)
2026-09-17 17:35:33,303 INFO o.a.j.t.JMeterThread: Thread started: 3. PRUEBA DE ESTRÉS (200 Usuarios Concurrentes - Pico) 1-19
2026-09-17 17:35:33,355 WARN o.a.j.p.h.s.HTTPSamplerBase: Existing CookieManager Gestor de Cookies HTTP (Sesión JSESSIONID) superseded by Gestor de Cookies HTTP (Sesión JSESSIONID)
2026-09-17 17:35:33,367 WARN o.a.j.p.h.s.HTTPSamplerBase: Existing CookieManager Gestor de Cookies HTTP (Sesión JSESSIONID) superseded by Gestor de Cookies HTTP (Sesión JSESSIONID)
2026-09-17 17:35:33,453 INFO o.a.j.t.JMeterThread: Thread started: 3. PRUEBA DE ESTRÉS (200 Usuarios Concurrentes - Pico) 1-20
2026-09-17 17:35:33,580 WARN o.a.j.p.h.s.HTTPSamplerBase: Existing CookieManager Gestor de Cookies HTTP (Sesión JSESSIONID) superseded by Gestor de Cookies HTTP (Sesión JSESSIONID)
2026-09-17 17:35:33,603 INFO o.a.j.t.JMeterThread: Thread started: 3. PRUEBA DE ESTRÉS (200 Usuarios Concurrentes - Pico) 1-21
2026-09-17 17:35:33,657 WARN o.a.j.p.h.s.HTTPSamplerBase: Existing CookieManager Gestor de Cookies HTTP (Sesión JSESSIONID) superseded by Gestor de Cookies HTTP (Sesión JSESSIONID)
2026-09-17 17:35:33,751 INFO o.a.j.t.JMeterThread: Thread started: 3. PRUEBA DE ESTRÉS (200 Usuarios Concurrentes - Pico) 1-22
2026-09-17 17:35:33,800 WARN o.a.j.p.h.s.HTTPSamplerBase: Existing CookieManager Gestor de Cookies HTTP (Sesión JSESSIONID) superseded by Gestor de Cookies HTTP (Sesión JSESSIONID)
2026-09-17 17:35:33,854 WARN o.a.j.p.h.s.HTTPSamplerBase: Existing CookieManager Gestor de Cookies HTTP (Sesión JSESSIONID) superseded by Gestor de Cookies HTTP (Sesión JSESSIONID)
2026-09-17 17:35:33,873 WARN o.a.j.p.h.s.HTTPSamplerBase: Existing CookieManager Gestor de Cookies HTTP (Sesión JSESSIONID) superseded by Gestor de Cookies HTTP (Sesión JSESSIONID)
2026-09-17 17:35:33,902 INFO o.a.j.t.JMeterThread: Thread started: 3. PRUEBA DE ESTRÉS (200 Usuarios Concurrentes - Pico) 1-23
2026-09-17 17:35:33,960 WARN o.a.j.p.h.s.HTTPSamplerBase: Existing CookieManager Gestor de Cookies HTTP (Sesión JSESSIONID) superseded by Gestor de Cookies HTTP (Sesión JSESSIONID)
2026-09-17 17:35:34,053 INFO o.a.j.t.JMeterThread: Thread started: 3. PRUEBA DE ESTRÉS (200 Usuarios Concurrentes - Pico) 1-24
2026-09-17 17:35:34,201 INFO o.a.j.t.JMeterThread: Thread started: 3. PRUEBA DE ESTRÉS (200 Usuarios Concurrentes - Pico) 1-25
2026-09-17 17:35:34,352 INFO o.a.j.t.JMeterThread: Thread started: 3. PRUEBA DE ESTRÉS (200 Usuarios Concurrentes - Pico) 1-26
2026-09-17 17:35:34,502 INFO o.a.j.t.JMeterThread: Thread started: 3. PRUEBA DE ESTRÉS (200 Usuarios Concurrentes - Pico) 1-27
2026-09-17 17:35:34,506 WARN o.a.j.p.h.s.HTTPSamplerBase: Existing CookieManager Gestor de Cookies HTTP (Sesión JSESSIONID) superseded by Gestor de Cookies HTTP (Sesión JSESSIONID)
2026-09-17 17:35:34,653 INFO o.a.j.t.JMeterThread: Thread started: 3. PRUEBA DE ESTRÉS (200 Usuarios Concurrentes - Pico) 1-28
2026-09-17 17:35:34,782 WARN o.a.j.p.h.s.HTTPSamplerBase: Existing CookieManager Gestor de Cookies HTTP (Sesión JSESSIONID) superseded by Gestor de Cookies HTTP (Sesión JSESSIONID)
2026-09-17 17:35:34,803 INFO o.a.j.t.JMeterThread: Thread started: 3. PRUEBA DE ESTRÉS (200 Usuarios Concurrentes - Pico) 1-29
2026-09-17 17:35:34,903 WARN o.a.j.p.h.s.HTTPSamplerBase: Existing CookieManager Gestor de Cookies HTTP (Sesión JSESSIONID) superseded by Gestor de Cookies HTTP (Sesión JSESSIONID)
2026-09-17 17:35:34,903 WARN o.a.j.p.h.s.HTTPSamplerBase: Existing CookieManager Gestor de Cookies HTTP (Sesión JSESSIONID) superseded by Gestor de Cookies HTTP (Sesión JSESSIONID)
2026-09-17 17:35:34,911 WARN o.a.j.p.h.s.HTTPSamplerBase: Existing CookieManager Gestor de Cookies HTTP (Sesión JSESSIONID) superseded by Gestor de Cookies HTTP (Sesión JSESSIONID)
2026-09-17 17:35:34,953 INFO o.a.j.t.JMeterThread: Thread started: 3. PRUEBA DE ESTRÉS (200 Usuarios Concurrentes - Pico) 1-30
2026-09-17 17:35:34,968 WARN o.a.j.p.h.s.HTTPSamplerBase: Existing CookieManager Gestor de Cookies HTTP (Sesión JSESSIONID) superseded by Gestor de Cookies HTTP (Sesión JSESSIONID)
2026-09-17 17:35:34,990 WARN o.a.j.p.h.s.HTTPSamplerBase: Existing CookieManager Gestor de Cookies HTTP (Sesión JSESSIONID) superseded by Gestor de Cookies HTTP (Sesión JSESSIONID)
2026-09-17 17:35:35,102 INFO o.a.j.t.JMeterThread: Thread started: 3. PRUEBA DE ESTRÉS (200 Usuarios Concurrentes - Pico) 1-31
2026-09-17 17:35:35,114 WARN o.a.j.p.h.s.HTTPSamplerBase: Existing CookieManager Gestor de Cookies HTTP (Sesión JSESSIONID) superseded by Gestor de Cookies HTTP (Sesión JSESSIONID)
2026-09-17 17:35:35,124 WARN o.a.j.p.h.s.HTTPSamplerBase: Existing CookieManager Gestor de Cookies HTTP (Sesión JSESSIONID) superseded by Gestor de Cookies HTTP (Sesión JSESSIONID)
2026-09-17 17:35:35,252 INFO o.a.j.t.JMeterThread: Thread started: 3. PRUEBA DE ESTRÉS (200 Usuarios Concurrentes - Pico) 1-32
2026-09-17 17:35:35,403 INFO o.a.j.t.JMeterThread: Thread started: 3. PRUEBA DE ESTRÉS (200 Usuarios Concurrentes - Pico) 1-33
2026-09-17 17:35:35,414 WARN o.a.j.p.h.s.HTTPSamplerBase: Existing CookieManager Gestor de Cookies HTTP (Sesión JSESSIONID) superseded by Gestor de Cookies HTTP (Sesión JSESSIONID)
2026-09-17 17:35:35,414 WARN o.a.j.p.h.s.HTTPSamplerBase: Existing CookieManager Gestor de Cookies HTTP (Sesión JSESSIONID) superseded by Gestor de Cookies HTTP (Sesión JSESSIONID)
2026-09-17 17:35:35,442 WARN o.a.j.p.h.s.HTTPSamplerBase: Existing CookieManager Gestor de Cookies HTTP (Sesión JSESSIONID) superseded by Gestor de Cookies HTTP (Sesión JSESSIONID)
2026-09-17 17:35:35,553 INFO o.a.j.t.JMeterThread: Thread started: 3. PRUEBA DE ESTRÉS (200 Usuarios Concurrentes - Pico) 1-34
2026-09-17 17:35:35,555 WARN o.a.j.p.h.s.HTTPSamplerBase: Existing CookieManager Gestor de Cookies HTTP (Sesión JSESSIONID) superseded by Gestor de Cookies HTTP (Sesión JSESSIONID)
2026-09-17 17:35:35,560 WARN o.a.j.p.h.s.HTTPSamplerBase: Existing CookieManager Gestor de Cookies HTTP (Sesión JSESSIONID) superseded by Gestor de Cookies HTTP (Sesión JSESSIONID)
2026-09-17 17:35:35,694 WARN o.a.j.p.h.s.HTTPSamplerBase: Existing CookieManager Gestor de Cookies HTTP (Sesión JSESSIONID) superseded by Gestor de Cookies HTTP (Sesión JSESSIONID)
2026-09-17 17:35:35,694 WARN o.a.j.p.h.s.HTTPSamplerBase: Existing CookieManager Gestor de Cookies HTTP (Sesión JSESSIONID) superseded by Gestor de Cookies HTTP (Sesión JSESSIONID)
2026-09-17 17:35:35,694 WARN o.a.j.p.h.s.HTTPSamplerBase: Existing CookieManager Gestor de Cookies HTTP (Sesión JSESSIONID) superseded by Gestor de Cookies HTTP (Sesión JSESSIONID)
2026-09-17 17:35:35,694 WARN o.a.j.p.h.s.HTTPSamplerBase: Existing CookieManager Gestor de Cookies HTTP (Sesión JSESSIONID) superseded by Gestor de Cookies HTTP (Sesión JSESSIONID)
2026-09-17 17:35:35,694 WARN o.a.j.p.h.s.HTTPSamplerBase: Existing CookieManager Gestor de Cookies HTTP (Sesión JSESSIONID) superseded by Gestor de Cookies HTTP (Sesión JSESSIONID)
2026-09-17 17:35:35,701 INFO o.a.j.t.JMeterThread: Thread started: 3. PRUEBA DE ESTRÉS (200 Usuarios Concurrentes - Pico) 1-35
2026-09-17 17:35:35,801 WARN o.a.j.p.h.s.HTTPSamplerBase: Existing CookieManager Gestor de Cookies HTTP (Sesión JSESSIONID) superseded by Gestor de Cookies HTTP (Sesión JSESSIONID)
2026-09-17 17:35:35,802 WARN o.a.j.p.h.s.HTTPSamplerBase: Existing CookieManager Gestor de Cookies HTTP (Sesión JSESSIONID) superseded by Gestor de Cookies HTTP (Sesión JSESSIONID)
2026-09-17 17:35:35,811 WARN o.a.j.p.h.s.HTTPSamplerBase: Existing CookieManager Gestor de Cookies HTTP (Sesión JSESSIONID) superseded by Gestor de Cookies HTTP (Sesión JSESSIONID)
2026-09-17 17:35:35,853 INFO o.a.j.t.JMeterThread: Thread started: 3. PRUEBA DE ESTRÉS (200 Usuarios Concurrentes - Pico) 1-36
2026-09-17 17:35:35,917 WARN o.a.j.p.h.s.HTTPSamplerBase: Existing CookieManager Gestor de Cookies HTTP (Sesión JSESSIONID) superseded by Gestor de Cookies HTTP (Sesión JSESSIONID)
2026-09-17 17:35:35,985 WARN o.a.j.p.h.s.HTTPSamplerBase: Existing CookieManager Gestor de Cookies HTTP (Sesión JSESSIONID) superseded by Gestor de Cookies HTTP (Sesión JSESSIONID)
2026-09-17 17:35:35,986 WARN o.a.j.p.h.s.HTTPSamplerBase: Existing CookieManager Gestor de Cookies HTTP (Sesión JSESSIONID) superseded by Gestor de Cookies HTTP (Sesión JSESSIONID)
2026-09-17 17:35:36,004 INFO o.a.j.t.JMeterThread: Thread started: 3. PRUEBA DE ESTRÉS (200 Usuarios Concurrentes - Pico) 1-37
2026-09-17 17:35:36,154 INFO o.a.j.t.JMeterThread: Thread started: 3. PRUEBA DE ESTRÉS (200 Usuarios Concurrentes - Pico) 1-38
2026-09-17 17:35:36,214 WARN o.a.j.p.h.s.HTTPSamplerBase: Existing CookieManager Gestor de Cookies HTTP (Sesión JSESSIONID) superseded by Gestor de Cookies HTTP (Sesión JSESSIONID)
2026-09-17 17:35:36,214 WARN o.a.j.p.h.s.HTTPSamplerBase: Existing CookieManager Gestor de Cookies HTTP (Sesión JSESSIONID) superseded by Gestor de Cookies HTTP (Sesión JSESSIONID)
2026-09-17 17:35:36,214 WARN o.a.j.p.h.s.HTTPSamplerBase: Existing CookieManager Gestor de Cookies HTTP (Sesión JSESSIONID) superseded by Gestor de Cookies HTTP (Sesión JSESSIONID)
2026-09-17 17:35:36,301 INFO o.a.j.t.JMeterThread: Thread started: 3. PRUEBA DE ESTRÉS (200 Usuarios Concurrentes - Pico) 1-39
2026-09-17 17:35:36,351 WARN o.a.j.p.h.s.HTTPSamplerBase: Existing CookieManager Gestor de Cookies HTTP (Sesión JSESSIONID) superseded by Gestor de Cookies HTTP (Sesión JSESSIONID)
2026-09-17 17:35:36,448 WARN o.a.j.p.h.s.HTTPSamplerBase: Existing CookieManager Gestor de Cookies HTTP (Sesión JSESSIONID) superseded by Gestor de Cookies HTTP (Sesión JSESSIONID)
2026-09-17 17:35:36,452 INFO o.a.j.t.JMeterThread: Thread started: 3. PRUEBA DE ESTRÉS (200 Usuarios Concurrentes - Pico) 1-40
2026-09-17 17:35:36,591 WARN o.a.j.p.h.s.HTTPSamplerBase: Existing CookieManager Gestor de Cookies HTTP (Sesión JSESSIONID) superseded by Gestor de Cookies HTTP (Sesión JSESSIONID)
2026-09-17 17:35:36,602 INFO o.a.j.t.JMeterThread: Thread started: 3. PRUEBA DE ESTRÉS (200 Usuarios Concurrentes - Pico) 1-41
2026-09-17 17:35:36,752 INFO o.a.j.t.JMeterThread: Thread started: 3. PRUEBA DE ESTRÉS (200 Usuarios Concurrentes - Pico) 1-42
2026-09-17 17:35:36,782 WARN o.a.j.p.h.s.HTTPSamplerBase: Existing CookieManager Gestor de Cookies HTTP (Sesión JSESSIONID) superseded by Gestor de Cookies HTTP (Sesión JSESSIONID)
2026-09-17 17:35:36,902 INFO o.a.j.t.JMeterThread: Thread started: 3. PRUEBA DE ESTRÉS (200 Usuarios Concurrentes - Pico) 1-43
2026-09-17 17:35:36,944 WARN o.a.j.p.h.s.HTTPSamplerBase: Existing CookieManager Gestor de Cookies HTTP (Sesión JSESSIONID) superseded by Gestor de Cookies HTTP (Sesión JSESSIONID)
2026-09-17 17:35:36,948 WARN o.a.j.p.h.s.HTTPSamplerBase: Existing CookieManager Gestor de Cookies HTTP (Sesión JSESSIONID) superseded by Gestor de Cookies HTTP (Sesión JSESSIONID)
2026-09-17 17:35:37,053 INFO o.a.j.t.JMeterThread: Thread started: 3. PRUEBA DE ESTRÉS (200 Usuarios Concurrentes - Pico) 1-44
2026-09-17 17:35:37,202 INFO o.a.j.t.JMeterThread: Thread started: 3. PRUEBA DE ESTRÉS (200 Usuarios Concurrentes - Pico) 1-45
2026-09-17 17:35:37,344 WARN o.a.j.p.h.s.HTTPSamplerBase: Existing CookieManager Gestor de Cookies HTTP (Sesión JSESSIONID) superseded by Gestor de Cookies HTTP (Sesión JSESSIONID)
2026-09-17 17:35:37,351 INFO o.a.j.t.JMeterThread: Thread started: 3. PRUEBA DE ESTRÉS (200 Usuarios Concurrentes - Pico) 1-46
2026-09-17 17:35:37,373 WARN o.a.j.p.h.s.HTTPSamplerBase: Existing CookieManager Gestor de Cookies HTTP (Sesión JSESSIONID) superseded by Gestor de Cookies HTTP (Sesión JSESSIONID)
2026-09-17 17:35:37,501 INFO o.a.j.t.JMeterThread: Thread started: 3. PRUEBA DE ESTRÉS (200 Usuarios Concurrentes - Pico) 1-47
2026-09-17 17:35:37,652 INFO o.a.j.t.JMeterThread: Thread started: 3. PRUEBA DE ESTRÉS (200 Usuarios Concurrentes - Pico) 1-48
2026-09-17 17:35:37,746 WARN o.a.j.p.h.s.HTTPSamplerBase: Existing CookieManager Gestor de Cookies HTTP (Sesión JSESSIONID) superseded by Gestor de Cookies HTTP (Sesión JSESSIONID)
2026-09-17 17:35:37,802 INFO o.a.j.t.JMeterThread: Thread started: 3. PRUEBA DE ESTRÉS (200 Usuarios Concurrentes - Pico) 1-49
2026-09-17 17:35:37,809 WARN o.a.j.p.h.s.HTTPSamplerBase: Existing CookieManager Gestor de Cookies HTTP (Sesión JSESSIONID) superseded by Gestor de Cookies HTTP (Sesión JSESSIONID)
2026-09-17 17:35:37,836 WARN o.a.j.p.h.s.HTTPSamplerBase: Existing CookieManager Gestor de Cookies HTTP (Sesión JSESSIONID) superseded by Gestor de Cookies HTTP (Sesión JSESSIONID)
2026-09-17 17:35:37,836 WARN o.a.j.p.h.s.HTTPSamplerBase: Existing CookieManager Gestor de Cookies HTTP (Sesión JSESSIONID) superseded by Gestor de Cookies HTTP (Sesión JSESSIONID)
2026-09-17 17:35:37,951 INFO o.a.j.t.JMeterThread: Thread started: 3. PRUEBA DE ESTRÉS (200 Usuarios Concurrentes - Pico) 1-50
2026-09-17 17:35:38,082 WARN o.a.j.p.h.s.HTTPSamplerBase: Existing CookieManager Gestor de Cookies HTTP (Sesión JSESSIONID) superseded by Gestor de Cookies HTTP (Sesión JSESSIONID)
2026-09-17 17:35:38,086 WARN o.a.j.p.h.s.HTTPSamplerBase: Existing CookieManager Gestor de Cookies HTTP (Sesión JSESSIONID) superseded by Gestor de Cookies HTTP (Sesión JSESSIONID)
2026-09-17 17:35:38,102 INFO o.a.j.t.JMeterThread: Thread started: 3. PRUEBA DE ESTRÉS (200 Usuarios Concurrentes - Pico) 1-51
2026-09-17 17:35:38,220 WARN o.a.j.p.h.s.HTTPSamplerBase: Existing CookieManager Gestor de Cookies HTTP (Sesión JSESSIONID) superseded by Gestor de Cookies HTTP (Sesión JSESSIONID)
2026-09-17 17:35:38,241 WARN o.a.j.p.h.s.HTTPSamplerBase: Existing CookieManager Gestor de Cookies HTTP (Sesión JSESSIONID) superseded by Gestor de Cookies HTTP (Sesión JSESSIONID)
2026-09-17 17:35:38,252 INFO o.a.j.t.JMeterThread: Thread started: 3. PRUEBA DE ESTRÉS (200 Usuarios Concurrentes - Pico) 1-52
2026-09-17 17:35:38,261 WARN o.a.j.p.h.s.HTTPSamplerBase: Existing CookieManager Gestor de Cookies HTTP (Sesión JSESSIONID) superseded by Gestor de Cookies HTTP (Sesión JSESSIONID)
2026-09-17 17:35:38,474 INFO o.a.j.t.JMeterThread: Thread started: 3. PRUEBA DE ESTRÉS (200 Usuarios Concurrentes - Pico) 1-53
2026-09-17 17:35:38,539 WARN o.a.j.p.h.s.HTTPSamplerBase: Existing CookieManager Gestor de Cookies HTTP (Sesión JSESSIONID) superseded by Gestor de Cookies HTTP (Sesión JSESSIONID)
2026-09-17 17:35:38,551 INFO o.a.j.t.JMeterThread: Thread started: 3. PRUEBA DE ESTRÉS (200 Usuarios Concurrentes - Pico) 1-54
2026-09-17 17:35:38,702 INFO o.a.j.t.JMeterThread: Thread started: 3. PRUEBA DE ESTRÉS (200 Usuarios Concurrentes - Pico) 1-55
2026-09-17 17:35:38,747 WARN o.a.j.p.h.s.HTTPSamplerBase: Existing CookieManager Gestor de Cookies HTTP (Sesión JSESSIONID) superseded by Gestor de Cookies HTTP (Sesión JSESSIONID)
2026-09-17 17:35:38,747 WARN o.a.j.p.h.s.HTTPSamplerBase: Existing CookieManager Gestor de Cookies HTTP (Sesión JSESSIONID) superseded by Gestor de Cookies HTTP (Sesión JSESSIONID)
2026-09-17 17:35:38,846 WARN o.a.j.p.h.s.HTTPSamplerBase: Existing CookieManager Gestor de Cookies HTTP (Sesión JSESSIONID) superseded by Gestor de Cookies HTTP (Sesión JSESSIONID)
2026-09-17 17:35:38,852 INFO o.a.j.t.JMeterThread: Thread started: 3. PRUEBA DE ESTRÉS (200 Usuarios Concurrentes - Pico) 1-56
2026-09-17 17:35:38,858 WARN o.a.j.p.h.s.HTTPSamplerBase: Existing CookieManager Gestor de Cookies HTTP (Sesión JSESSIONID) superseded by Gestor de Cookies HTTP (Sesión JSESSIONID)
2026-09-17 17:35:38,858 WARN o.a.j.p.h.s.HTTPSamplerBase: Existing CookieManager Gestor de Cookies HTTP (Sesión JSESSIONID) superseded by Gestor de Cookies HTTP (Sesión JSESSIONID)
2026-09-17 17:35:38,858 WARN o.a.j.p.h.s.HTTPSamplerBase: Existing CookieManager Gestor de Cookies HTTP (Sesión JSESSIONID) superseded by Gestor de Cookies HTTP (Sesión JSESSIONID)
2026-09-17 17:35:38,908 WARN o.a.j.p.h.s.HTTPSamplerBase: Existing CookieManager Gestor de Cookies HTTP (Sesión JSESSIONID) superseded by Gestor de Cookies HTTP (Sesión JSESSIONID)
2026-09-17 17:35:38,920 WARN o.a.j.p.h.s.HTTPSamplerBase: Existing CookieManager Gestor de Cookies HTTP (Sesión JSESSIONID) superseded by Gestor de Cookies HTTP (Sesión JSESSIONID)
2026-09-17 17:35:38,969 WARN o.a.j.p.h.s.HTTPSamplerBase: Existing CookieManager Gestor de Cookies HTTP (Sesión JSESSIONID) superseded by Gestor de Cookies HTTP (Sesión JSESSIONID)
2026-09-17 17:35:38,971 WARN o.a.j.p.h.s.HTTPSamplerBase: Existing CookieManager Gestor de Cookies HTTP (Sesión JSESSIONID) superseded by Gestor de Cookies HTTP (Sesión JSESSIONID)
2026-09-17 17:35:38,984 WARN o.a.j.p.h.s.HTTPSamplerBase: Existing CookieManager Gestor de Cookies HTTP (Sesión JSESSIONID) superseded by Gestor de Cookies HTTP (Sesión JSESSIONID)
2026-09-17 17:35:39,001 INFO o.a.j.t.JMeterThread: Thread started: 3. PRUEBA DE ESTRÉS (200 Usuarios Concurrentes - Pico) 1-57
2026-09-17 17:35:39,114 WARN o.a.j.p.h.s.HTTPSamplerBase: Existing CookieManager Gestor de Cookies HTTP (Sesión JSESSIONID) superseded by Gestor de Cookies HTTP (Sesión JSESSIONID)
2026-09-17 17:35:39,115 WARN o.a.j.p.h.s.HTTPSamplerBase: Existing CookieManager Gestor de Cookies HTTP (Sesión JSESSIONID) superseded by Gestor de Cookies HTTP (Sesión JSESSIONID)
2026-09-17 17:35:39,151 INFO o.a.j.t.JMeterThread: Thread started: 3. PRUEBA DE ESTRÉS (200 Usuarios Concurrentes - Pico) 1-58
2026-09-17 17:35:39,219 WARN o.a.j.p.h.s.HTTPSamplerBase: Existing CookieManager Gestor de Cookies HTTP (Sesión JSESSIONID) superseded by Gestor de Cookies HTTP (Sesión JSESSIONID)
2026-09-17 17:35:39,237 WARN o.a.j.p.h.s.HTTPSamplerBase: Existing CookieManager Gestor de Cookies HTTP (Sesión JSESSIONID) superseded by Gestor de Cookies HTTP (Sesión JSESSIONID)
2026-09-17 17:35:39,302 INFO o.a.j.t.JMeterThread: Thread started: 3. PRUEBA DE ESTRÉS (200 Usuarios Concurrentes - Pico) 1-59
2026-09-17 17:35:39,316 WARN o.a.j.p.h.s.HTTPSamplerBase: Existing CookieManager Gestor de Cookies HTTP (Sesión JSESSIONID) superseded by Gestor de Cookies HTTP (Sesión JSESSIONID)
2026-09-17 17:35:39,407 WARN o.a.j.p.h.s.HTTPSamplerBase: Existing CookieManager Gestor de Cookies HTTP (Sesión JSESSIONID) superseded by Gestor de Cookies HTTP (Sesión JSESSIONID)
2026-09-17 17:35:39,407 WARN o.a.j.p.h.s.HTTPSamplerBase: Existing CookieManager Gestor de Cookies HTTP (Sesión JSESSIONID) superseded by Gestor de Cookies HTTP (Sesión JSESSIONID)
2026-09-17 17:35:39,437 WARN o.a.j.p.h.s.HTTPSamplerBase: Existing CookieManager Gestor de Cookies HTTP (Sesión JSESSIONID) superseded by Gestor de Cookies HTTP (Sesión JSESSIONID)
2026-09-17 17:35:39,451 INFO o.a.j.t.JMeterThread: Thread started: 3. PRUEBA DE ESTRÉS (200 Usuarios Concurrentes - Pico) 1-60
2026-09-17 17:35:39,470 WARN o.a.j.p.h.s.HTTPSamplerBase: Existing CookieManager Gestor de Cookies HTTP (Sesión JSESSIONID) superseded by Gestor de Cookies HTTP (Sesión JSESSIONID)
2026-09-17 17:35:39,489 WARN o.a.j.p.h.s.HTTPSamplerBase: Existing CookieManager Gestor de Cookies HTTP (Sesión JSESSIONID) superseded by Gestor de Cookies HTTP (Sesión JSESSIONID)
2026-09-17 17:35:39,489 WARN o.a.j.p.h.s.HTTPSamplerBase: Existing CookieManager Gestor de Cookies HTTP (Sesión JSESSIONID) superseded by Gestor de Cookies HTTP (Sesión JSESSIONID)
2026-09-17 17:35:39,499 WARN o.a.j.p.h.s.HTTPSamplerBase: Existing CookieManager Gestor de Cookies HTTP (Sesión JSESSIONID) superseded by Gestor de Cookies HTTP (Sesión JSESSIONID)
2026-09-17 17:35:39,501 WARN o.a.j.p.h.s.HTTPSamplerBase: Existing CookieManager Gestor de Cookies HTTP (Sesión JSESSIONID) superseded by Gestor de Cookies HTTP (Sesión JSESSIONID)
2026-09-17 17:35:39,566 WARN o.a.j.p.h.s.HTTPSamplerBase: Existing CookieManager Gestor de Cookies HTTP (Sesión JSESSIONID) superseded by Gestor de Cookies HTTP (Sesión JSESSIONID)
2026-09-17 17:35:39,601 INFO o.a.j.t.JMeterThread: Thread started: 3. PRUEBA DE ESTRÉS (200 Usuarios Concurrentes - Pico) 1-61
2026-09-17 17:35:39,607 WARN o.a.j.p.h.s.HTTPSamplerBase: Existing CookieManager Gestor de Cookies HTTP (Sesión JSESSIONID) superseded by Gestor de Cookies HTTP (Sesión JSESSIONID)
2026-09-17 17:35:39,612 WARN o.a.j.p.h.s.HTTPSamplerBase: Existing CookieManager Gestor de Cookies HTTP (Sesión JSESSIONID) superseded by Gestor de Cookies HTTP (Sesión JSESSIONID)
2026-09-17 17:35:39,752 INFO o.a.j.t.JMeterThread: Thread started: 3. PRUEBA DE ESTRÉS (200 Usuarios Concurrentes - Pico) 1-62
2026-09-17 17:35:39,771 WARN o.a.j.p.h.s.HTTPSamplerBase: Existing CookieManager Gestor de Cookies HTTP (Sesión JSESSIONID) superseded by Gestor de Cookies HTTP (Sesión JSESSIONID)
2026-09-17 17:35:39,813 WARN o.a.j.p.h.s.HTTPSamplerBase: Existing CookieManager Gestor de Cookies HTTP (Sesión JSESSIONID) superseded by Gestor de Cookies HTTP (Sesión JSESSIONID)
2026-09-17 17:35:39,813 WARN o.a.j.p.h.s.HTTPSamplerBase: Existing CookieManager Gestor de Cookies HTTP (Sesión JSESSIONID) superseded by Gestor de Cookies HTTP (Sesión JSESSIONID)
2026-09-17 17:35:39,877 WARN o.a.j.p.h.s.HTTPSamplerBase: Existing CookieManager Gestor de Cookies HTTP (Sesión JSESSIONID) superseded by Gestor de Cookies HTTP (Sesión JSESSIONID)
2026-09-17 17:35:39,902 INFO o.a.j.t.JMeterThread: Thread started: 3. PRUEBA DE ESTRÉS (200 Usuarios Concurrentes - Pico) 1-63
2026-09-17 17:35:40,053 INFO o.a.j.t.JMeterThread: Thread started: 3. PRUEBA DE ESTRÉS (200 Usuarios Concurrentes - Pico) 1-64
2026-09-17 17:35:40,087 WARN o.a.j.p.h.s.HTTPSamplerBase: Existing CookieManager Gestor de Cookies HTTP (Sesión JSESSIONID) superseded by Gestor de Cookies HTTP (Sesión JSESSIONID)
2026-09-17 17:35:40,101 WARN o.a.j.p.h.s.HTTPSamplerBase: Existing CookieManager Gestor de Cookies HTTP (Sesión JSESSIONID) superseded by Gestor de Cookies HTTP (Sesión JSESSIONID)
2026-09-17 17:35:40,102 WARN o.a.j.p.h.s.HTTPSamplerBase: Existing CookieManager Gestor de Cookies HTTP (Sesión JSESSIONID) superseded by Gestor de Cookies HTTP (Sesión JSESSIONID)
2026-09-17 17:35:40,204 INFO o.a.j.t.JMeterThread: Thread started: 3. PRUEBA DE ESTRÉS (200 Usuarios Concurrentes - Pico) 1-65
2026-09-17 17:35:40,252 WARN o.a.j.p.h.s.HTTPSamplerBase: Existing CookieManager Gestor de Cookies HTTP (Sesión JSESSIONID) superseded by Gestor de Cookies HTTP (Sesión JSESSIONID)
2026-09-17 17:35:40,252 WARN o.a.j.p.h.s.HTTPSamplerBase: Existing CookieManager Gestor de Cookies HTTP (Sesión JSESSIONID) superseded by Gestor de Cookies HTTP (Sesión JSESSIONID)
2026-09-17 17:35:40,252 WARN o.a.j.p.h.s.HTTPSamplerBase: Existing CookieManager Gestor de Cookies HTTP (Sesión JSESSIONID) superseded by Gestor de Cookies HTTP (Sesión JSESSIONID)
2026-09-17 17:35:40,301 WARN o.a.j.p.h.s.HTTPSamplerBase: Existing CookieManager Gestor de Cookies HTTP (Sesión JSESSIONID) superseded by Gestor de Cookies HTTP (Sesión JSESSIONID)
2026-09-17 17:35:40,303 WARN o.a.j.p.h.s.HTTPSamplerBase: Existing CookieManager Gestor de Cookies HTTP (Sesión JSESSIONID) superseded by Gestor de Cookies HTTP (Sesión JSESSIONID)
2026-09-17 17:35:40,352 INFO o.a.j.t.JMeterThread: Thread started: 3. PRUEBA DE ESTRÉS (200 Usuarios Concurrentes - Pico) 1-66
2026-09-17 17:35:40,367 WARN o.a.j.p.h.s.HTTPSamplerBase: Existing CookieManager Gestor de Cookies HTTP (Sesión JSESSIONID) superseded by Gestor de Cookies HTTP (Sesión JSESSIONID)
2026-09-17 17:35:40,403 WARN o.a.j.p.h.s.HTTPSamplerBase: Existing CookieManager Gestor de Cookies HTTP (Sesión JSESSIONID) superseded by Gestor de Cookies HTTP (Sesión JSESSIONID)
2026-09-17 17:35:40,502 INFO o.a.j.t.JMeterThread: Thread started: 3. PRUEBA DE ESTRÉS (200 Usuarios Concurrentes - Pico) 1-67
2026-09-17 17:35:40,544 WARN o.a.j.p.h.s.HTTPSamplerBase: Existing CookieManager Gestor de Cookies HTTP (Sesión JSESSIONID) superseded by Gestor de Cookies HTTP (Sesión JSESSIONID)
2026-09-17 17:35:40,584 WARN o.a.j.p.h.s.HTTPSamplerBase: Existing CookieManager Gestor de Cookies HTTP (Sesión JSESSIONID) superseded by Gestor de Cookies HTTP (Sesión JSESSIONID)
2026-09-17 17:35:40,584 WARN o.a.j.p.h.s.HTTPSamplerBase: Existing CookieManager Gestor de Cookies HTTP (Sesión JSESSIONID) superseded by Gestor de Cookies HTTP (Sesión JSESSIONID)
2026-09-17 17:35:40,590 WARN o.a.j.p.h.s.HTTPSamplerBase: Existing CookieManager Gestor de Cookies HTTP (Sesión JSESSIONID) superseded by Gestor de Cookies HTTP (Sesión JSESSIONID)
2026-09-17 17:35:40,590 WARN o.a.j.p.h.s.HTTPSamplerBase: Existing CookieManager Gestor de Cookies HTTP (Sesión JSESSIONID) superseded by Gestor de Cookies HTTP (Sesión JSESSIONID)
2026-09-17 17:35:40,652 INFO o.a.j.t.JMeterThread: Thread started: 3. PRUEBA DE ESTRÉS (200 Usuarios Concurrentes - Pico) 1-68
2026-09-17 17:35:40,740 WARN o.a.j.p.h.s.HTTPSamplerBase: Existing CookieManager Gestor de Cookies HTTP (Sesión JSESSIONID) superseded by Gestor de Cookies HTTP (Sesión JSESSIONID)
2026-09-17 17:35:40,740 WARN o.a.j.p.h.s.HTTPSamplerBase: Existing CookieManager Gestor de Cookies HTTP (Sesión JSESSIONID) superseded by Gestor de Cookies HTTP (Sesión JSESSIONID)
2026-09-17 17:35:40,768 WARN o.a.j.p.h.s.HTTPSamplerBase: Existing CookieManager Gestor de Cookies HTTP (Sesión JSESSIONID) superseded by Gestor de Cookies HTTP (Sesión JSESSIONID)
2026-09-17 17:35:40,806 INFO o.a.j.t.JMeterThread: Thread started: 3. PRUEBA DE ESTRÉS (200 Usuarios Concurrentes - Pico) 1-69
2026-09-17 17:35:40,858 WARN o.a.j.p.h.s.HTTPSamplerBase: Existing CookieManager Gestor de Cookies HTTP (Sesión JSESSIONID) superseded by Gestor de Cookies HTTP (Sesión JSESSIONID)
2026-09-17 17:35:40,946 WARN o.a.j.p.h.s.HTTPSamplerBase: Existing CookieManager Gestor de Cookies HTTP (Sesión JSESSIONID) superseded by Gestor de Cookies HTTP (Sesión JSESSIONID)
2026-09-17 17:35:40,953 INFO o.a.j.t.JMeterThread: Thread started: 3. PRUEBA DE ESTRÉS (200 Usuarios Concurrentes - Pico) 1-70
2026-09-17 17:35:40,985 WARN o.a.j.p.h.s.HTTPSamplerBase: Existing CookieManager Gestor de Cookies HTTP (Sesión JSESSIONID) superseded by Gestor de Cookies HTTP (Sesión JSESSIONID)
2026-09-17 17:35:40,985 WARN o.a.j.p.h.s.HTTPSamplerBase: Existing CookieManager Gestor de Cookies HTTP (Sesión JSESSIONID) superseded by Gestor de Cookies HTTP (Sesión JSESSIONID)
2026-09-17 17:35:41,078 WARN o.a.j.p.h.s.HTTPSamplerBase: Existing CookieManager Gestor de Cookies HTTP (Sesión JSESSIONID) superseded by Gestor de Cookies HTTP (Sesión JSESSIONID)
2026-09-17 17:35:41,102 INFO o.a.j.t.JMeterThread: Thread started: 3. PRUEBA DE ESTRÉS (200 Usuarios Concurrentes - Pico) 1-71
2026-09-17 17:35:41,225 WARN o.a.j.p.h.s.HTTPSamplerBase: Existing CookieManager Gestor de Cookies HTTP (Sesión JSESSIONID) superseded by Gestor de Cookies HTTP (Sesión JSESSIONID)
2026-09-17 17:35:41,252 INFO o.a.j.t.JMeterThread: Thread started: 3. PRUEBA DE ESTRÉS (200 Usuarios Concurrentes - Pico) 1-72
2026-09-17 17:35:41,402 INFO o.a.j.t.JMeterThread: Thread started: 3. PRUEBA DE ESTRÉS (200 Usuarios Concurrentes - Pico) 1-73
2026-09-17 17:35:41,455 WARN o.a.j.p.h.s.HTTPSamplerBase: Existing CookieManager Gestor de Cookies HTTP (Sesión JSESSIONID) superseded by Gestor de Cookies HTTP (Sesión JSESSIONID)
2026-09-17 17:35:41,475 WARN o.a.j.p.h.s.HTTPSamplerBase: Existing CookieManager Gestor de Cookies HTTP (Sesión JSESSIONID) superseded by Gestor de Cookies HTTP (Sesión JSESSIONID)
2026-09-17 17:35:41,552 INFO o.a.j.t.JMeterThread: Thread started: 3. PRUEBA DE ESTRÉS (200 Usuarios Concurrentes - Pico) 1-74
2026-09-17 17:35:41,703 INFO o.a.j.t.JMeterThread: Thread started: 3. PRUEBA DE ESTRÉS (200 Usuarios Concurrentes - Pico) 1-75
2026-09-17 17:35:41,771 WARN o.a.j.p.h.s.HTTPSamplerBase: Existing CookieManager Gestor de Cookies HTTP (Sesión JSESSIONID) superseded by Gestor de Cookies HTTP (Sesión JSESSIONID)
2026-09-17 17:35:41,795 WARN o.a.j.p.h.s.HTTPSamplerBase: Existing CookieManager Gestor de Cookies HTTP (Sesión JSESSIONID) superseded by Gestor de Cookies HTTP (Sesión JSESSIONID)
2026-09-17 17:35:41,853 INFO o.a.j.t.JMeterThread: Thread started: 3. PRUEBA DE ESTRÉS (200 Usuarios Concurrentes - Pico) 1-76
2026-09-17 17:35:41,858 WARN o.a.j.p.h.s.HTTPSamplerBase: Existing CookieManager Gestor de Cookies HTTP (Sesión JSESSIONID) superseded by Gestor de Cookies HTTP (Sesión JSESSIONID)
2026-09-17 17:35:41,981 WARN o.a.j.p.h.s.HTTPSamplerBase: Existing CookieManager Gestor de Cookies HTTP (Sesión JSESSIONID) superseded by Gestor de Cookies HTTP (Sesión JSESSIONID)
2026-09-17 17:35:42,002 INFO o.a.j.t.JMeterThread: Thread started: 3. PRUEBA DE ESTRÉS (200 Usuarios Concurrentes - Pico) 1-77
2026-09-17 17:35:42,059 WARN o.a.j.p.h.s.HTTPSamplerBase: Existing CookieManager Gestor de Cookies HTTP (Sesión JSESSIONID) superseded by Gestor de Cookies HTTP (Sesión JSESSIONID)
2026-09-17 17:35:42,072 WARN o.a.j.p.h.s.HTTPSamplerBase: Existing CookieManager Gestor de Cookies HTTP (Sesión JSESSIONID) superseded by Gestor de Cookies HTTP (Sesión JSESSIONID)
2026-09-17 17:35:42,125 WARN o.a.j.p.h.s.HTTPSamplerBase: Existing CookieManager Gestor de Cookies HTTP (Sesión JSESSIONID) superseded by Gestor de Cookies HTTP (Sesión JSESSIONID)
2026-09-17 17:35:42,152 INFO o.a.j.t.JMeterThread: Thread started: 3. PRUEBA DE ESTRÉS (200 Usuarios Concurrentes - Pico) 1-78
2026-09-17 17:35:42,226 WARN o.a.j.p.h.s.HTTPSamplerBase: Existing CookieManager Gestor de Cookies HTTP (Sesión JSESSIONID) superseded by Gestor de Cookies HTTP (Sesión JSESSIONID)
2026-09-17 17:35:42,226 WARN o.a.j.p.h.s.HTTPSamplerBase: Existing CookieManager Gestor de Cookies HTTP (Sesión JSESSIONID) superseded by Gestor de Cookies HTTP (Sesión JSESSIONID)
2026-09-17 17:35:42,302 INFO o.a.j.t.JMeterThread: Thread started: 3. PRUEBA DE ESTRÉS (200 Usuarios Concurrentes - Pico) 1-79
2026-09-17 17:35:42,452 INFO o.a.j.t.JMeterThread: Thread started: 3. PRUEBA DE ESTRÉS (200 Usuarios Concurrentes - Pico) 1-80
2026-09-17 17:35:42,603 INFO o.a.j.t.JMeterThread: Thread started: 3. PRUEBA DE ESTRÉS (200 Usuarios Concurrentes - Pico) 1-81
2026-09-17 17:35:42,753 INFO o.a.j.t.JMeterThread: Thread started: 3. PRUEBA DE ESTRÉS (200 Usuarios Concurrentes - Pico) 1-82
2026-09-17 17:35:42,816 WARN o.a.j.p.h.s.HTTPSamplerBase: Existing CookieManager Gestor de Cookies HTTP (Sesión JSESSIONID) superseded by Gestor de Cookies HTTP (Sesión JSESSIONID)
2026-09-17 17:35:42,903 INFO o.a.j.t.JMeterThread: Thread started: 3. PRUEBA DE ESTRÉS (200 Usuarios Concurrentes - Pico) 1-83
2026-09-17 17:35:43,052 INFO o.a.j.t.JMeterThread: Thread started: 3. PRUEBA DE ESTRÉS (200 Usuarios Concurrentes - Pico) 1-84
2026-09-17 17:35:43,061 WARN o.a.j.p.h.s.HTTPSamplerBase: Existing CookieManager Gestor de Cookies HTTP (Sesión JSESSIONID) superseded by Gestor de Cookies HTTP (Sesión JSESSIONID)
2026-09-17 17:35:43,203 INFO o.a.j.t.JMeterThread: Thread started: 3. PRUEBA DE ESTRÉS (200 Usuarios Concurrentes - Pico) 1-85
2026-09-17 17:35:43,263 WARN o.a.j.p.h.s.HTTPSamplerBase: Existing CookieManager Gestor de Cookies HTTP (Sesión JSESSIONID) superseded by Gestor de Cookies HTTP (Sesión JSESSIONID)
2026-09-17 17:35:43,263 WARN o.a.j.p.h.s.HTTPSamplerBase: Existing CookieManager Gestor de Cookies HTTP (Sesión JSESSIONID) superseded by Gestor de Cookies HTTP (Sesión JSESSIONID)
2026-09-17 17:35:43,291 WARN o.a.j.p.h.s.HTTPSamplerBase: Existing CookieManager Gestor de Cookies HTTP (Sesión JSESSIONID) superseded by Gestor de Cookies HTTP (Sesión JSESSIONID)
2026-09-17 17:35:43,350 WARN o.a.j.p.h.s.HTTPSamplerBase: Existing CookieManager Gestor de Cookies HTTP (Sesión JSESSIONID) superseded by Gestor de Cookies HTTP (Sesión JSESSIONID)
2026-09-17 17:35:43,353 INFO o.a.j.t.JMeterThread: Thread started: 3. PRUEBA DE ESTRÉS (200 Usuarios Concurrentes - Pico) 1-86
2026-09-17 17:35:43,502 INFO o.a.j.t.JMeterThread: Thread started: 3. PRUEBA DE ESTRÉS (200 Usuarios Concurrentes - Pico) 1-87
2026-09-17 17:35:43,623 WARN o.a.j.p.h.s.HTTPSamplerBase: Existing CookieManager Gestor de Cookies HTTP (Sesión JSESSIONID) superseded by Gestor de Cookies HTTP (Sesión JSESSIONID)
2026-09-17 17:35:43,652 INFO o.a.j.t.JMeterThread: Thread started: 3. PRUEBA DE ESTRÉS (200 Usuarios Concurrentes - Pico) 1-88
2026-09-17 17:35:43,769 WARN o.a.j.p.h.s.HTTPSamplerBase: Existing CookieManager Gestor de Cookies HTTP (Sesión JSESSIONID) superseded by Gestor de Cookies HTTP (Sesión JSESSIONID)
2026-09-17 17:35:43,769 WARN o.a.j.p.h.s.HTTPSamplerBase: Existing CookieManager Gestor de Cookies HTTP (Sesión JSESSIONID) superseded by Gestor de Cookies HTTP (Sesión JSESSIONID)
2026-09-17 17:35:43,801 INFO o.a.j.t.JMeterThread: Thread started: 3. PRUEBA DE ESTRÉS (200 Usuarios Concurrentes - Pico) 1-89
2026-09-17 17:35:43,904 WARN o.a.j.p.h.s.HTTPSamplerBase: Existing CookieManager Gestor de Cookies HTTP (Sesión JSESSIONID) superseded by Gestor de Cookies HTTP (Sesión JSESSIONID)
2026-09-17 17:35:43,908 WARN o.a.j.p.h.s.HTTPSamplerBase: Existing CookieManager Gestor de Cookies HTTP (Sesión JSESSIONID) superseded by Gestor de Cookies HTTP (Sesión JSESSIONID)
2026-09-17 17:35:43,952 INFO o.a.j.t.JMeterThread: Thread started: 3. PRUEBA DE ESTRÉS (200 Usuarios Concurrentes - Pico) 1-90
2026-09-17 17:35:43,994 WARN o.a.j.p.h.s.HTTPSamplerBase: Existing CookieManager Gestor de Cookies HTTP (Sesión JSESSIONID) superseded by Gestor de Cookies HTTP (Sesión JSESSIONID)
2026-09-17 17:35:43,996 WARN o.a.j.p.h.s.HTTPSamplerBase: Existing CookieManager Gestor de Cookies HTTP (Sesión JSESSIONID) superseded by Gestor de Cookies HTTP (Sesión JSESSIONID)
2026-09-17 17:35:44,092 WARN o.a.j.p.h.s.HTTPSamplerBase: Existing CookieManager Gestor de Cookies HTTP (Sesión JSESSIONID) superseded by Gestor de Cookies HTTP (Sesión JSESSIONID)
2026-09-17 17:35:44,102 INFO o.a.j.t.JMeterThread: Thread started: 3. PRUEBA DE ESTRÉS (200 Usuarios Concurrentes - Pico) 1-91
2026-09-17 17:35:44,237 WARN o.a.j.p.h.s.HTTPSamplerBase: Existing CookieManager Gestor de Cookies HTTP (Sesión JSESSIONID) superseded by Gestor de Cookies HTTP (Sesión JSESSIONID)
2026-09-17 17:35:44,237 WARN o.a.j.p.h.s.HTTPSamplerBase: Existing CookieManager Gestor de Cookies HTTP (Sesión JSESSIONID) superseded by Gestor de Cookies HTTP (Sesión JSESSIONID)
2026-09-17 17:35:44,252 INFO o.a.j.t.JMeterThread: Thread started: 3. PRUEBA DE ESTRÉS (200 Usuarios Concurrentes - Pico) 1-92
2026-09-17 17:35:44,317 WARN o.a.j.p.h.s.HTTPSamplerBase: Existing CookieManager Gestor de Cookies HTTP (Sesión JSESSIONID) superseded by Gestor de Cookies HTTP (Sesión JSESSIONID)
2026-09-17 17:35:44,322 WARN o.a.j.p.h.s.HTTPSamplerBase: Existing CookieManager Gestor de Cookies HTTP (Sesión JSESSIONID) superseded by Gestor de Cookies HTTP (Sesión JSESSIONID)
2026-09-17 17:35:44,401 INFO o.a.j.t.JMeterThread: Thread started: 3. PRUEBA DE ESTRÉS (200 Usuarios Concurrentes - Pico) 1-93
2026-09-17 17:35:44,552 INFO o.a.j.t.JMeterThread: Thread started: 3. PRUEBA DE ESTRÉS (200 Usuarios Concurrentes - Pico) 1-94
2026-09-17 17:35:44,559 WARN o.a.j.p.h.s.HTTPSamplerBase: Existing CookieManager Gestor de Cookies HTTP (Sesión JSESSIONID) superseded by Gestor de Cookies HTTP (Sesión JSESSIONID)
2026-09-17 17:35:44,702 INFO o.a.j.t.JMeterThread: Thread started: 3. PRUEBA DE ESTRÉS (200 Usuarios Concurrentes - Pico) 1-95
2026-09-17 17:35:44,832 WARN o.a.j.p.h.s.HTTPSamplerBase: Existing CookieManager Gestor de Cookies HTTP (Sesión JSESSIONID) superseded by Gestor de Cookies HTTP (Sesión JSESSIONID)
2026-09-17 17:35:44,852 INFO o.a.j.t.JMeterThread: Thread started: 3. PRUEBA DE ESTRÉS (200 Usuarios Concurrentes - Pico) 1-96
2026-09-17 17:35:44,960 WARN o.a.j.p.h.s.HTTPSamplerBase: Existing CookieManager Gestor de Cookies HTTP (Sesión JSESSIONID) superseded by Gestor de Cookies HTTP (Sesión JSESSIONID)
2026-09-17 17:35:45,002 INFO o.a.j.t.JMeterThread: Thread started: 3. PRUEBA DE ESTRÉS (200 Usuarios Concurrentes - Pico) 1-97
2026-09-17 17:35:45,079 WARN o.a.j.p.h.s.HTTPSamplerBase: Existing CookieManager Gestor de Cookies HTTP (Sesión JSESSIONID) superseded by Gestor de Cookies HTTP (Sesión JSESSIONID)
2026-09-17 17:35:45,080 WARN o.a.j.p.h.s.HTTPSamplerBase: Existing CookieManager Gestor de Cookies HTTP (Sesión JSESSIONID) superseded by Gestor de Cookies HTTP (Sesión JSESSIONID)
2026-09-17 17:35:45,080 WARN o.a.j.p.h.s.HTTPSamplerBase: Existing CookieManager Gestor de Cookies HTTP (Sesión JSESSIONID) superseded by Gestor de Cookies HTTP (Sesión JSESSIONID)
2026-09-17 17:35:45,133 WARN o.a.j.p.h.s.HTTPSamplerBase: Existing CookieManager Gestor de Cookies HTTP (Sesión JSESSIONID) superseded by Gestor de Cookies HTTP (Sesión JSESSIONID)
2026-09-17 17:35:45,143 WARN o.a.j.p.h.s.HTTPSamplerBase: Existing CookieManager Gestor de Cookies HTTP (Sesión JSESSIONID) superseded by Gestor de Cookies HTTP (Sesión JSESSIONID)
2026-09-17 17:35:45,152 INFO o.a.j.t.JMeterThread: Thread started: 3. PRUEBA DE ESTRÉS (200 Usuarios Concurrentes - Pico) 1-98
2026-09-17 17:35:45,260 WARN o.a.j.p.h.s.HTTPSamplerBase: Existing CookieManager Gestor de Cookies HTTP (Sesión JSESSIONID) superseded by Gestor de Cookies HTTP (Sesión JSESSIONID)
2026-09-17 17:35:45,280 WARN o.a.j.p.h.s.HTTPSamplerBase: Existing CookieManager Gestor de Cookies HTTP (Sesión JSESSIONID) superseded by Gestor de Cookies HTTP (Sesión JSESSIONID)
2026-09-17 17:35:45,301 INFO o.a.j.t.JMeterThread: Thread started: 3. PRUEBA DE ESTRÉS (200 Usuarios Concurrentes - Pico) 1-99
2026-09-17 17:35:45,348 WARN o.a.j.p.h.s.HTTPSamplerBase: Existing CookieManager Gestor de Cookies HTTP (Sesión JSESSIONID) superseded by Gestor de Cookies HTTP (Sesión JSESSIONID)
2026-09-17 17:35:45,408 WARN o.a.j.p.h.s.HTTPSamplerBase: Existing CookieManager Gestor de Cookies HTTP (Sesión JSESSIONID) superseded by Gestor de Cookies HTTP (Sesión JSESSIONID)
2026-09-17 17:35:45,451 INFO o.a.j.t.JMeterThread: Thread started: 3. PRUEBA DE ESTRÉS (200 Usuarios Concurrentes - Pico) 1-100
2026-09-17 17:35:45,474 WARN o.a.j.p.h.s.HTTPSamplerBase: Existing CookieManager Gestor de Cookies HTTP (Sesión JSESSIONID) superseded by Gestor de Cookies HTTP (Sesión JSESSIONID)
2026-09-17 17:35:45,490 WARN o.a.j.p.h.s.HTTPSamplerBase: Existing CookieManager Gestor de Cookies HTTP (Sesión JSESSIONID) superseded by Gestor de Cookies HTTP (Sesión JSESSIONID)
2026-09-17 17:35:45,503 WARN o.a.j.p.h.s.HTTPSamplerBase: Existing CookieManager Gestor de Cookies HTTP (Sesión JSESSIONID) superseded by Gestor de Cookies HTTP (Sesión JSESSIONID)
2026-09-17 17:35:45,595 WARN o.a.j.p.h.s.HTTPSamplerBase: Existing CookieManager Gestor de Cookies HTTP (Sesión JSESSIONID) superseded by Gestor de Cookies HTTP (Sesión JSESSIONID)
2026-09-17 17:35:45,601 INFO o.a.j.t.JMeterThread: Thread started: 3. PRUEBA DE ESTRÉS (200 Usuarios Concurrentes - Pico) 1-101
2026-09-17 17:35:45,751 INFO o.a.j.t.JMeterThread: Thread started: 3. PRUEBA DE ESTRÉS (200 Usuarios Concurrentes - Pico) 1-102
2026-09-17 17:35:45,770 WARN o.a.j.p.h.s.HTTPSamplerBase: Existing CookieManager Gestor de Cookies HTTP (Sesión JSESSIONID) superseded by Gestor de Cookies HTTP (Sesión JSESSIONID)
2026-09-17 17:35:45,771 WARN o.a.j.p.h.s.HTTPSamplerBase: Existing CookieManager Gestor de Cookies HTTP (Sesión JSESSIONID) superseded by Gestor de Cookies HTTP (Sesión JSESSIONID)
2026-09-17 17:35:45,771 WARN o.a.j.p.h.s.HTTPSamplerBase: Existing CookieManager Gestor de Cookies HTTP (Sesión JSESSIONID) superseded by Gestor de Cookies HTTP (Sesión JSESSIONID)
2026-09-17 17:35:45,902 INFO o.a.j.t.JMeterThread: Thread started: 3. PRUEBA DE ESTRÉS (200 Usuarios Concurrentes - Pico) 1-103
2026-09-17 17:35:46,053 INFO o.a.j.t.JMeterThread: Thread started: 3. PRUEBA DE ESTRÉS (200 Usuarios Concurrentes - Pico) 1-104
2026-09-17 17:35:46,057 WARN o.a.j.p.h.s.HTTPSamplerBase: Existing CookieManager Gestor de Cookies HTTP (Sesión JSESSIONID) superseded by Gestor de Cookies HTTP (Sesión JSESSIONID)
2026-09-17 17:35:46,079 WARN o.a.j.p.h.s.HTTPSamplerBase: Existing CookieManager Gestor de Cookies HTTP (Sesión JSESSIONID) superseded by Gestor de Cookies HTTP (Sesión JSESSIONID)
2026-09-17 17:35:46,201 INFO o.a.j.t.JMeterThread: Thread started: 3. PRUEBA DE ESTRÉS (200 Usuarios Concurrentes - Pico) 1-105
2026-09-17 17:35:46,351 INFO o.a.j.t.JMeterThread: Thread started: 3. PRUEBA DE ESTRÉS (200 Usuarios Concurrentes - Pico) 1-106
2026-09-17 17:35:46,361 WARN o.a.j.p.h.s.HTTPSamplerBase: Existing CookieManager Gestor de Cookies HTTP (Sesión JSESSIONID) superseded by Gestor de Cookies HTTP (Sesión JSESSIONID)
2026-09-17 17:35:46,448 WARN o.a.j.p.h.s.HTTPSamplerBase: Existing CookieManager Gestor de Cookies HTTP (Sesión JSESSIONID) superseded by Gestor de Cookies HTTP (Sesión JSESSIONID)
2026-09-17 17:35:46,449 WARN o.a.j.p.h.s.HTTPSamplerBase: Existing CookieManager Gestor de Cookies HTTP (Sesión JSESSIONID) superseded by Gestor de Cookies HTTP (Sesión JSESSIONID)
2026-09-17 17:35:46,502 INFO o.a.j.t.JMeterThread: Thread started: 3. PRUEBA DE ESTRÉS (200 Usuarios Concurrentes - Pico) 1-107
2026-09-17 17:35:46,609 WARN o.a.j.p.h.s.HTTPSamplerBase: Existing CookieManager Gestor de Cookies HTTP (Sesión JSESSIONID) superseded by Gestor de Cookies HTTP (Sesión JSESSIONID)
2026-09-17 17:35:46,611 WARN o.a.j.p.h.s.HTTPSamplerBase: Existing CookieManager Gestor de Cookies HTTP (Sesión JSESSIONID) superseded by Gestor de Cookies HTTP (Sesión JSESSIONID)
2026-09-17 17:35:46,618 WARN o.a.j.p.h.s.HTTPSamplerBase: Existing CookieManager Gestor de Cookies HTTP (Sesión JSESSIONID) superseded by Gestor de Cookies HTTP (Sesión JSESSIONID)
2026-09-17 17:35:46,652 INFO o.a.j.t.JMeterThread: Thread started: 3. PRUEBA DE ESTRÉS (200 Usuarios Concurrentes - Pico) 1-108
2026-09-17 17:35:46,746 WARN o.a.j.p.h.s.HTTPSamplerBase: Existing CookieManager Gestor de Cookies HTTP (Sesión JSESSIONID) superseded by Gestor de Cookies HTTP (Sesión JSESSIONID)
2026-09-17 17:35:46,746 WARN o.a.j.p.h.s.HTTPSamplerBase: Existing CookieManager Gestor de Cookies HTTP (Sesión JSESSIONID) superseded by Gestor de Cookies HTTP (Sesión JSESSIONID)
2026-09-17 17:35:46,746 WARN o.a.j.p.h.s.HTTPSamplerBase: Existing CookieManager Gestor de Cookies HTTP (Sesión JSESSIONID) superseded by Gestor de Cookies HTTP (Sesión JSESSIONID)
2026-09-17 17:35:46,746 WARN o.a.j.p.h.s.HTTPSamplerBase: Existing CookieManager Gestor de Cookies HTTP (Sesión JSESSIONID) superseded by Gestor de Cookies HTTP (Sesión JSESSIONID)
2026-09-17 17:35:46,746 WARN o.a.j.p.h.s.HTTPSamplerBase: Existing CookieManager Gestor de Cookies HTTP (Sesión JSESSIONID) superseded by Gestor de Cookies HTTP (Sesión JSESSIONID)
2026-09-17 17:35:46,791 WARN o.a.j.p.h.s.HTTPSamplerBase: Existing CookieManager Gestor de Cookies HTTP (Sesión JSESSIONID) superseded by Gestor de Cookies HTTP (Sesión JSESSIONID)
2026-09-17 17:35:46,802 INFO o.a.j.t.JMeterThread: Thread started: 3. PRUEBA DE ESTRÉS (200 Usuarios Concurrentes - Pico) 1-109
2026-09-17 17:35:46,887 WARN o.a.j.p.h.s.HTTPSamplerBase: Existing CookieManager Gestor de Cookies HTTP (Sesión JSESSIONID) superseded by Gestor de Cookies HTTP (Sesión JSESSIONID)
2026-09-17 17:35:46,936 WARN o.a.j.p.h.s.HTTPSamplerBase: Existing CookieManager Gestor de Cookies HTTP (Sesión JSESSIONID) superseded by Gestor de Cookies HTTP (Sesión JSESSIONID)
2026-09-17 17:35:46,937 WARN o.a.j.p.h.s.HTTPSamplerBase: Existing CookieManager Gestor de Cookies HTTP (Sesión JSESSIONID) superseded by Gestor de Cookies HTTP (Sesión JSESSIONID)
2026-09-17 17:35:46,953 INFO o.a.j.t.JMeterThread: Thread started: 3. PRUEBA DE ESTRÉS (200 Usuarios Concurrentes - Pico) 1-110
2026-09-17 17:35:47,103 INFO o.a.j.t.JMeterThread: Thread started: 3. PRUEBA DE ESTRÉS (200 Usuarios Concurrentes - Pico) 1-111
2026-09-17 17:35:47,128 WARN o.a.j.p.h.s.HTTPSamplerBase: Existing CookieManager Gestor de Cookies HTTP (Sesión JSESSIONID) superseded by Gestor de Cookies HTTP (Sesión JSESSIONID)
2026-09-17 17:35:47,252 INFO o.a.j.t.JMeterThread: Thread started: 3. PRUEBA DE ESTRÉS (200 Usuarios Concurrentes - Pico) 1-112
2026-09-17 17:35:47,296 WARN o.a.j.p.h.s.HTTPSamplerBase: Existing CookieManager Gestor de Cookies HTTP (Sesión JSESSIONID) superseded by Gestor de Cookies HTTP (Sesión JSESSIONID)
2026-09-17 17:35:47,312 WARN o.a.j.p.h.s.HTTPSamplerBase: Existing CookieManager Gestor de Cookies HTTP (Sesión JSESSIONID) superseded by Gestor de Cookies HTTP (Sesión JSESSIONID)
2026-09-17 17:35:47,402 INFO o.a.j.t.JMeterThread: Thread started: 3. PRUEBA DE ESTRÉS (200 Usuarios Concurrentes - Pico) 1-113
2026-09-17 17:35:47,412 WARN o.a.j.p.h.s.HTTPSamplerBase: Existing CookieManager Gestor de Cookies HTTP (Sesión JSESSIONID) superseded by Gestor de Cookies HTTP (Sesión JSESSIONID)
2026-09-17 17:35:47,423 WARN o.a.j.p.h.s.HTTPSamplerBase: Existing CookieManager Gestor de Cookies HTTP (Sesión JSESSIONID) superseded by Gestor de Cookies HTTP (Sesión JSESSIONID)
2026-09-17 17:35:47,423 WARN o.a.j.p.h.s.HTTPSamplerBase: Existing CookieManager Gestor de Cookies HTTP (Sesión JSESSIONID) superseded by Gestor de Cookies HTTP (Sesión JSESSIONID)
2026-09-17 17:35:47,565 INFO o.a.j.t.JMeterThread: Thread started: 3. PRUEBA DE ESTRÉS (200 Usuarios Concurrentes - Pico) 1-114
2026-09-17 17:35:47,565 WARN o.a.j.p.h.s.HTTPSamplerBase: Existing CookieManager Gestor de Cookies HTTP (Sesión JSESSIONID) superseded by Gestor de Cookies HTTP (Sesión JSESSIONID)
2026-09-17 17:35:47,568 WARN o.a.j.p.h.s.HTTPSamplerBase: Existing CookieManager Gestor de Cookies HTTP (Sesión JSESSIONID) superseded by Gestor de Cookies HTTP (Sesión JSESSIONID)
2026-09-17 17:35:47,568 WARN o.a.j.p.h.s.HTTPSamplerBase: Existing CookieManager Gestor de Cookies HTTP (Sesión JSESSIONID) superseded by Gestor de Cookies HTTP (Sesión JSESSIONID)
2026-09-17 17:35:47,633 WARN o.a.j.p.h.s.HTTPSamplerBase: Existing CookieManager Gestor de Cookies HTTP (Sesión JSESSIONID) superseded by Gestor de Cookies HTTP (Sesión JSESSIONID)
2026-09-17 17:35:47,646 WARN o.a.j.p.h.s.HTTPSamplerBase: Existing CookieManager Gestor de Cookies HTTP (Sesión JSESSIONID) superseded by Gestor de Cookies HTTP (Sesión JSESSIONID)
2026-09-17 17:35:47,646 WARN o.a.j.p.h.s.HTTPSamplerBase: Existing CookieManager Gestor de Cookies HTTP (Sesión JSESSIONID) superseded by Gestor de Cookies HTTP (Sesión JSESSIONID)
2026-09-17 17:35:47,701 INFO o.a.j.t.JMeterThread: Thread started: 3. PRUEBA DE ESTRÉS (200 Usuarios Concurrentes - Pico) 1-115
2026-09-17 17:35:47,758 WARN o.a.j.p.h.s.HTTPSamplerBase: Existing CookieManager Gestor de Cookies HTTP (Sesión JSESSIONID) superseded by Gestor de Cookies HTTP (Sesión JSESSIONID)
2026-09-17 17:35:47,790 WARN o.a.j.p.h.s.HTTPSamplerBase: Existing CookieManager Gestor de Cookies HTTP (Sesión JSESSIONID) superseded by Gestor de Cookies HTTP (Sesión JSESSIONID)
2026-09-17 17:35:47,823 WARN o.a.j.p.h.s.HTTPSamplerBase: Existing CookieManager Gestor de Cookies HTTP (Sesión JSESSIONID) superseded by Gestor de Cookies HTTP (Sesión JSESSIONID)
2026-09-17 17:35:47,827 WARN o.a.j.p.h.s.HTTPSamplerBase: Existing CookieManager Gestor de Cookies HTTP (Sesión JSESSIONID) superseded by Gestor de Cookies HTTP (Sesión JSESSIONID)
2026-09-17 17:35:47,852 INFO o.a.j.t.JMeterThread: Thread started: 3. PRUEBA DE ESTRÉS (200 Usuarios Concurrentes - Pico) 1-116
2026-09-17 17:35:47,853 WARN o.a.j.p.h.s.HTTPSamplerBase: Existing CookieManager Gestor de Cookies HTTP (Sesión JSESSIONID) superseded by Gestor de Cookies HTTP (Sesión JSESSIONID)
2026-09-17 17:35:47,854 WARN o.a.j.p.h.s.HTTPSamplerBase: Existing CookieManager Gestor de Cookies HTTP (Sesión JSESSIONID) superseded by Gestor de Cookies HTTP (Sesión JSESSIONID)
2026-09-17 17:35:47,855 WARN o.a.j.p.h.s.HTTPSamplerBase: Existing CookieManager Gestor de Cookies HTTP (Sesión JSESSIONID) superseded by Gestor de Cookies HTTP (Sesión JSESSIONID)
2026-09-17 17:35:47,867 WARN o.a.j.p.h.s.HTTPSamplerBase: Existing CookieManager Gestor de Cookies HTTP (Sesión JSESSIONID) superseded by Gestor de Cookies HTTP (Sesión JSESSIONID)
2026-09-17 17:35:47,998 WARN o.a.j.p.h.s.HTTPSamplerBase: Existing CookieManager Gestor de Cookies HTTP (Sesión JSESSIONID) superseded by Gestor de Cookies HTTP (Sesión JSESSIONID)
2026-09-17 17:35:48,002 INFO o.a.j.t.JMeterThread: Thread started: 3. PRUEBA DE ESTRÉS (200 Usuarios Concurrentes - Pico) 1-117
2026-09-17 17:35:48,004 WARN o.a.j.p.h.s.HTTPSamplerBase: Existing CookieManager Gestor de Cookies HTTP (Sesión JSESSIONID) superseded by Gestor de Cookies HTTP (Sesión JSESSIONID)
2026-09-17 17:35:48,004 WARN o.a.j.p.h.s.HTTPSamplerBase: Existing CookieManager Gestor de Cookies HTTP (Sesión JSESSIONID) superseded by Gestor de Cookies HTTP (Sesión JSESSIONID)
2026-09-17 17:35:48,153 INFO o.a.j.t.JMeterThread: Thread started: 3. PRUEBA DE ESTRÉS (200 Usuarios Concurrentes - Pico) 1-118
2026-09-17 17:35:48,301 INFO o.a.j.t.JMeterThread: Thread started: 3. PRUEBA DE ESTRÉS (200 Usuarios Concurrentes - Pico) 1-119
2026-09-17 17:35:48,452 INFO o.a.j.t.JMeterThread: Thread started: 3. PRUEBA DE ESTRÉS (200 Usuarios Concurrentes - Pico) 1-120
2026-09-17 17:35:48,513 WARN o.a.j.p.h.s.HTTPSamplerBase: Existing CookieManager Gestor de Cookies HTTP (Sesión JSESSIONID) superseded by Gestor de Cookies HTTP (Sesión JSESSIONID)
2026-09-17 17:35:48,594 WARN o.a.j.p.h.s.HTTPSamplerBase: Existing CookieManager Gestor de Cookies HTTP (Sesión JSESSIONID) superseded by Gestor de Cookies HTTP (Sesión JSESSIONID)
2026-09-17 17:35:48,594 WARN o.a.j.p.h.s.HTTPSamplerBase: Existing CookieManager Gestor de Cookies HTTP (Sesión JSESSIONID) superseded by Gestor de Cookies HTTP (Sesión JSESSIONID)
2026-09-17 17:35:48,602 INFO o.a.j.t.JMeterThread: Thread started: 3. PRUEBA DE ESTRÉS (200 Usuarios Concurrentes - Pico) 1-121
2026-09-17 17:35:48,752 INFO o.a.j.t.JMeterThread: Thread started: 3. PRUEBA DE ESTRÉS (200 Usuarios Concurrentes - Pico) 1-122
2026-09-17 17:35:48,763 WARN o.a.j.p.h.s.HTTPSamplerBase: Existing CookieManager Gestor de Cookies HTTP (Sesión JSESSIONID) superseded by Gestor de Cookies HTTP (Sesión JSESSIONID)
2026-09-17 17:35:48,859 WARN o.a.j.p.h.s.HTTPSamplerBase: Existing CookieManager Gestor de Cookies HTTP (Sesión JSESSIONID) superseded by Gestor de Cookies HTTP (Sesión JSESSIONID)
2026-09-17 17:35:48,859 WARN o.a.j.p.h.s.HTTPSamplerBase: Existing CookieManager Gestor de Cookies HTTP (Sesión JSESSIONID) superseded by Gestor de Cookies HTTP (Sesión JSESSIONID)
2026-09-17 17:35:48,859 WARN o.a.j.p.h.s.HTTPSamplerBase: Existing CookieManager Gestor de Cookies HTTP (Sesión JSESSIONID) superseded by Gestor de Cookies HTTP (Sesión JSESSIONID)
2026-09-17 17:35:48,868 WARN o.a.j.p.h.s.HTTPSamplerBase: Existing CookieManager Gestor de Cookies HTTP (Sesión JSESSIONID) superseded by Gestor de Cookies HTTP (Sesión JSESSIONID)
2026-09-17 17:35:48,879 WARN o.a.j.p.h.s.HTTPSamplerBase: Existing CookieManager Gestor de Cookies HTTP (Sesión JSESSIONID) superseded by Gestor de Cookies HTTP (Sesión JSESSIONID)
2026-09-17 17:35:48,902 INFO o.a.j.t.JMeterThread: Thread started: 3. PRUEBA DE ESTRÉS (200 Usuarios Concurrentes - Pico) 1-123
2026-09-17 17:35:49,051 INFO o.a.j.t.JMeterThread: Thread started: 3. PRUEBA DE ESTRÉS (200 Usuarios Concurrentes - Pico) 1-124
2026-09-17 17:35:49,202 INFO o.a.j.t.JMeterThread: Thread started: 3. PRUEBA DE ESTRÉS (200 Usuarios Concurrentes - Pico) 1-125
2026-09-17 17:35:49,340 WARN o.a.j.p.h.s.HTTPSamplerBase: Existing CookieManager Gestor de Cookies HTTP (Sesión JSESSIONID) superseded by Gestor de Cookies HTTP (Sesión JSESSIONID)
2026-09-17 17:35:49,352 INFO o.a.j.t.JMeterThread: Thread started: 3. PRUEBA DE ESTRÉS (200 Usuarios Concurrentes - Pico) 1-126
2026-09-17 17:35:49,369 WARN o.a.j.p.h.s.HTTPSamplerBase: Existing CookieManager Gestor de Cookies HTTP (Sesión JSESSIONID) superseded by Gestor de Cookies HTTP (Sesión JSESSIONID)
2026-09-17 17:35:49,370 WARN o.a.j.p.h.s.HTTPSamplerBase: Existing CookieManager Gestor de Cookies HTTP (Sesión JSESSIONID) superseded by Gestor de Cookies HTTP (Sesión JSESSIONID)
2026-09-17 17:35:49,372 WARN o.a.j.p.h.s.HTTPSamplerBase: Existing CookieManager Gestor de Cookies HTTP (Sesión JSESSIONID) superseded by Gestor de Cookies HTTP (Sesión JSESSIONID)
2026-09-17 17:35:49,434 WARN o.a.j.p.h.s.HTTPSamplerBase: Existing CookieManager Gestor de Cookies HTTP (Sesión JSESSIONID) superseded by Gestor de Cookies HTTP (Sesión JSESSIONID)
2026-09-17 17:35:49,440 WARN o.a.j.p.h.s.HTTPSamplerBase: Existing CookieManager Gestor de Cookies HTTP (Sesión JSESSIONID) superseded by Gestor de Cookies HTTP (Sesión JSESSIONID)
2026-09-17 17:35:49,442 WARN o.a.j.p.h.s.HTTPSamplerBase: Existing CookieManager Gestor de Cookies HTTP (Sesión JSESSIONID) superseded by Gestor de Cookies HTTP (Sesión JSESSIONID)
2026-09-17 17:35:49,477 WARN o.a.j.p.h.s.HTTPSamplerBase: Existing CookieManager Gestor de Cookies HTTP (Sesión JSESSIONID) superseded by Gestor de Cookies HTTP (Sesión JSESSIONID)
2026-09-17 17:35:49,502 INFO o.a.j.t.JMeterThread: Thread started: 3. PRUEBA DE ESTRÉS (200 Usuarios Concurrentes - Pico) 1-127
2026-09-17 17:35:49,504 WARN o.a.j.p.h.s.HTTPSamplerBase: Existing CookieManager Gestor de Cookies HTTP (Sesión JSESSIONID) superseded by Gestor de Cookies HTTP (Sesión JSESSIONID)
2026-09-17 17:35:49,559 WARN o.a.j.p.h.s.HTTPSamplerBase: Existing CookieManager Gestor de Cookies HTTP (Sesión JSESSIONID) superseded by Gestor de Cookies HTTP (Sesión JSESSIONID)
2026-09-17 17:35:49,572 WARN o.a.j.p.h.s.HTTPSamplerBase: Existing CookieManager Gestor de Cookies HTTP (Sesión JSESSIONID) superseded by Gestor de Cookies HTTP (Sesión JSESSIONID)
2026-09-17 17:35:49,635 WARN o.a.j.p.h.s.HTTPSamplerBase: Existing CookieManager Gestor de Cookies HTTP (Sesión JSESSIONID) superseded by Gestor de Cookies HTTP (Sesión JSESSIONID)
2026-09-17 17:35:49,652 INFO o.a.j.t.JMeterThread: Thread started: 3. PRUEBA DE ESTRÉS (200 Usuarios Concurrentes - Pico) 1-128
2026-09-17 17:35:49,743 WARN o.a.j.p.h.s.HTTPSamplerBase: Existing CookieManager Gestor de Cookies HTTP (Sesión JSESSIONID) superseded by Gestor de Cookies HTTP (Sesión JSESSIONID)
2026-09-17 17:35:49,802 INFO o.a.j.t.JMeterThread: Thread started: 3. PRUEBA DE ESTRÉS (200 Usuarios Concurrentes - Pico) 1-129
2026-09-17 17:35:49,952 INFO o.a.j.t.JMeterThread: Thread started: 3. PRUEBA DE ESTRÉS (200 Usuarios Concurrentes - Pico) 1-130
2026-09-17 17:35:50,102 INFO o.a.j.t.JMeterThread: Thread started: 3. PRUEBA DE ESTRÉS (200 Usuarios Concurrentes - Pico) 1-131
2026-09-17 17:35:50,253 INFO o.a.j.t.JMeterThread: Thread started: 3. PRUEBA DE ESTRÉS (200 Usuarios Concurrentes - Pico) 1-132
2026-09-17 17:35:50,300 WARN o.a.j.p.h.s.HTTPSamplerBase: Existing CookieManager Gestor de Cookies HTTP (Sesión JSESSIONID) superseded by Gestor de Cookies HTTP (Sesión JSESSIONID)
2026-09-17 17:35:50,301 WARN o.a.j.p.h.s.HTTPSamplerBase: Existing CookieManager Gestor de Cookies HTTP (Sesión JSESSIONID) superseded by Gestor de Cookies HTTP (Sesión JSESSIONID)
2026-09-17 17:35:50,303 WARN o.a.j.p.h.s.HTTPSamplerBase: Existing CookieManager Gestor de Cookies HTTP (Sesión JSESSIONID) superseded by Gestor de Cookies HTTP (Sesión JSESSIONID)
2026-09-17 17:35:50,354 WARN o.a.j.p.h.s.HTTPSamplerBase: Existing CookieManager Gestor de Cookies HTTP (Sesión JSESSIONID) superseded by Gestor de Cookies HTTP (Sesión JSESSIONID)
2026-09-17 17:35:50,402 INFO o.a.j.t.JMeterThread: Thread started: 3. PRUEBA DE ESTRÉS (200 Usuarios Concurrentes - Pico) 1-133
2026-09-17 17:35:50,404 WARN o.a.j.p.h.s.HTTPSamplerBase: Existing CookieManager Gestor de Cookies HTTP (Sesión JSESSIONID) superseded by Gestor de Cookies HTTP (Sesión JSESSIONID)
2026-09-17 17:35:50,406 WARN o.a.j.p.h.s.HTTPSamplerBase: Existing CookieManager Gestor de Cookies HTTP (Sesión JSESSIONID) superseded by Gestor de Cookies HTTP (Sesión JSESSIONID)
2026-09-17 17:35:50,470 WARN o.a.j.p.h.s.HTTPSamplerBase: Existing CookieManager Gestor de Cookies HTTP (Sesión JSESSIONID) superseded by Gestor de Cookies HTTP (Sesión JSESSIONID)
2026-09-17 17:35:50,479 WARN o.a.j.p.h.s.HTTPSamplerBase: Existing CookieManager Gestor de Cookies HTTP (Sesión JSESSIONID) superseded by Gestor de Cookies HTTP (Sesión JSESSIONID)
2026-09-17 17:35:50,552 INFO o.a.j.t.JMeterThread: Thread started: 3. PRUEBA DE ESTRÉS (200 Usuarios Concurrentes - Pico) 1-134
2026-09-17 17:35:50,626 WARN o.a.j.p.h.s.HTTPSamplerBase: Existing CookieManager Gestor de Cookies HTTP (Sesión JSESSIONID) superseded by Gestor de Cookies HTTP (Sesión JSESSIONID)
2026-09-17 17:35:50,701 INFO o.a.j.t.JMeterThread: Thread started: 3. PRUEBA DE ESTRÉS (200 Usuarios Concurrentes - Pico) 1-135
2026-09-17 17:35:50,851 INFO o.a.j.t.JMeterThread: Thread started: 3. PRUEBA DE ESTRÉS (200 Usuarios Concurrentes - Pico) 1-136
2026-09-17 17:35:51,003 INFO o.a.j.t.JMeterThread: Thread started: 3. PRUEBA DE ESTRÉS (200 Usuarios Concurrentes - Pico) 1-137
2026-09-17 17:35:51,020 WARN o.a.j.p.h.s.HTTPSamplerBase: Existing CookieManager Gestor de Cookies HTTP (Sesión JSESSIONID) superseded by Gestor de Cookies HTTP (Sesión JSESSIONID)
2026-09-17 17:35:51,047 WARN o.a.j.p.h.s.HTTPSamplerBase: Existing CookieManager Gestor de Cookies HTTP (Sesión JSESSIONID) superseded by Gestor de Cookies HTTP (Sesión JSESSIONID)
2026-09-17 17:35:51,049 WARN o.a.j.p.h.s.HTTPSamplerBase: Existing CookieManager Gestor de Cookies HTTP (Sesión JSESSIONID) superseded by Gestor de Cookies HTTP (Sesión JSESSIONID)
2026-09-17 17:35:51,151 WARN o.a.j.p.h.s.HTTPSamplerBase: Existing CookieManager Gestor de Cookies HTTP (Sesión JSESSIONID) superseded by Gestor de Cookies HTTP (Sesión JSESSIONID)
2026-09-17 17:35:51,153 INFO o.a.j.t.JMeterThread: Thread started: 3. PRUEBA DE ESTRÉS (200 Usuarios Concurrentes - Pico) 1-138
2026-09-17 17:35:51,280 WARN o.a.j.p.h.s.HTTPSamplerBase: Existing CookieManager Gestor de Cookies HTTP (Sesión JSESSIONID) superseded by Gestor de Cookies HTTP (Sesión JSESSIONID)
2026-09-17 17:35:51,301 INFO o.a.j.t.JMeterThread: Thread started: 3. PRUEBA DE ESTRÉS (200 Usuarios Concurrentes - Pico) 1-139
2026-09-17 17:35:51,324 WARN o.a.j.p.h.s.HTTPSamplerBase: Existing CookieManager Gestor de Cookies HTTP (Sesión JSESSIONID) superseded by Gestor de Cookies HTTP (Sesión JSESSIONID)
2026-09-17 17:35:51,329 WARN o.a.j.p.h.s.HTTPSamplerBase: Existing CookieManager Gestor de Cookies HTTP (Sesión JSESSIONID) superseded by Gestor de Cookies HTTP (Sesión JSESSIONID)
2026-09-17 17:35:51,452 INFO o.a.j.t.JMeterThread: Thread started: 3. PRUEBA DE ESTRÉS (200 Usuarios Concurrentes - Pico) 1-140
2026-09-17 17:35:51,453 WARN o.a.j.p.h.s.HTTPSamplerBase: Existing CookieManager Gestor de Cookies HTTP (Sesión JSESSIONID) superseded by Gestor de Cookies HTTP (Sesión JSESSIONID)
2026-09-17 17:35:51,602 INFO o.a.j.t.JMeterThread: Thread started: 3. PRUEBA DE ESTRÉS (200 Usuarios Concurrentes - Pico) 1-141
2026-09-17 17:35:51,753 INFO o.a.j.t.JMeterThread: Thread started: 3. PRUEBA DE ESTRÉS (200 Usuarios Concurrentes - Pico) 1-142
2026-09-17 17:35:51,806 WARN o.a.j.p.h.s.HTTPSamplerBase: Existing CookieManager Gestor de Cookies HTTP (Sesión JSESSIONID) superseded by Gestor de Cookies HTTP (Sesión JSESSIONID)
2026-09-17 17:35:51,825 WARN o.a.j.p.h.s.HTTPSamplerBase: Existing CookieManager Gestor de Cookies HTTP (Sesión JSESSIONID) superseded by Gestor de Cookies HTTP (Sesión JSESSIONID)
2026-09-17 17:35:51,879 WARN o.a.j.p.h.s.HTTPSamplerBase: Existing CookieManager Gestor de Cookies HTTP (Sesión JSESSIONID) superseded by Gestor de Cookies HTTP (Sesión JSESSIONID)
2026-09-17 17:35:51,903 INFO o.a.j.t.JMeterThread: Thread started: 3. PRUEBA DE ESTRÉS (200 Usuarios Concurrentes - Pico) 1-143
2026-09-17 17:35:51,947 WARN o.a.j.p.h.s.HTTPSamplerBase: Existing CookieManager Gestor de Cookies HTTP (Sesión JSESSIONID) superseded by Gestor de Cookies HTTP (Sesión JSESSIONID)
2026-09-17 17:35:51,947 WARN o.a.j.p.h.s.HTTPSamplerBase: Existing CookieManager Gestor de Cookies HTTP (Sesión JSESSIONID) superseded by Gestor de Cookies HTTP (Sesión JSESSIONID)
2026-09-17 17:35:51,980 WARN o.a.j.p.h.s.HTTPSamplerBase: Existing CookieManager Gestor de Cookies HTTP (Sesión JSESSIONID) superseded by Gestor de Cookies HTTP (Sesión JSESSIONID)
2026-09-17 17:35:52,046 WARN o.a.j.p.h.s.HTTPSamplerBase: Existing CookieManager Gestor de Cookies HTTP (Sesión JSESSIONID) superseded by Gestor de Cookies HTTP (Sesión JSESSIONID)
2026-09-17 17:35:52,052 INFO o.a.j.t.JMeterThread: Thread started: 3. PRUEBA DE ESTRÉS (200 Usuarios Concurrentes - Pico) 1-144
2026-09-17 17:35:52,078 WARN o.a.j.p.h.s.HTTPSamplerBase: Existing CookieManager Gestor de Cookies HTTP (Sesión JSESSIONID) superseded by Gestor de Cookies HTTP (Sesión JSESSIONID)
2026-09-17 17:35:52,149 WARN o.a.j.p.h.s.HTTPSamplerBase: Existing CookieManager Gestor de Cookies HTTP (Sesión JSESSIONID) superseded by Gestor de Cookies HTTP (Sesión JSESSIONID)
2026-09-17 17:35:52,202 INFO o.a.j.t.JMeterThread: Thread started: 3. PRUEBA DE ESTRÉS (200 Usuarios Concurrentes - Pico) 1-145
2026-09-17 17:35:52,307 WARN o.a.j.p.h.s.HTTPSamplerBase: Existing CookieManager Gestor de Cookies HTTP (Sesión JSESSIONID) superseded by Gestor de Cookies HTTP (Sesión JSESSIONID)
2026-09-17 17:35:52,352 INFO o.a.j.t.JMeterThread: Thread started: 3. PRUEBA DE ESTRÉS (200 Usuarios Concurrentes - Pico) 1-146
2026-09-17 17:35:52,503 INFO o.a.j.t.JMeterThread: Thread started: 3. PRUEBA DE ESTRÉS (200 Usuarios Concurrentes - Pico) 1-147
2026-09-17 17:35:52,555 WARN o.a.j.p.h.s.HTTPSamplerBase: Existing CookieManager Gestor de Cookies HTTP (Sesión JSESSIONID) superseded by Gestor de Cookies HTTP (Sesión JSESSIONID)
2026-09-17 17:35:52,652 INFO o.a.j.t.JMeterThread: Thread started: 3. PRUEBA DE ESTRÉS (200 Usuarios Concurrentes - Pico) 1-148
2026-09-17 17:35:52,782 WARN o.a.j.p.h.s.HTTPSamplerBase: Existing CookieManager Gestor de Cookies HTTP (Sesión JSESSIONID) superseded by Gestor de Cookies HTTP (Sesión JSESSIONID)
2026-09-17 17:35:52,803 INFO o.a.j.t.JMeterThread: Thread started: 3. PRUEBA DE ESTRÉS (200 Usuarios Concurrentes - Pico) 1-149
2026-09-17 17:35:52,818 WARN o.a.j.p.h.s.HTTPSamplerBase: Existing CookieManager Gestor de Cookies HTTP (Sesión JSESSIONID) superseded by Gestor de Cookies HTTP (Sesión JSESSIONID)
2026-09-17 17:35:52,898 WARN o.a.j.p.h.s.HTTPSamplerBase: Existing CookieManager Gestor de Cookies HTTP (Sesión JSESSIONID) superseded by Gestor de Cookies HTTP (Sesión JSESSIONID)
2026-09-17 17:35:52,952 INFO o.a.j.t.JMeterThread: Thread started: 3. PRUEBA DE ESTRÉS (200 Usuarios Concurrentes - Pico) 1-150
2026-09-17 17:35:52,976 WARN o.a.j.p.h.s.HTTPSamplerBase: Existing CookieManager Gestor de Cookies HTTP (Sesión JSESSIONID) superseded by Gestor de Cookies HTTP (Sesión JSESSIONID)
2026-09-17 17:35:53,098 WARN o.a.j.p.h.s.HTTPSamplerBase: Existing CookieManager Gestor de Cookies HTTP (Sesión JSESSIONID) superseded by Gestor de Cookies HTTP (Sesión JSESSIONID)
2026-09-17 17:35:53,102 INFO o.a.j.t.JMeterThread: Thread started: 3. PRUEBA DE ESTRÉS (200 Usuarios Concurrentes - Pico) 1-151
2026-09-17 17:35:53,311 INFO o.a.j.t.JMeterThread: Thread started: 3. PRUEBA DE ESTRÉS (200 Usuarios Concurrentes - Pico) 1-152
2026-09-17 17:35:53,403 INFO o.a.j.t.JMeterThread: Thread started: 3. PRUEBA DE ESTRÉS (200 Usuarios Concurrentes - Pico) 1-153
2026-09-17 17:35:53,425 WARN o.a.j.p.h.s.HTTPSamplerBase: Existing CookieManager Gestor de Cookies HTTP (Sesión JSESSIONID) superseded by Gestor de Cookies HTTP (Sesión JSESSIONID)
2026-09-17 17:35:53,425 WARN o.a.j.p.h.s.HTTPSamplerBase: Existing CookieManager Gestor de Cookies HTTP (Sesión JSESSIONID) superseded by Gestor de Cookies HTTP (Sesión JSESSIONID)
2026-09-17 17:35:53,553 INFO o.a.j.t.JMeterThread: Thread started: 3. PRUEBA DE ESTRÉS (200 Usuarios Concurrentes - Pico) 1-154
2026-09-17 17:35:53,630 WARN o.a.j.p.h.s.HTTPSamplerBase: Existing CookieManager Gestor de Cookies HTTP (Sesión JSESSIONID) superseded by Gestor de Cookies HTTP (Sesión JSESSIONID)
2026-09-17 17:35:53,630 WARN o.a.j.p.h.s.HTTPSamplerBase: Existing CookieManager Gestor de Cookies HTTP (Sesión JSESSIONID) superseded by Gestor de Cookies HTTP (Sesión JSESSIONID)
2026-09-17 17:35:53,640 WARN o.a.j.p.h.s.HTTPSamplerBase: Existing CookieManager Gestor de Cookies HTTP (Sesión JSESSIONID) superseded by Gestor de Cookies HTTP (Sesión JSESSIONID)
2026-09-17 17:35:53,701 INFO o.a.j.t.JMeterThread: Thread started: 3. PRUEBA DE ESTRÉS (200 Usuarios Concurrentes - Pico) 1-155
2026-09-17 17:35:53,797 WARN o.a.j.p.h.s.HTTPSamplerBase: Existing CookieManager Gestor de Cookies HTTP (Sesión JSESSIONID) superseded by Gestor de Cookies HTTP (Sesión JSESSIONID)
2026-09-17 17:35:53,797 WARN o.a.j.p.h.s.HTTPSamplerBase: Existing CookieManager Gestor de Cookies HTTP (Sesión JSESSIONID) superseded by Gestor de Cookies HTTP (Sesión JSESSIONID)
2026-09-17 17:35:53,797 WARN o.a.j.p.h.s.HTTPSamplerBase: Existing CookieManager Gestor de Cookies HTTP (Sesión JSESSIONID) superseded by Gestor de Cookies HTTP (Sesión JSESSIONID)
2026-09-17 17:35:53,828 WARN o.a.j.p.h.s.HTTPSamplerBase: Existing CookieManager Gestor de Cookies HTTP (Sesión JSESSIONID) superseded by Gestor de Cookies HTTP (Sesión JSESSIONID)
2026-09-17 17:35:53,828 WARN o.a.j.p.h.s.HTTPSamplerBase: Existing CookieManager Gestor de Cookies HTTP (Sesión JSESSIONID) superseded by Gestor de Cookies HTTP (Sesión JSESSIONID)
2026-09-17 17:35:53,828 WARN o.a.j.p.h.s.HTTPSamplerBase: Existing CookieManager Gestor de Cookies HTTP (Sesión JSESSIONID) superseded by Gestor de Cookies HTTP (Sesión JSESSIONID)
2026-09-17 17:35:53,830 WARN o.a.j.p.h.s.HTTPSamplerBase: Existing CookieManager Gestor de Cookies HTTP (Sesión JSESSIONID) superseded by Gestor de Cookies HTTP (Sesión JSESSIONID)
2026-09-17 17:35:53,852 INFO o.a.j.t.JMeterThread: Thread started: 3. PRUEBA DE ESTRÉS (200 Usuarios Concurrentes - Pico) 1-156
2026-09-17 17:35:53,895 WARN o.a.j.p.h.s.HTTPSamplerBase: Existing CookieManager Gestor de Cookies HTTP (Sesión JSESSIONID) superseded by Gestor de Cookies HTTP (Sesión JSESSIONID)
2026-09-17 17:35:53,969 WARN o.a.j.p.h.s.HTTPSamplerBase: Existing CookieManager Gestor de Cookies HTTP (Sesión JSESSIONID) superseded by Gestor de Cookies HTTP (Sesión JSESSIONID)
2026-09-17 17:35:54,001 INFO o.a.j.t.JMeterThread: Thread started: 3. PRUEBA DE ESTRÉS (200 Usuarios Concurrentes - Pico) 1-157
2026-09-17 17:35:54,047 WARN o.a.j.p.h.s.HTTPSamplerBase: Existing CookieManager Gestor de Cookies HTTP (Sesión JSESSIONID) superseded by Gestor de Cookies HTTP (Sesión JSESSIONID)
2026-09-17 17:35:54,047 WARN o.a.j.p.h.s.HTTPSamplerBase: Existing CookieManager Gestor de Cookies HTTP (Sesión JSESSIONID) superseded by Gestor de Cookies HTTP (Sesión JSESSIONID)
2026-09-17 17:35:54,048 WARN o.a.j.p.h.s.HTTPSamplerBase: Existing CookieManager Gestor de Cookies HTTP (Sesión JSESSIONID) superseded by Gestor de Cookies HTTP (Sesión JSESSIONID)
2026-09-17 17:35:54,052 WARN o.a.j.p.h.s.HTTPSamplerBase: Existing CookieManager Gestor de Cookies HTTP (Sesión JSESSIONID) superseded by Gestor de Cookies HTTP (Sesión JSESSIONID)
2026-09-17 17:35:54,152 INFO o.a.j.t.JMeterThread: Thread started: 3. PRUEBA DE ESTRÉS (200 Usuarios Concurrentes - Pico) 1-158
2026-09-17 17:35:54,281 WARN o.a.j.p.h.s.HTTPSamplerBase: Existing CookieManager Gestor de Cookies HTTP (Sesión JSESSIONID) superseded by Gestor de Cookies HTTP (Sesión JSESSIONID)
2026-09-17 17:35:54,300 WARN o.a.j.p.h.s.HTTPSamplerBase: Existing CookieManager Gestor de Cookies HTTP (Sesión JSESSIONID) superseded by Gestor de Cookies HTTP (Sesión JSESSIONID)
2026-09-17 17:35:54,303 INFO o.a.j.t.JMeterThread: Thread started: 3. PRUEBA DE ESTRÉS (200 Usuarios Concurrentes - Pico) 1-159
2026-09-17 17:35:54,436 WARN o.a.j.p.h.s.HTTPSamplerBase: Existing CookieManager Gestor de Cookies HTTP (Sesión JSESSIONID) superseded by Gestor de Cookies HTTP (Sesión JSESSIONID)
2026-09-17 17:35:54,451 INFO o.a.j.t.JMeterThread: Thread started: 3. PRUEBA DE ESTRÉS (200 Usuarios Concurrentes - Pico) 1-160
2026-09-17 17:35:54,512 WARN o.a.j.p.h.s.HTTPSamplerBase: Existing CookieManager Gestor de Cookies HTTP (Sesión JSESSIONID) superseded by Gestor de Cookies HTTP (Sesión JSESSIONID)
2026-09-17 17:35:54,602 INFO o.a.j.t.JMeterThread: Thread started: 3. PRUEBA DE ESTRÉS (200 Usuarios Concurrentes - Pico) 1-161
2026-09-17 17:35:54,752 INFO o.a.j.t.JMeterThread: Thread started: 3. PRUEBA DE ESTRÉS (200 Usuarios Concurrentes - Pico) 1-162
2026-09-17 17:35:54,788 WARN o.a.j.p.h.s.HTTPSamplerBase: Existing CookieManager Gestor de Cookies HTTP (Sesión JSESSIONID) superseded by Gestor de Cookies HTTP (Sesión JSESSIONID)
2026-09-17 17:35:54,788 WARN o.a.j.p.h.s.HTTPSamplerBase: Existing CookieManager Gestor de Cookies HTTP (Sesión JSESSIONID) superseded by Gestor de Cookies HTTP (Sesión JSESSIONID)
2026-09-17 17:35:54,788 WARN o.a.j.p.h.s.HTTPSamplerBase: Existing CookieManager Gestor de Cookies HTTP (Sesión JSESSIONID) superseded by Gestor de Cookies HTTP (Sesión JSESSIONID)
2026-09-17 17:35:54,788 WARN o.a.j.p.h.s.HTTPSamplerBase: Existing CookieManager Gestor de Cookies HTTP (Sesión JSESSIONID) superseded by Gestor de Cookies HTTP (Sesión JSESSIONID)
2026-09-17 17:35:54,788 WARN o.a.j.p.h.s.HTTPSamplerBase: Existing CookieManager Gestor de Cookies HTTP (Sesión JSESSIONID) superseded by Gestor de Cookies HTTP (Sesión JSESSIONID)
2026-09-17 17:35:54,866 WARN o.a.j.p.h.s.HTTPSamplerBase: Existing CookieManager Gestor de Cookies HTTP (Sesión JSESSIONID) superseded by Gestor de Cookies HTTP (Sesión JSESSIONID)
2026-09-17 17:35:54,869 WARN o.a.j.p.h.s.HTTPSamplerBase: Existing CookieManager Gestor de Cookies HTTP (Sesión JSESSIONID) superseded by Gestor de Cookies HTTP (Sesión JSESSIONID)
2026-09-17 17:35:54,882 WARN o.a.j.p.h.s.HTTPSamplerBase: Existing CookieManager Gestor de Cookies HTTP (Sesión JSESSIONID) superseded by Gestor de Cookies HTTP (Sesión JSESSIONID)
2026-09-17 17:35:54,902 INFO o.a.j.t.JMeterThread: Thread started: 3. PRUEBA DE ESTRÉS (200 Usuarios Concurrentes - Pico) 1-163
2026-09-17 17:35:54,913 WARN o.a.j.p.h.s.HTTPSamplerBase: Existing CookieManager Gestor de Cookies HTTP (Sesión JSESSIONID) superseded by Gestor de Cookies HTTP (Sesión JSESSIONID)
2026-09-17 17:35:55,053 INFO o.a.j.t.JMeterThread: Thread started: 3. PRUEBA DE ESTRÉS (200 Usuarios Concurrentes - Pico) 1-164
2026-09-17 17:35:55,053 WARN o.a.j.p.h.s.HTTPSamplerBase: Existing CookieManager Gestor de Cookies HTTP (Sesión JSESSIONID) superseded by Gestor de Cookies HTTP (Sesión JSESSIONID)
2026-09-17 17:35:55,203 INFO o.a.j.t.JMeterThread: Thread started: 3. PRUEBA DE ESTRÉS (200 Usuarios Concurrentes - Pico) 1-165
2026-09-17 17:35:55,308 WARN o.a.j.p.h.s.HTTPSamplerBase: Existing CookieManager Gestor de Cookies HTTP (Sesión JSESSIONID) superseded by Gestor de Cookies HTTP (Sesión JSESSIONID)
2026-09-17 17:35:55,308 WARN o.a.j.p.h.s.HTTPSamplerBase: Existing CookieManager Gestor de Cookies HTTP (Sesión JSESSIONID) superseded by Gestor de Cookies HTTP (Sesión JSESSIONID)
2026-09-17 17:35:55,308 WARN o.a.j.p.h.s.HTTPSamplerBase: Existing CookieManager Gestor de Cookies HTTP (Sesión JSESSIONID) superseded by Gestor de Cookies HTTP (Sesión JSESSIONID)
2026-09-17 17:35:55,308 WARN o.a.j.p.h.s.HTTPSamplerBase: Existing CookieManager Gestor de Cookies HTTP (Sesión JSESSIONID) superseded by Gestor de Cookies HTTP (Sesión JSESSIONID)
2026-09-17 17:35:55,308 WARN o.a.j.p.h.s.HTTPSamplerBase: Existing CookieManager Gestor de Cookies HTTP (Sesión JSESSIONID) superseded by Gestor de Cookies HTTP (Sesión JSESSIONID)
2026-09-17 17:35:55,308 WARN o.a.j.p.h.s.HTTPSamplerBase: Existing CookieManager Gestor de Cookies HTTP (Sesión JSESSIONID) superseded by Gestor de Cookies HTTP (Sesión JSESSIONID)
2026-09-17 17:35:55,355 INFO o.a.j.t.JMeterThread: Thread started: 3. PRUEBA DE ESTRÉS (200 Usuarios Concurrentes - Pico) 1-166
2026-09-17 17:35:55,372 WARN o.a.j.p.h.s.HTTPSamplerBase: Existing CookieManager Gestor de Cookies HTTP (Sesión JSESSIONID) superseded by Gestor de Cookies HTTP (Sesión JSESSIONID)
2026-09-17 17:35:55,437 WARN o.a.j.p.h.s.HTTPSamplerBase: Existing CookieManager Gestor de Cookies HTTP (Sesión JSESSIONID) superseded by Gestor de Cookies HTTP (Sesión JSESSIONID)
2026-09-17 17:35:55,499 WARN o.a.j.p.h.s.HTTPSamplerBase: Existing CookieManager Gestor de Cookies HTTP (Sesión JSESSIONID) superseded by Gestor de Cookies HTTP (Sesión JSESSIONID)
2026-09-17 17:35:55,500 WARN o.a.j.p.h.s.HTTPSamplerBase: Existing CookieManager Gestor de Cookies HTTP (Sesión JSESSIONID) superseded by Gestor de Cookies HTTP (Sesión JSESSIONID)
2026-09-17 17:35:55,502 INFO o.a.j.t.JMeterThread: Thread started: 3. PRUEBA DE ESTRÉS (200 Usuarios Concurrentes - Pico) 1-167
2026-09-17 17:35:55,585 WARN o.a.j.p.h.s.HTTPSamplerBase: Existing CookieManager Gestor de Cookies HTTP (Sesión JSESSIONID) superseded by Gestor de Cookies HTTP (Sesión JSESSIONID)
2026-09-17 17:35:55,653 INFO o.a.j.t.JMeterThread: Thread started: 3. PRUEBA DE ESTRÉS (200 Usuarios Concurrentes - Pico) 1-168
2026-09-17 17:35:55,657 WARN o.a.j.p.h.s.HTTPSamplerBase: Existing CookieManager Gestor de Cookies HTTP (Sesión JSESSIONID) superseded by Gestor de Cookies HTTP (Sesión JSESSIONID)
2026-09-17 17:35:55,795 WARN o.a.j.p.h.s.HTTPSamplerBase: Existing CookieManager Gestor de Cookies HTTP (Sesión JSESSIONID) superseded by Gestor de Cookies HTTP (Sesión JSESSIONID)
2026-09-17 17:35:55,803 INFO o.a.j.t.JMeterThread: Thread started: 3. PRUEBA DE ESTRÉS (200 Usuarios Concurrentes - Pico) 1-169
2026-09-17 17:35:55,858 WARN o.a.j.p.h.s.HTTPSamplerBase: Existing CookieManager Gestor de Cookies HTTP (Sesión JSESSIONID) superseded by Gestor de Cookies HTTP (Sesión JSESSIONID)
2026-09-17 17:35:55,910 WARN o.a.j.p.h.s.HTTPSamplerBase: Existing CookieManager Gestor de Cookies HTTP (Sesión JSESSIONID) superseded by Gestor de Cookies HTTP (Sesión JSESSIONID)
2026-09-17 17:35:55,952 INFO o.a.j.t.JMeterThread: Thread started: 3. PRUEBA DE ESTRÉS (200 Usuarios Concurrentes - Pico) 1-170
2026-09-17 17:35:55,973 WARN o.a.j.p.h.s.HTTPSamplerBase: Existing CookieManager Gestor de Cookies HTTP (Sesión JSESSIONID) superseded by Gestor de Cookies HTTP (Sesión JSESSIONID)
2026-09-17 17:35:55,979 WARN o.a.j.p.h.s.HTTPSamplerBase: Existing CookieManager Gestor de Cookies HTTP (Sesión JSESSIONID) superseded by Gestor de Cookies HTTP (Sesión JSESSIONID)
2026-09-17 17:35:55,980 WARN o.a.j.p.h.s.HTTPSamplerBase: Existing CookieManager Gestor de Cookies HTTP (Sesión JSESSIONID) superseded by Gestor de Cookies HTTP (Sesión JSESSIONID)
2026-09-17 17:35:55,985 WARN o.a.j.p.h.s.HTTPSamplerBase: Existing CookieManager Gestor de Cookies HTTP (Sesión JSESSIONID) superseded by Gestor de Cookies HTTP (Sesión JSESSIONID)
2026-09-17 17:35:55,986 WARN o.a.j.p.h.s.HTTPSamplerBase: Existing CookieManager Gestor de Cookies HTTP (Sesión JSESSIONID) superseded by Gestor de Cookies HTTP (Sesión JSESSIONID)
2026-09-17 17:35:55,987 WARN o.a.j.p.h.s.HTTPSamplerBase: Existing CookieManager Gestor de Cookies HTTP (Sesión JSESSIONID) superseded by Gestor de Cookies HTTP (Sesión JSESSIONID)
2026-09-17 17:35:55,990 WARN o.a.j.p.h.s.HTTPSamplerBase: Existing CookieManager Gestor de Cookies HTTP (Sesión JSESSIONID) superseded by Gestor de Cookies HTTP (Sesión JSESSIONID)
2026-09-17 17:35:55,991 WARN o.a.j.p.h.s.HTTPSamplerBase: Existing CookieManager Gestor de Cookies HTTP (Sesión JSESSIONID) superseded by Gestor de Cookies HTTP (Sesión JSESSIONID)
2026-09-17 17:35:55,994 WARN o.a.j.p.h.s.HTTPSamplerBase: Existing CookieManager Gestor de Cookies HTTP (Sesión JSESSIONID) superseded by Gestor de Cookies HTTP (Sesión JSESSIONID)
2026-09-17 17:35:56,067 WARN o.a.j.p.h.s.HTTPSamplerBase: Existing CookieManager Gestor de Cookies HTTP (Sesión JSESSIONID) superseded by Gestor de Cookies HTTP (Sesión JSESSIONID)
2026-09-17 17:35:56,101 INFO o.a.j.t.JMeterThread: Thread started: 3. PRUEBA DE ESTRÉS (200 Usuarios Concurrentes - Pico) 1-171
2026-09-17 17:35:56,143 WARN o.a.j.p.h.s.HTTPSamplerBase: Existing CookieManager Gestor de Cookies HTTP (Sesión JSESSIONID) superseded by Gestor de Cookies HTTP (Sesión JSESSIONID)
2026-09-17 17:35:56,251 INFO o.a.j.t.JMeterThread: Thread started: 3. PRUEBA DE ESTRÉS (200 Usuarios Concurrentes - Pico) 1-172
2026-09-17 17:35:56,402 INFO o.a.j.t.JMeterThread: Thread started: 3. PRUEBA DE ESTRÉS (200 Usuarios Concurrentes - Pico) 1-173
2026-09-17 17:35:56,475 WARN o.a.j.p.h.s.HTTPSamplerBase: Existing CookieManager Gestor de Cookies HTTP (Sesión JSESSIONID) superseded by Gestor de Cookies HTTP (Sesión JSESSIONID)
2026-09-17 17:35:56,552 INFO o.a.j.t.JMeterThread: Thread started: 3. PRUEBA DE ESTRÉS (200 Usuarios Concurrentes - Pico) 1-174
2026-09-17 17:35:56,655 WARN o.a.j.p.h.s.HTTPSamplerBase: Existing CookieManager Gestor de Cookies HTTP (Sesión JSESSIONID) superseded by Gestor de Cookies HTTP (Sesión JSESSIONID)
2026-09-17 17:35:56,701 INFO o.a.j.t.JMeterThread: Thread started: 3. PRUEBA DE ESTRÉS (200 Usuarios Concurrentes - Pico) 1-175
2026-09-17 17:35:56,789 WARN o.a.j.p.h.s.HTTPSamplerBase: Existing CookieManager Gestor de Cookies HTTP (Sesión JSESSIONID) superseded by Gestor de Cookies HTTP (Sesión JSESSIONID)
2026-09-17 17:35:56,789 WARN o.a.j.p.h.s.HTTPSamplerBase: Existing CookieManager Gestor de Cookies HTTP (Sesión JSESSIONID) superseded by Gestor de Cookies HTTP (Sesión JSESSIONID)
2026-09-17 17:35:56,839 WARN o.a.j.p.h.s.HTTPSamplerBase: Existing CookieManager Gestor de Cookies HTTP (Sesión JSESSIONID) superseded by Gestor de Cookies HTTP (Sesión JSESSIONID)
2026-09-17 17:35:56,851 INFO o.a.j.t.JMeterThread: Thread started: 3. PRUEBA DE ESTRÉS (200 Usuarios Concurrentes - Pico) 1-176
2026-09-17 17:35:56,886 WARN o.a.j.p.h.s.HTTPSamplerBase: Existing CookieManager Gestor de Cookies HTTP (Sesión JSESSIONID) superseded by Gestor de Cookies HTTP (Sesión JSESSIONID)
2026-09-17 17:35:57,001 INFO o.a.j.t.JMeterThread: Thread started: 3. PRUEBA DE ESTRÉS (200 Usuarios Concurrentes - Pico) 1-177
2026-09-17 17:35:57,151 INFO o.a.j.t.JMeterThread: Thread started: 3. PRUEBA DE ESTRÉS (200 Usuarios Concurrentes - Pico) 1-178
2026-09-17 17:35:57,303 INFO o.a.j.t.JMeterThread: Thread started: 3. PRUEBA DE ESTRÉS (200 Usuarios Concurrentes - Pico) 1-179
2026-09-17 17:35:57,343 WARN o.a.j.p.h.s.HTTPSamplerBase: Existing CookieManager Gestor de Cookies HTTP (Sesión JSESSIONID) superseded by Gestor de Cookies HTTP (Sesión JSESSIONID)
2026-09-17 17:35:57,362 WARN o.a.j.p.h.s.HTTPSamplerBase: Existing CookieManager Gestor de Cookies HTTP (Sesión JSESSIONID) superseded by Gestor de Cookies HTTP (Sesión JSESSIONID)
2026-09-17 17:35:57,407 WARN o.a.j.p.h.s.HTTPSamplerBase: Existing CookieManager Gestor de Cookies HTTP (Sesión JSESSIONID) superseded by Gestor de Cookies HTTP (Sesión JSESSIONID)
2026-09-17 17:35:57,423 WARN o.a.j.p.h.s.HTTPSamplerBase: Existing CookieManager Gestor de Cookies HTTP (Sesión JSESSIONID) superseded by Gestor de Cookies HTTP (Sesión JSESSIONID)
2026-09-17 17:35:57,436 WARN o.a.j.p.h.s.HTTPSamplerBase: Existing CookieManager Gestor de Cookies HTTP (Sesión JSESSIONID) superseded by Gestor de Cookies HTTP (Sesión JSESSIONID)
2026-09-17 17:35:57,440 WARN o.a.j.p.h.s.HTTPSamplerBase: Existing CookieManager Gestor de Cookies HTTP (Sesión JSESSIONID) superseded by Gestor de Cookies HTTP (Sesión JSESSIONID)
2026-09-17 17:35:57,453 INFO o.a.j.t.JMeterThread: Thread started: 3. PRUEBA DE ESTRÉS (200 Usuarios Concurrentes - Pico) 1-180
2026-09-17 17:35:57,508 WARN o.a.j.p.h.s.HTTPSamplerBase: Existing CookieManager Gestor de Cookies HTTP (Sesión JSESSIONID) superseded by Gestor de Cookies HTTP (Sesión JSESSIONID)
2026-09-17 17:35:57,509 WARN o.a.j.p.h.s.HTTPSamplerBase: Existing CookieManager Gestor de Cookies HTTP (Sesión JSESSIONID) superseded by Gestor de Cookies HTTP (Sesión JSESSIONID)
2026-09-17 17:35:57,512 WARN o.a.j.p.h.s.HTTPSamplerBase: Existing CookieManager Gestor de Cookies HTTP (Sesión JSESSIONID) superseded by Gestor de Cookies HTTP (Sesión JSESSIONID)
2026-09-17 17:35:57,550 WARN o.a.j.p.h.s.HTTPSamplerBase: Existing CookieManager Gestor de Cookies HTTP (Sesión JSESSIONID) superseded by Gestor de Cookies HTTP (Sesión JSESSIONID)
2026-09-17 17:35:57,595 WARN o.a.j.p.h.s.HTTPSamplerBase: Existing CookieManager Gestor de Cookies HTTP (Sesión JSESSIONID) superseded by Gestor de Cookies HTTP (Sesión JSESSIONID)
2026-09-17 17:35:57,601 INFO o.a.j.t.JMeterThread: Thread started: 3. PRUEBA DE ESTRÉS (200 Usuarios Concurrentes - Pico) 1-181
2026-09-17 17:35:57,636 WARN o.a.j.p.h.s.HTTPSamplerBase: Existing CookieManager Gestor de Cookies HTTP (Sesión JSESSIONID) superseded by Gestor de Cookies HTTP (Sesión JSESSIONID)
2026-09-17 17:35:57,643 WARN o.a.j.p.h.s.HTTPSamplerBase: Existing CookieManager Gestor de Cookies HTTP (Sesión JSESSIONID) superseded by Gestor de Cookies HTTP (Sesión JSESSIONID)
2026-09-17 17:35:57,650 WARN o.a.j.p.h.s.HTTPSamplerBase: Existing CookieManager Gestor de Cookies HTTP (Sesión JSESSIONID) superseded by Gestor de Cookies HTTP (Sesión JSESSIONID)
2026-09-17 17:35:57,752 INFO o.a.j.t.JMeterThread: Thread started: 3. PRUEBA DE ESTRÉS (200 Usuarios Concurrentes - Pico) 1-182
2026-09-17 17:35:57,764 WARN o.a.j.p.h.s.HTTPSamplerBase: Existing CookieManager Gestor de Cookies HTTP (Sesión JSESSIONID) superseded by Gestor de Cookies HTTP (Sesión JSESSIONID)
2026-09-17 17:35:57,902 INFO o.a.j.t.JMeterThread: Thread started: 3. PRUEBA DE ESTRÉS (200 Usuarios Concurrentes - Pico) 1-183
2026-09-17 17:35:58,052 INFO o.a.j.t.JMeterThread: Thread started: 3. PRUEBA DE ESTRÉS (200 Usuarios Concurrentes - Pico) 1-184
2026-09-17 17:35:58,062 WARN o.a.j.p.h.s.HTTPSamplerBase: Existing CookieManager Gestor de Cookies HTTP (Sesión JSESSIONID) superseded by Gestor de Cookies HTTP (Sesión JSESSIONID)
2026-09-17 17:35:58,145 WARN o.a.j.p.h.s.HTTPSamplerBase: Existing CookieManager Gestor de Cookies HTTP (Sesión JSESSIONID) superseded by Gestor de Cookies HTTP (Sesión JSESSIONID)
2026-09-17 17:35:58,148 WARN o.a.j.p.h.s.HTTPSamplerBase: Existing CookieManager Gestor de Cookies HTTP (Sesión JSESSIONID) superseded by Gestor de Cookies HTTP (Sesión JSESSIONID)
2026-09-17 17:35:58,149 WARN o.a.j.p.h.s.HTTPSamplerBase: Existing CookieManager Gestor de Cookies HTTP (Sesión JSESSIONID) superseded by Gestor de Cookies HTTP (Sesión JSESSIONID)
2026-09-17 17:35:58,150 WARN o.a.j.p.h.s.HTTPSamplerBase: Existing CookieManager Gestor de Cookies HTTP (Sesión JSESSIONID) superseded by Gestor de Cookies HTTP (Sesión JSESSIONID)
2026-09-17 17:35:58,201 INFO o.a.j.t.JMeterThread: Thread started: 3. PRUEBA DE ESTRÉS (200 Usuarios Concurrentes - Pico) 1-185
2026-09-17 17:35:58,286 WARN o.a.j.p.h.s.HTTPSamplerBase: Existing CookieManager Gestor de Cookies HTTP (Sesión JSESSIONID) superseded by Gestor de Cookies HTTP (Sesión JSESSIONID)
2026-09-17 17:35:58,352 INFO o.a.j.t.JMeterThread: Thread started: 3. PRUEBA DE ESTRÉS (200 Usuarios Concurrentes - Pico) 1-186
2026-09-17 17:35:58,379 WARN o.a.j.p.h.s.HTTPSamplerBase: Existing CookieManager Gestor de Cookies HTTP (Sesión JSESSIONID) superseded by Gestor de Cookies HTTP (Sesión JSESSIONID)
2026-09-17 17:35:58,379 WARN o.a.j.p.h.s.HTTPSamplerBase: Existing CookieManager Gestor de Cookies HTTP (Sesión JSESSIONID) superseded by Gestor de Cookies HTTP (Sesión JSESSIONID)
2026-09-17 17:35:58,392 WARN o.a.j.p.h.s.HTTPSamplerBase: Existing CookieManager Gestor de Cookies HTTP (Sesión JSESSIONID) superseded by Gestor de Cookies HTTP (Sesión JSESSIONID)
2026-09-17 17:35:58,395 WARN o.a.j.p.h.s.HTTPSamplerBase: Existing CookieManager Gestor de Cookies HTTP (Sesión JSESSIONID) superseded by Gestor de Cookies HTTP (Sesión JSESSIONID)
2026-09-17 17:35:58,484 WARN o.a.j.p.h.s.HTTPSamplerBase: Existing CookieManager Gestor de Cookies HTTP (Sesión JSESSIONID) superseded by Gestor de Cookies HTTP (Sesión JSESSIONID)
2026-09-17 17:35:58,503 INFO o.a.j.t.JMeterThread: Thread started: 3. PRUEBA DE ESTRÉS (200 Usuarios Concurrentes - Pico) 1-187
2026-09-17 17:35:58,562 WARN o.a.j.p.h.s.HTTPSamplerBase: Existing CookieManager Gestor de Cookies HTTP (Sesión JSESSIONID) superseded by Gestor de Cookies HTTP (Sesión JSESSIONID)
2026-09-17 17:35:58,652 INFO o.a.j.t.JMeterThread: Thread started: 3. PRUEBA DE ESTRÉS (200 Usuarios Concurrentes - Pico) 1-188
2026-09-17 17:35:58,789 WARN o.a.j.p.h.s.HTTPSamplerBase: Existing CookieManager Gestor de Cookies HTTP (Sesión JSESSIONID) superseded by Gestor de Cookies HTTP (Sesión JSESSIONID)
2026-09-17 17:35:58,802 INFO o.a.j.t.JMeterThread: Thread started: 3. PRUEBA DE ESTRÉS (200 Usuarios Concurrentes - Pico) 1-189
2026-09-17 17:35:58,869 WARN o.a.j.p.h.s.HTTPSamplerBase: Existing CookieManager Gestor de Cookies HTTP (Sesión JSESSIONID) superseded by Gestor de Cookies HTTP (Sesión JSESSIONID)
2026-09-17 17:35:58,869 WARN o.a.j.p.h.s.HTTPSamplerBase: Existing CookieManager Gestor de Cookies HTTP (Sesión JSESSIONID) superseded by Gestor de Cookies HTTP (Sesión JSESSIONID)
2026-09-17 17:35:58,926 WARN o.a.j.p.h.s.HTTPSamplerBase: Existing CookieManager Gestor de Cookies HTTP (Sesión JSESSIONID) superseded by Gestor de Cookies HTTP (Sesión JSESSIONID)
2026-09-17 17:35:58,946 WARN o.a.j.p.h.s.HTTPSamplerBase: Existing CookieManager Gestor de Cookies HTTP (Sesión JSESSIONID) superseded by Gestor de Cookies HTTP (Sesión JSESSIONID)
2026-09-17 17:35:58,952 INFO o.a.j.t.JMeterThread: Thread started: 3. PRUEBA DE ESTRÉS (200 Usuarios Concurrentes - Pico) 1-190
2026-09-17 17:35:59,103 INFO o.a.j.t.JMeterThread: Thread started: 3. PRUEBA DE ESTRÉS (200 Usuarios Concurrentes - Pico) 1-191
2026-09-17 17:35:59,253 INFO o.a.j.t.JMeterThread: Thread started: 3. PRUEBA DE ESTRÉS (200 Usuarios Concurrentes - Pico) 1-192
2026-09-17 17:35:59,286 WARN o.a.j.p.h.s.HTTPSamplerBase: Existing CookieManager Gestor de Cookies HTTP (Sesión JSESSIONID) superseded by Gestor de Cookies HTTP (Sesión JSESSIONID)
2026-09-17 17:35:59,286 WARN o.a.j.p.h.s.HTTPSamplerBase: Existing CookieManager Gestor de Cookies HTTP (Sesión JSESSIONID) superseded by Gestor de Cookies HTTP (Sesión JSESSIONID)
2026-09-17 17:35:59,286 WARN o.a.j.p.h.s.HTTPSamplerBase: Existing CookieManager Gestor de Cookies HTTP (Sesión JSESSIONID) superseded by Gestor de Cookies HTTP (Sesión JSESSIONID)
2026-09-17 17:35:59,286 WARN o.a.j.p.h.s.HTTPSamplerBase: Existing CookieManager Gestor de Cookies HTTP (Sesión JSESSIONID) superseded by Gestor de Cookies HTTP (Sesión JSESSIONID)
2026-09-17 17:35:59,295 WARN o.a.j.p.h.s.HTTPSamplerBase: Existing CookieManager Gestor de Cookies HTTP (Sesión JSESSIONID) superseded by Gestor de Cookies HTTP (Sesión JSESSIONID)
2026-09-17 17:35:59,402 INFO o.a.j.t.JMeterThread: Thread started: 3. PRUEBA DE ESTRÉS (200 Usuarios Concurrentes - Pico) 1-193
2026-09-17 17:35:59,473 WARN o.a.j.p.h.s.HTTPSamplerBase: Existing CookieManager Gestor de Cookies HTTP (Sesión JSESSIONID) superseded by Gestor de Cookies HTTP (Sesión JSESSIONID)
2026-09-17 17:35:59,552 INFO o.a.j.t.JMeterThread: Thread started: 3. PRUEBA DE ESTRÉS (200 Usuarios Concurrentes - Pico) 1-194
2026-09-17 17:35:59,586 WARN o.a.j.p.h.s.HTTPSamplerBase: Existing CookieManager Gestor de Cookies HTTP (Sesión JSESSIONID) superseded by Gestor de Cookies HTTP (Sesión JSESSIONID)
2026-09-17 17:35:59,600 WARN o.a.j.p.h.s.HTTPSamplerBase: Existing CookieManager Gestor de Cookies HTTP (Sesión JSESSIONID) superseded by Gestor de Cookies HTTP (Sesión JSESSIONID)
2026-09-17 17:35:59,638 WARN o.a.j.p.h.s.HTTPSamplerBase: Existing CookieManager Gestor de Cookies HTTP (Sesión JSESSIONID) superseded by Gestor de Cookies HTTP (Sesión JSESSIONID)
2026-09-17 17:35:59,665 WARN o.a.j.p.h.s.HTTPSamplerBase: Existing CookieManager Gestor de Cookies HTTP (Sesión JSESSIONID) superseded by Gestor de Cookies HTTP (Sesión JSESSIONID)
2026-09-17 17:35:59,703 INFO o.a.j.t.JMeterThread: Thread started: 3. PRUEBA DE ESTRÉS (200 Usuarios Concurrentes - Pico) 1-195
2026-09-17 17:35:59,761 WARN o.a.j.p.h.s.HTTPSamplerBase: Existing CookieManager Gestor de Cookies HTTP (Sesión JSESSIONID) superseded by Gestor de Cookies HTTP (Sesión JSESSIONID)
2026-09-17 17:35:59,761 WARN o.a.j.p.h.s.HTTPSamplerBase: Existing CookieManager Gestor de Cookies HTTP (Sesión JSESSIONID) superseded by Gestor de Cookies HTTP (Sesión JSESSIONID)
2026-09-17 17:35:59,761 WARN o.a.j.p.h.s.HTTPSamplerBase: Existing CookieManager Gestor de Cookies HTTP (Sesión JSESSIONID) superseded by Gestor de Cookies HTTP (Sesión JSESSIONID)
2026-09-17 17:35:59,777 WARN o.a.j.p.h.s.HTTPSamplerBase: Existing CookieManager Gestor de Cookies HTTP (Sesión JSESSIONID) superseded by Gestor de Cookies HTTP (Sesión JSESSIONID)
2026-09-17 17:35:59,779 WARN o.a.j.p.h.s.HTTPSamplerBase: Existing CookieManager Gestor de Cookies HTTP (Sesión JSESSIONID) superseded by Gestor de Cookies HTTP (Sesión JSESSIONID)
2026-09-17 17:35:59,857 INFO o.a.j.t.JMeterThread: Thread started: 3. PRUEBA DE ESTRÉS (200 Usuarios Concurrentes - Pico) 1-196
2026-09-17 17:35:59,956 WARN o.a.j.p.h.s.HTTPSamplerBase: Existing CookieManager Gestor de Cookies HTTP (Sesión JSESSIONID) superseded by Gestor de Cookies HTTP (Sesión JSESSIONID)
2026-09-17 17:36:00,001 INFO o.a.j.t.JMeterThread: Thread started: 3. PRUEBA DE ESTRÉS (200 Usuarios Concurrentes - Pico) 1-197
2026-09-17 17:36:00,111 WARN o.a.j.p.h.s.HTTPSamplerBase: Existing CookieManager Gestor de Cookies HTTP (Sesión JSESSIONID) superseded by Gestor de Cookies HTTP (Sesión JSESSIONID)
2026-09-17 17:36:00,111 WARN o.a.j.p.h.s.HTTPSamplerBase: Existing CookieManager Gestor de Cookies HTTP (Sesión JSESSIONID) superseded by Gestor de Cookies HTTP (Sesión JSESSIONID)
2026-09-17 17:36:00,120 WARN o.a.j.p.h.s.HTTPSamplerBase: Existing CookieManager Gestor de Cookies HTTP (Sesión JSESSIONID) superseded by Gestor de Cookies HTTP (Sesión JSESSIONID)
2026-09-17 17:36:00,152 INFO o.a.j.t.JMeterThread: Thread started: 3. PRUEBA DE ESTRÉS (200 Usuarios Concurrentes - Pico) 1-198
2026-09-17 17:36:00,302 INFO o.a.j.t.JMeterThread: Thread started: 3. PRUEBA DE ESTRÉS (200 Usuarios Concurrentes - Pico) 1-199
2026-09-17 17:36:00,310 WARN o.a.j.p.h.s.HTTPSamplerBase: Existing CookieManager Gestor de Cookies HTTP (Sesión JSESSIONID) superseded by Gestor de Cookies HTTP (Sesión JSESSIONID)
2026-09-17 17:36:00,401 WARN o.a.j.p.h.s.HTTPSamplerBase: Existing CookieManager Gestor de Cookies HTTP (Sesión JSESSIONID) superseded by Gestor de Cookies HTTP (Sesión JSESSIONID)
2026-09-17 17:36:00,452 INFO o.a.j.t.JMeterThread: Thread started: 3. PRUEBA DE ESTRÉS (200 Usuarios Concurrentes - Pico) 1-200
2026-09-17 17:36:00,474 WARN o.a.j.p.h.s.HTTPSamplerBase: Existing CookieManager Gestor de Cookies HTTP (Sesión JSESSIONID) superseded by Gestor de Cookies HTTP (Sesión JSESSIONID)
2026-09-17 17:36:00,487 WARN o.a.j.p.h.s.HTTPSamplerBase: Existing CookieManager Gestor de Cookies HTTP (Sesión JSESSIONID) superseded by Gestor de Cookies HTTP (Sesión JSESSIONID)
2026-09-17 17:36:00,508 WARN o.a.j.p.h.s.HTTPSamplerBase: Existing CookieManager Gestor de Cookies HTTP (Sesión JSESSIONID) superseded by Gestor de Cookies HTTP (Sesión JSESSIONID)
2026-09-17 17:36:00,947 WARN o.a.j.p.h.s.HTTPSamplerBase: Existing CookieManager Gestor de Cookies HTTP (Sesión JSESSIONID) superseded by Gestor de Cookies HTTP (Sesión JSESSIONID)
2026-09-17 17:36:01,091 WARN o.a.j.p.h.s.HTTPSamplerBase: Existing CookieManager Gestor de Cookies HTTP (Sesión JSESSIONID) superseded by Gestor de Cookies HTTP (Sesión JSESSIONID)
2026-09-17 17:36:01,100 WARN o.a.j.p.h.s.HTTPSamplerBase: Existing CookieManager Gestor de Cookies HTTP (Sesión JSESSIONID) superseded by Gestor de Cookies HTTP (Sesión JSESSIONID)
2026-09-17 17:36:01,266 WARN o.a.j.p.h.s.HTTPSamplerBase: Existing CookieManager Gestor de Cookies HTTP (Sesión JSESSIONID) superseded by Gestor de Cookies HTTP (Sesión JSESSIONID)
2026-09-17 17:36:01,266 WARN o.a.j.p.h.s.HTTPSamplerBase: Existing CookieManager Gestor de Cookies HTTP (Sesión JSESSIONID) superseded by Gestor de Cookies HTTP (Sesión JSESSIONID)
2026-09-17 17:36:01,266 WARN o.a.j.p.h.s.HTTPSamplerBase: Existing CookieManager Gestor de Cookies HTTP (Sesión JSESSIONID) superseded by Gestor de Cookies HTTP (Sesión JSESSIONID)
2026-09-17 17:36:01,266 WARN o.a.j.p.h.s.HTTPSamplerBase: Existing CookieManager Gestor de Cookies HTTP (Sesión JSESSIONID) superseded by Gestor de Cookies HTTP (Sesión JSESSIONID)
2026-09-17 17:36:01,273 WARN o.a.j.p.h.s.HTTPSamplerBase: Existing CookieManager Gestor de Cookies HTTP (Sesión JSESSIONID) superseded by Gestor de Cookies HTTP (Sesión JSESSIONID)
2026-09-17 17:36:01,283 WARN o.a.j.p.h.s.HTTPSamplerBase: Existing CookieManager Gestor de Cookies HTTP (Sesión JSESSIONID) superseded by Gestor de Cookies HTTP (Sesión JSESSIONID)
2026-09-17 17:36:01,415 WARN o.a.j.p.h.s.HTTPSamplerBase: Existing CookieManager Gestor de Cookies HTTP (Sesión JSESSIONID) superseded by Gestor de Cookies HTTP (Sesión JSESSIONID)
2026-09-17 17:36:01,415 WARN o.a.j.p.h.s.HTTPSamplerBase: Existing CookieManager Gestor de Cookies HTTP (Sesión JSESSIONID) superseded by Gestor de Cookies HTTP (Sesión JSESSIONID)
2026-09-17 17:36:01,552 WARN o.a.j.p.h.s.HTTPSamplerBase: Existing CookieManager Gestor de Cookies HTTP (Sesión JSESSIONID) superseded by Gestor de Cookies HTTP (Sesión JSESSIONID)
2026-09-17 17:36:01,627 WARN o.a.j.p.h.s.HTTPSamplerBase: Existing CookieManager Gestor de Cookies HTTP (Sesión JSESSIONID) superseded by Gestor de Cookies HTTP (Sesión JSESSIONID)
2026-09-17 17:36:01,791 WARN o.a.j.p.h.s.HTTPSamplerBase: Existing CookieManager Gestor de Cookies HTTP (Sesión JSESSIONID) superseded by Gestor de Cookies HTTP (Sesión JSESSIONID)
2026-09-17 17:36:01,791 WARN o.a.j.p.h.s.HTTPSamplerBase: Existing CookieManager Gestor de Cookies HTTP (Sesión JSESSIONID) superseded by Gestor de Cookies HTTP (Sesión JSESSIONID)
2026-09-17 17:36:01,796 WARN o.a.j.p.h.s.HTTPSamplerBase: Existing CookieManager Gestor de Cookies HTTP (Sesión JSESSIONID) superseded by Gestor de Cookies HTTP (Sesión JSESSIONID)
2026-09-17 17:36:01,910 WARN o.a.j.p.h.s.HTTPSamplerBase: Existing CookieManager Gestor de Cookies HTTP (Sesión JSESSIONID) superseded by Gestor de Cookies HTTP (Sesión JSESSIONID)
2026-09-17 17:36:01,971 WARN o.a.j.p.h.s.HTTPSamplerBase: Existing CookieManager Gestor de Cookies HTTP (Sesión JSESSIONID) superseded by Gestor de Cookies HTTP (Sesión JSESSIONID)
2026-09-17 17:36:01,973 WARN o.a.j.p.h.s.HTTPSamplerBase: Existing CookieManager Gestor de Cookies HTTP (Sesión JSESSIONID) superseded by Gestor de Cookies HTTP (Sesión JSESSIONID)
2026-09-17 17:36:01,973 WARN o.a.j.p.h.s.HTTPSamplerBase: Existing CookieManager Gestor de Cookies HTTP (Sesión JSESSIONID) superseded by Gestor de Cookies HTTP (Sesión JSESSIONID)
2026-09-17 17:36:02,080 WARN o.a.j.p.h.s.HTTPSamplerBase: Existing CookieManager Gestor de Cookies HTTP (Sesión JSESSIONID) superseded by Gestor de Cookies HTTP (Sesión JSESSIONID)
2026-09-17 17:36:02,148 WARN o.a.j.p.h.s.HTTPSamplerBase: Existing CookieManager Gestor de Cookies HTTP (Sesión JSESSIONID) superseded by Gestor de Cookies HTTP (Sesión JSESSIONID)
2026-09-17 17:36:02,150 WARN o.a.j.p.h.s.HTTPSamplerBase: Existing CookieManager Gestor de Cookies HTTP (Sesión JSESSIONID) superseded by Gestor de Cookies HTTP (Sesión JSESSIONID)
2026-09-17 17:36:02,299 WARN o.a.j.p.h.s.HTTPSamplerBase: Existing CookieManager Gestor de Cookies HTTP (Sesión JSESSIONID) superseded by Gestor de Cookies HTTP (Sesión JSESSIONID)
2026-09-17 17:36:02,318 WARN o.a.j.p.h.s.HTTPSamplerBase: Existing CookieManager Gestor de Cookies HTTP (Sesión JSESSIONID) superseded by Gestor de Cookies HTTP (Sesión JSESSIONID)
2026-09-17 17:36:02,415 WARN o.a.j.p.h.s.HTTPSamplerBase: Existing CookieManager Gestor de Cookies HTTP (Sesión JSESSIONID) superseded by Gestor de Cookies HTTP (Sesión JSESSIONID)
2026-09-17 17:36:02,416 WARN o.a.j.p.h.s.HTTPSamplerBase: Existing CookieManager Gestor de Cookies HTTP (Sesión JSESSIONID) superseded by Gestor de Cookies HTTP (Sesión JSESSIONID)
2026-09-17 17:36:02,436 WARN o.a.j.p.h.s.HTTPSamplerBase: Existing CookieManager Gestor de Cookies HTTP (Sesión JSESSIONID) superseded by Gestor de Cookies HTTP (Sesión JSESSIONID)
2026-09-17 17:36:02,477 WARN o.a.j.p.h.s.HTTPSamplerBase: Existing CookieManager Gestor de Cookies HTTP (Sesión JSESSIONID) superseded by Gestor de Cookies HTTP (Sesión JSESSIONID)
2026-09-17 17:36:02,501 WARN o.a.j.p.h.s.HTTPSamplerBase: Existing CookieManager Gestor de Cookies HTTP (Sesión JSESSIONID) superseded by Gestor de Cookies HTTP (Sesión JSESSIONID)
2026-09-17 17:36:02,508 WARN o.a.j.p.h.s.HTTPSamplerBase: Existing CookieManager Gestor de Cookies HTTP (Sesión JSESSIONID) superseded by Gestor de Cookies HTTP (Sesión JSESSIONID)
2026-09-17 17:36:02,623 WARN o.a.j.p.h.s.HTTPSamplerBase: Existing CookieManager Gestor de Cookies HTTP (Sesión JSESSIONID) superseded by Gestor de Cookies HTTP (Sesión JSESSIONID)
2026-09-17 17:36:02,634 WARN o.a.j.p.h.s.HTTPSamplerBase: Existing CookieManager Gestor de Cookies HTTP (Sesión JSESSIONID) superseded by Gestor de Cookies HTTP (Sesión JSESSIONID)
2026-09-17 17:36:02,815 WARN o.a.j.p.h.s.HTTPSamplerBase: Existing CookieManager Gestor de Cookies HTTP (Sesión JSESSIONID) superseded by Gestor de Cookies HTTP (Sesión JSESSIONID)
2026-09-17 17:36:02,815 WARN o.a.j.p.h.s.HTTPSamplerBase: Existing CookieManager Gestor de Cookies HTTP (Sesión JSESSIONID) superseded by Gestor de Cookies HTTP (Sesión JSESSIONID)
2026-09-17 17:36:02,975 WARN o.a.j.p.h.s.HTTPSamplerBase: Existing CookieManager Gestor de Cookies HTTP (Sesión JSESSIONID) superseded by Gestor de Cookies HTTP (Sesión JSESSIONID)
2026-09-17 17:36:02,975 WARN o.a.j.p.h.s.HTTPSamplerBase: Existing CookieManager Gestor de Cookies HTTP (Sesión JSESSIONID) superseded by Gestor de Cookies HTTP (Sesión JSESSIONID)
2026-09-17 17:36:03,070 WARN o.a.j.p.h.s.HTTPSamplerBase: Existing CookieManager Gestor de Cookies HTTP (Sesión JSESSIONID) superseded by Gestor de Cookies HTTP (Sesión JSESSIONID)
2026-09-17 17:36:03,586 WARN o.a.j.p.h.s.HTTPSamplerBase: Existing CookieManager Gestor de Cookies HTTP (Sesión JSESSIONID) superseded by Gestor de Cookies HTTP (Sesión JSESSIONID)
2026-09-17 17:36:03,669 WARN o.a.j.p.h.s.HTTPSamplerBase: Existing CookieManager Gestor de Cookies HTTP (Sesión JSESSIONID) superseded by Gestor de Cookies HTTP (Sesión JSESSIONID)
2026-09-17 17:36:03,815 WARN o.a.j.p.h.s.HTTPSamplerBase: Existing CookieManager Gestor de Cookies HTTP (Sesión JSESSIONID) superseded by Gestor de Cookies HTTP (Sesión JSESSIONID)
2026-09-17 17:36:03,838 WARN o.a.j.p.h.s.HTTPSamplerBase: Existing CookieManager Gestor de Cookies HTTP (Sesión JSESSIONID) superseded by Gestor de Cookies HTTP (Sesión JSESSIONID)
2026-09-17 17:36:04,398 WARN o.a.j.p.h.s.HTTPSamplerBase: Existing CookieManager Gestor de Cookies HTTP (Sesión JSESSIONID) superseded by Gestor de Cookies HTTP (Sesión JSESSIONID)
2026-09-17 17:36:04,418 WARN o.a.j.p.h.s.HTTPSamplerBase: Existing CookieManager Gestor de Cookies HTTP (Sesión JSESSIONID) superseded by Gestor de Cookies HTTP (Sesión JSESSIONID)
2026-09-17 17:36:04,418 WARN o.a.j.p.h.s.HTTPSamplerBase: Existing CookieManager Gestor de Cookies HTTP (Sesión JSESSIONID) superseded by Gestor de Cookies HTTP (Sesión JSESSIONID)
2026-09-17 17:36:04,577 WARN o.a.j.p.h.s.HTTPSamplerBase: Existing CookieManager Gestor de Cookies HTTP (Sesión JSESSIONID) superseded by Gestor de Cookies HTTP (Sesión JSESSIONID)
2026-09-17 17:36:04,577 WARN o.a.j.p.h.s.HTTPSamplerBase: Existing CookieManager Gestor de Cookies HTTP (Sesión JSESSIONID) superseded by Gestor de Cookies HTTP (Sesión JSESSIONID)
2026-09-17 17:36:04,665 WARN o.a.j.p.h.s.HTTPSamplerBase: Existing CookieManager Gestor de Cookies HTTP (Sesión JSESSIONID) superseded by Gestor de Cookies HTTP (Sesión JSESSIONID)
2026-09-17 17:36:04,796 WARN o.a.j.p.h.s.HTTPSamplerBase: Existing CookieManager Gestor de Cookies HTTP (Sesión JSESSIONID) superseded by Gestor de Cookies HTTP (Sesión JSESSIONID)
2026-09-17 17:36:04,796 WARN o.a.j.p.h.s.HTTPSamplerBase: Existing CookieManager Gestor de Cookies HTTP (Sesión JSESSIONID) superseded by Gestor de Cookies HTTP (Sesión JSESSIONID)
2026-09-17 17:36:04,924 WARN o.a.j.p.h.s.HTTPSamplerBase: Existing CookieManager Gestor de Cookies HTTP (Sesión JSESSIONID) superseded by Gestor de Cookies HTTP (Sesión JSESSIONID)
2026-09-17 17:36:04,924 WARN o.a.j.p.h.s.HTTPSamplerBase: Existing CookieManager Gestor de Cookies HTTP (Sesión JSESSIONID) superseded by Gestor de Cookies HTTP (Sesión JSESSIONID)
2026-09-17 17:36:04,932 WARN o.a.j.p.h.s.HTTPSamplerBase: Existing CookieManager Gestor de Cookies HTTP (Sesión JSESSIONID) superseded by Gestor de Cookies HTTP (Sesión JSESSIONID)
2026-09-17 17:36:05,293 WARN o.a.j.p.h.s.HTTPSamplerBase: Existing CookieManager Gestor de Cookies HTTP (Sesión JSESSIONID) superseded by Gestor de Cookies HTTP (Sesión JSESSIONID)
2026-09-17 17:36:05,293 WARN o.a.j.p.h.s.HTTPSamplerBase: Existing CookieManager Gestor de Cookies HTTP (Sesión JSESSIONID) superseded by Gestor de Cookies HTTP (Sesión JSESSIONID)
2026-09-17 17:36:05,293 WARN o.a.j.p.h.s.HTTPSamplerBase: Existing CookieManager Gestor de Cookies HTTP (Sesión JSESSIONID) superseded by Gestor de Cookies HTTP (Sesión JSESSIONID)
2026-09-17 17:36:05,356 WARN o.a.j.p.h.s.HTTPSamplerBase: Existing CookieManager Gestor de Cookies HTTP (Sesión JSESSIONID) superseded by Gestor de Cookies HTTP (Sesión JSESSIONID)
2026-09-17 17:36:05,525 WARN o.a.j.p.h.s.HTTPSamplerBase: Existing CookieManager Gestor de Cookies HTTP (Sesión JSESSIONID) superseded by Gestor de Cookies HTTP (Sesión JSESSIONID)
2026-09-17 17:36:05,580 WARN o.a.j.p.h.s.HTTPSamplerBase: Existing CookieManager Gestor de Cookies HTTP (Sesión JSESSIONID) superseded by Gestor de Cookies HTTP (Sesión JSESSIONID)
2026-09-17 17:36:05,589 WARN o.a.j.p.h.s.HTTPSamplerBase: Existing CookieManager Gestor de Cookies HTTP (Sesión JSESSIONID) superseded by Gestor de Cookies HTTP (Sesión JSESSIONID)
2026-09-17 17:36:05,664 WARN o.a.j.p.h.s.HTTPSamplerBase: Existing CookieManager Gestor de Cookies HTTP (Sesión JSESSIONID) superseded by Gestor de Cookies HTTP (Sesión JSESSIONID)
2026-09-17 17:36:05,665 WARN o.a.j.p.h.s.HTTPSamplerBase: Existing CookieManager Gestor de Cookies HTTP (Sesión JSESSIONID) superseded by Gestor de Cookies HTTP (Sesión JSESSIONID)
2026-09-17 17:36:05,668 WARN o.a.j.p.h.s.HTTPSamplerBase: Existing CookieManager Gestor de Cookies HTTP (Sesión JSESSIONID) superseded by Gestor de Cookies HTTP (Sesión JSESSIONID)
2026-09-17 17:36:05,670 WARN o.a.j.p.h.s.HTTPSamplerBase: Existing CookieManager Gestor de Cookies HTTP (Sesión JSESSIONID) superseded by Gestor de Cookies HTTP (Sesión JSESSIONID)
2026-09-17 17:36:05,804 WARN o.a.j.p.h.s.HTTPSamplerBase: Existing CookieManager Gestor de Cookies HTTP (Sesión JSESSIONID) superseded by Gestor de Cookies HTTP (Sesión JSESSIONID)
2026-09-17 17:36:05,805 WARN o.a.j.p.h.s.HTTPSamplerBase: Existing CookieManager Gestor de Cookies HTTP (Sesión JSESSIONID) superseded by Gestor de Cookies HTTP (Sesión JSESSIONID)
2026-09-17 17:36:05,804 WARN o.a.j.p.h.s.HTTPSamplerBase: Existing CookieManager Gestor de Cookies HTTP (Sesión JSESSIONID) superseded by Gestor de Cookies HTTP (Sesión JSESSIONID)
2026-09-17 17:36:06,132 WARN o.a.j.p.h.s.HTTPSamplerBase: Existing CookieManager Gestor de Cookies HTTP (Sesión JSESSIONID) superseded by Gestor de Cookies HTTP (Sesión JSESSIONID)
2026-09-17 17:36:06,289 WARN o.a.j.p.h.s.HTTPSamplerBase: Existing CookieManager Gestor de Cookies HTTP (Sesión JSESSIONID) superseded by Gestor de Cookies HTTP (Sesión JSESSIONID)
2026-09-17 17:36:06,411 WARN o.a.j.p.h.s.HTTPSamplerBase: Existing CookieManager Gestor de Cookies HTTP (Sesión JSESSIONID) superseded by Gestor de Cookies HTTP (Sesión JSESSIONID)
2026-09-17 17:36:06,412 WARN o.a.j.p.h.s.HTTPSamplerBase: Existing CookieManager Gestor de Cookies HTTP (Sesión JSESSIONID) superseded by Gestor de Cookies HTTP (Sesión JSESSIONID)
2026-09-17 17:36:06,552 WARN o.a.j.p.h.s.HTTPSamplerBase: Existing CookieManager Gestor de Cookies HTTP (Sesión JSESSIONID) superseded by Gestor de Cookies HTTP (Sesión JSESSIONID)
2026-09-17 17:36:06,554 WARN o.a.j.p.h.s.HTTPSamplerBase: Existing CookieManager Gestor de Cookies HTTP (Sesión JSESSIONID) superseded by Gestor de Cookies HTTP (Sesión JSESSIONID)
2026-09-17 17:36:06,795 WARN o.a.j.p.h.s.HTTPSamplerBase: Existing CookieManager Gestor de Cookies HTTP (Sesión JSESSIONID) superseded by Gestor de Cookies HTTP (Sesión JSESSIONID)
2026-09-17 17:36:06,795 WARN o.a.j.p.h.s.HTTPSamplerBase: Existing CookieManager Gestor de Cookies HTTP (Sesión JSESSIONID) superseded by Gestor de Cookies HTTP (Sesión JSESSIONID)
2026-09-17 17:36:06,871 WARN o.a.j.p.h.s.HTTPSamplerBase: Existing CookieManager Gestor de Cookies HTTP (Sesión JSESSIONID) superseded by Gestor de Cookies HTTP (Sesión JSESSIONID)
2026-09-17 17:36:06,916 WARN o.a.j.p.h.s.HTTPSamplerBase: Existing CookieManager Gestor de Cookies HTTP (Sesión JSESSIONID) superseded by Gestor de Cookies HTTP (Sesión JSESSIONID)
2026-09-17 17:36:07,086 WARN o.a.j.p.h.s.HTTPSamplerBase: Existing CookieManager Gestor de Cookies HTTP (Sesión JSESSIONID) superseded by Gestor de Cookies HTTP (Sesión JSESSIONID)
2026-09-17 17:36:07,310 WARN o.a.j.p.h.s.HTTPSamplerBase: Existing CookieManager Gestor de Cookies HTTP (Sesión JSESSIONID) superseded by Gestor de Cookies HTTP (Sesión JSESSIONID)
2026-09-17 17:36:07,370 WARN o.a.j.p.h.s.HTTPSamplerBase: Existing CookieManager Gestor de Cookies HTTP (Sesión JSESSIONID) superseded by Gestor de Cookies HTTP (Sesión JSESSIONID)
2026-09-17 17:36:07,370 WARN o.a.j.p.h.s.HTTPSamplerBase: Existing CookieManager Gestor de Cookies HTTP (Sesión JSESSIONID) superseded by Gestor de Cookies HTTP (Sesión JSESSIONID)
2026-09-17 17:36:07,512 WARN o.a.j.p.h.s.HTTPSamplerBase: Existing CookieManager Gestor de Cookies HTTP (Sesión JSESSIONID) superseded by Gestor de Cookies HTTP (Sesión JSESSIONID)
2026-09-17 17:36:07,513 WARN o.a.j.p.h.s.HTTPSamplerBase: Existing CookieManager Gestor de Cookies HTTP (Sesión JSESSIONID) superseded by Gestor de Cookies HTTP (Sesión JSESSIONID)
2026-09-17 17:36:07,605 WARN o.a.j.p.h.s.HTTPSamplerBase: Existing CookieManager Gestor de Cookies HTTP (Sesión JSESSIONID) superseded by Gestor de Cookies HTTP (Sesión JSESSIONID)
2026-09-17 17:36:07,673 WARN o.a.j.p.h.s.HTTPSamplerBase: Existing CookieManager Gestor de Cookies HTTP (Sesión JSESSIONID) superseded by Gestor de Cookies HTTP (Sesión JSESSIONID)
2026-09-17 17:36:07,854 WARN o.a.j.p.h.s.HTTPSamplerBase: Existing CookieManager Gestor de Cookies HTTP (Sesión JSESSIONID) superseded by Gestor de Cookies HTTP (Sesión JSESSIONID)
2026-09-17 17:36:08,058 WARN o.a.j.p.h.s.HTTPSamplerBase: Existing CookieManager Gestor de Cookies HTTP (Sesión JSESSIONID) superseded by Gestor de Cookies HTTP (Sesión JSESSIONID)
2026-09-17 17:36:08,062 WARN o.a.j.p.h.s.HTTPSamplerBase: Existing CookieManager Gestor de Cookies HTTP (Sesión JSESSIONID) superseded by Gestor de Cookies HTTP (Sesión JSESSIONID)
2026-09-17 17:36:08,062 WARN o.a.j.p.h.s.HTTPSamplerBase: Existing CookieManager Gestor de Cookies HTTP (Sesión JSESSIONID) superseded by Gestor de Cookies HTTP (Sesión JSESSIONID)
2026-09-17 17:36:08,294 WARN o.a.j.p.h.s.HTTPSamplerBase: Existing CookieManager Gestor de Cookies HTTP (Sesión JSESSIONID) superseded by Gestor de Cookies HTTP (Sesión JSESSIONID)
2026-09-17 17:36:08,378 WARN o.a.j.p.h.s.HTTPSamplerBase: Existing CookieManager Gestor de Cookies HTTP (Sesión JSESSIONID) superseded by Gestor de Cookies HTTP (Sesión JSESSIONID)
2026-09-17 17:36:08,499 WARN o.a.j.p.h.s.HTTPSamplerBase: Existing CookieManager Gestor de Cookies HTTP (Sesión JSESSIONID) superseded by Gestor de Cookies HTTP (Sesión JSESSIONID)
2026-09-17 17:36:08,501 WARN o.a.j.p.h.s.HTTPSamplerBase: Existing CookieManager Gestor de Cookies HTTP (Sesión JSESSIONID) superseded by Gestor de Cookies HTTP (Sesión JSESSIONID)
2026-09-17 17:36:08,501 WARN o.a.j.p.h.s.HTTPSamplerBase: Existing CookieManager Gestor de Cookies HTTP (Sesión JSESSIONID) superseded by Gestor de Cookies HTTP (Sesión JSESSIONID)
2026-09-17 17:36:08,503 WARN o.a.j.p.h.s.HTTPSamplerBase: Existing CookieManager Gestor de Cookies HTTP (Sesión JSESSIONID) superseded by Gestor de Cookies HTTP (Sesión JSESSIONID)
2026-09-17 17:36:08,508 WARN o.a.j.p.h.s.HTTPSamplerBase: Existing CookieManager Gestor de Cookies HTTP (Sesión JSESSIONID) superseded by Gestor de Cookies HTTP (Sesión JSESSIONID)
2026-09-17 17:36:08,811 WARN o.a.j.p.h.s.HTTPSamplerBase: Existing CookieManager Gestor de Cookies HTTP (Sesión JSESSIONID) superseded by Gestor de Cookies HTTP (Sesión JSESSIONID)
2026-09-17 17:36:08,999 WARN o.a.j.p.h.s.HTTPSamplerBase: Existing CookieManager Gestor de Cookies HTTP (Sesión JSESSIONID) superseded by Gestor de Cookies HTTP (Sesión JSESSIONID)
2026-09-17 17:36:09,342 WARN o.a.j.p.h.s.HTTPSamplerBase: Existing CookieManager Gestor de Cookies HTTP (Sesión JSESSIONID) superseded by Gestor de Cookies HTTP (Sesión JSESSIONID)
2026-09-17 17:36:09,481 WARN o.a.j.p.h.s.HTTPSamplerBase: Existing CookieManager Gestor de Cookies HTTP (Sesión JSESSIONID) superseded by Gestor de Cookies HTTP (Sesión JSESSIONID)
2026-09-17 17:36:09,481 WARN o.a.j.p.h.s.HTTPSamplerBase: Existing CookieManager Gestor de Cookies HTTP (Sesión JSESSIONID) superseded by Gestor de Cookies HTTP (Sesión JSESSIONID)
2026-09-17 17:36:09,481 WARN o.a.j.p.h.s.HTTPSamplerBase: Existing CookieManager Gestor de Cookies HTTP (Sesión JSESSIONID) superseded by Gestor de Cookies HTTP (Sesión JSESSIONID)
2026-09-17 17:36:09,559 WARN o.a.j.p.h.s.HTTPSamplerBase: Existing CookieManager Gestor de Cookies HTTP (Sesión JSESSIONID) superseded by Gestor de Cookies HTTP (Sesión JSESSIONID)
2026-09-17 17:36:09,671 WARN o.a.j.p.h.s.HTTPSamplerBase: Existing CookieManager Gestor de Cookies HTTP (Sesión JSESSIONID) superseded by Gestor de Cookies HTTP (Sesión JSESSIONID)
2026-09-17 17:36:09,963 WARN o.a.j.p.h.s.HTTPSamplerBase: Existing CookieManager Gestor de Cookies HTTP (Sesión JSESSIONID) superseded by Gestor de Cookies HTTP (Sesión JSESSIONID)
2026-09-17 17:36:09,963 WARN o.a.j.p.h.s.HTTPSamplerBase: Existing CookieManager Gestor de Cookies HTTP (Sesión JSESSIONID) superseded by Gestor de Cookies HTTP (Sesión JSESSIONID)
2026-09-17 17:36:09,963 WARN o.a.j.p.h.s.HTTPSamplerBase: Existing CookieManager Gestor de Cookies HTTP (Sesión JSESSIONID) superseded by Gestor de Cookies HTTP (Sesión JSESSIONID)
2026-09-17 17:36:09,964 WARN o.a.j.p.h.s.HTTPSamplerBase: Existing CookieManager Gestor de Cookies HTTP (Sesión JSESSIONID) superseded by Gestor de Cookies HTTP (Sesión JSESSIONID)
2026-09-17 17:36:10,085 WARN o.a.j.p.h.s.HTTPSamplerBase: Existing CookieManager Gestor de Cookies HTTP (Sesión JSESSIONID) superseded by Gestor de Cookies HTTP (Sesión JSESSIONID)
2026-09-17 17:36:10,390 WARN o.a.j.p.h.s.HTTPSamplerBase: Existing CookieManager Gestor de Cookies HTTP (Sesión JSESSIONID) superseded by Gestor de Cookies HTTP (Sesión JSESSIONID)
2026-09-17 17:36:10,390 WARN o.a.j.p.h.s.HTTPSamplerBase: Existing CookieManager Gestor de Cookies HTTP (Sesión JSESSIONID) superseded by Gestor de Cookies HTTP (Sesión JSESSIONID)
2026-09-17 17:36:10,443 WARN o.a.j.p.h.s.HTTPSamplerBase: Existing CookieManager Gestor de Cookies HTTP (Sesión JSESSIONID) superseded by Gestor de Cookies HTTP (Sesión JSESSIONID)
2026-09-17 17:36:10,567 WARN o.a.j.p.h.s.HTTPSamplerBase: Existing CookieManager Gestor de Cookies HTTP (Sesión JSESSIONID) superseded by Gestor de Cookies HTTP (Sesión JSESSIONID)
2026-09-17 17:36:10,571 WARN o.a.j.p.h.s.HTTPSamplerBase: Existing CookieManager Gestor de Cookies HTTP (Sesión JSESSIONID) superseded by Gestor de Cookies HTTP (Sesión JSESSIONID)
2026-09-17 17:36:10,574 WARN o.a.j.p.h.s.HTTPSamplerBase: Existing CookieManager Gestor de Cookies HTTP (Sesión JSESSIONID) superseded by Gestor de Cookies HTTP (Sesión JSESSIONID)
2026-09-17 17:36:10,735 WARN o.a.j.p.h.s.HTTPSamplerBase: Existing CookieManager Gestor de Cookies HTTP (Sesión JSESSIONID) superseded by Gestor de Cookies HTTP (Sesión JSESSIONID)
2026-09-17 17:36:10,736 WARN o.a.j.p.h.s.HTTPSamplerBase: Existing CookieManager Gestor de Cookies HTTP (Sesión JSESSIONID) superseded by Gestor de Cookies HTTP (Sesión JSESSIONID)
2026-09-17 17:36:10,874 WARN o.a.j.p.h.s.HTTPSamplerBase: Existing CookieManager Gestor de Cookies HTTP (Sesión JSESSIONID) superseded by Gestor de Cookies HTTP (Sesión JSESSIONID)
2026-09-17 17:36:10,874 WARN o.a.j.p.h.s.HTTPSamplerBase: Existing CookieManager Gestor de Cookies HTTP (Sesión JSESSIONID) superseded by Gestor de Cookies HTTP (Sesión JSESSIONID)
2026-09-17 17:36:10,874 WARN o.a.j.p.h.s.HTTPSamplerBase: Existing CookieManager Gestor de Cookies HTTP (Sesión JSESSIONID) superseded by Gestor de Cookies HTTP (Sesión JSESSIONID)
2026-09-17 17:36:10,874 WARN o.a.j.p.h.s.HTTPSamplerBase: Existing CookieManager Gestor de Cookies HTTP (Sesión JSESSIONID) superseded by Gestor de Cookies HTTP (Sesión JSESSIONID)
2026-09-17 17:36:10,874 WARN o.a.j.p.h.s.HTTPSamplerBase: Existing CookieManager Gestor de Cookies HTTP (Sesión JSESSIONID) superseded by Gestor de Cookies HTTP (Sesión JSESSIONID)
2026-09-17 17:36:10,874 WARN o.a.j.p.h.s.HTTPSamplerBase: Existing CookieManager Gestor de Cookies HTTP (Sesión JSESSIONID) superseded by Gestor de Cookies HTTP (Sesión JSESSIONID)
2026-09-17 17:36:10,875 WARN o.a.j.p.h.s.HTTPSamplerBase: Existing CookieManager Gestor de Cookies HTTP (Sesión JSESSIONID) superseded by Gestor de Cookies HTTP (Sesión JSESSIONID)
2026-09-17 17:36:11,038 WARN o.a.j.p.h.s.HTTPSamplerBase: Existing CookieManager Gestor de Cookies HTTP (Sesión JSESSIONID) superseded by Gestor de Cookies HTTP (Sesión JSESSIONID)
2026-09-17 17:36:11,041 WARN o.a.j.p.h.s.HTTPSamplerBase: Existing CookieManager Gestor de Cookies HTTP (Sesión JSESSIONID) superseded by Gestor de Cookies HTTP (Sesión JSESSIONID)
2026-09-17 17:36:11,129 WARN o.a.j.p.h.s.HTTPSamplerBase: Existing CookieManager Gestor de Cookies HTTP (Sesión JSESSIONID) superseded by Gestor de Cookies HTTP (Sesión JSESSIONID)
2026-09-17 17:36:11,206 WARN o.a.j.p.h.s.HTTPSamplerBase: Existing CookieManager Gestor de Cookies HTTP (Sesión JSESSIONID) superseded by Gestor de Cookies HTTP (Sesión JSESSIONID)
2026-09-17 17:36:11,210 WARN o.a.j.p.h.s.HTTPSamplerBase: Existing CookieManager Gestor de Cookies HTTP (Sesión JSESSIONID) superseded by Gestor de Cookies HTTP (Sesión JSESSIONID)
2026-09-17 17:36:11,243 WARN o.a.j.p.h.s.HTTPSamplerBase: Existing CookieManager Gestor de Cookies HTTP (Sesión JSESSIONID) superseded by Gestor de Cookies HTTP (Sesión JSESSIONID)
2026-09-17 17:36:11,244 WARN o.a.j.p.h.s.HTTPSamplerBase: Existing CookieManager Gestor de Cookies HTTP (Sesión JSESSIONID) superseded by Gestor de Cookies HTTP (Sesión JSESSIONID)
2026-09-17 17:36:11,343 WARN o.a.j.p.h.s.HTTPSamplerBase: Existing CookieManager Gestor de Cookies HTTP (Sesión JSESSIONID) superseded by Gestor de Cookies HTTP (Sesión JSESSIONID)
2026-09-17 17:36:11,487 WARN o.a.j.p.h.s.HTTPSamplerBase: Existing CookieManager Gestor de Cookies HTTP (Sesión JSESSIONID) superseded by Gestor de Cookies HTTP (Sesión JSESSIONID)
2026-09-17 17:36:11,490 WARN o.a.j.p.h.s.HTTPSamplerBase: Existing CookieManager Gestor de Cookies HTTP (Sesión JSESSIONID) superseded by Gestor de Cookies HTTP (Sesión JSESSIONID)
2026-09-17 17:36:11,490 WARN o.a.j.p.h.s.HTTPSamplerBase: Existing CookieManager Gestor de Cookies HTTP (Sesión JSESSIONID) superseded by Gestor de Cookies HTTP (Sesión JSESSIONID)
2026-09-17 17:36:11,498 WARN o.a.j.p.h.s.HTTPSamplerBase: Existing CookieManager Gestor de Cookies HTTP (Sesión JSESSIONID) superseded by Gestor de Cookies HTTP (Sesión JSESSIONID)
2026-09-17 17:36:11,593 WARN o.a.j.p.h.s.HTTPSamplerBase: Existing CookieManager Gestor de Cookies HTTP (Sesión JSESSIONID) superseded by Gestor de Cookies HTTP (Sesión JSESSIONID)
2026-09-17 17:36:12,003 WARN o.a.j.p.h.s.HTTPSamplerBase: Existing CookieManager Gestor de Cookies HTTP (Sesión JSESSIONID) superseded by Gestor de Cookies HTTP (Sesión JSESSIONID)
2026-09-17 17:36:12,003 WARN o.a.j.p.h.s.HTTPSamplerBase: Existing CookieManager Gestor de Cookies HTTP (Sesión JSESSIONID) superseded by Gestor de Cookies HTTP (Sesión JSESSIONID)
2026-09-17 17:36:12,003 WARN o.a.j.p.h.s.HTTPSamplerBase: Existing CookieManager Gestor de Cookies HTTP (Sesión JSESSIONID) superseded by Gestor de Cookies HTTP (Sesión JSESSIONID)
2026-09-17 17:36:12,003 WARN o.a.j.p.h.s.HTTPSamplerBase: Existing CookieManager Gestor de Cookies HTTP (Sesión JSESSIONID) superseded by Gestor de Cookies HTTP (Sesión JSESSIONID)
2026-09-17 17:36:12,009 WARN o.a.j.p.h.s.HTTPSamplerBase: Existing CookieManager Gestor de Cookies HTTP (Sesión JSESSIONID) superseded by Gestor de Cookies HTTP (Sesión JSESSIONID)
2026-09-17 17:36:12,055 WARN o.a.j.p.h.s.HTTPSamplerBase: Existing CookieManager Gestor de Cookies HTTP (Sesión JSESSIONID) superseded by Gestor de Cookies HTTP (Sesión JSESSIONID)
2026-09-17 17:36:12,055 WARN o.a.j.p.h.s.HTTPSamplerBase: Existing CookieManager Gestor de Cookies HTTP (Sesión JSESSIONID) superseded by Gestor de Cookies HTTP (Sesión JSESSIONID)
2026-09-17 17:36:12,236 WARN o.a.j.p.h.s.HTTPSamplerBase: Existing CookieManager Gestor de Cookies HTTP (Sesión JSESSIONID) superseded by Gestor de Cookies HTTP (Sesión JSESSIONID)
2026-09-17 17:36:12,493 WARN o.a.j.p.h.s.HTTPSamplerBase: Existing CookieManager Gestor de Cookies HTTP (Sesión JSESSIONID) superseded by Gestor de Cookies HTTP (Sesión JSESSIONID)
2026-09-17 17:36:12,497 WARN o.a.j.p.h.s.HTTPSamplerBase: Existing CookieManager Gestor de Cookies HTTP (Sesión JSESSIONID) superseded by Gestor de Cookies HTTP (Sesión JSESSIONID)
2026-09-17 17:36:12,564 WARN o.a.j.p.h.s.HTTPSamplerBase: Existing CookieManager Gestor de Cookies HTTP (Sesión JSESSIONID) superseded by Gestor de Cookies HTTP (Sesión JSESSIONID)
2026-09-17 17:36:12,568 WARN o.a.j.p.h.s.HTTPSamplerBase: Existing CookieManager Gestor de Cookies HTTP (Sesión JSESSIONID) superseded by Gestor de Cookies HTTP (Sesión JSESSIONID)
2026-09-17 17:36:12,568 WARN o.a.j.p.h.s.HTTPSamplerBase: Existing CookieManager Gestor de Cookies HTTP (Sesión JSESSIONID) superseded by Gestor de Cookies HTTP (Sesión JSESSIONID)
2026-09-17 17:36:12,577 WARN o.a.j.p.h.s.HTTPSamplerBase: Existing CookieManager Gestor de Cookies HTTP (Sesión JSESSIONID) superseded by Gestor de Cookies HTTP (Sesión JSESSIONID)
2026-09-17 17:36:12,707 WARN o.a.j.p.h.s.HTTPSamplerBase: Existing CookieManager Gestor de Cookies HTTP (Sesión JSESSIONID) superseded by Gestor de Cookies HTTP (Sesión JSESSIONID)
2026-09-17 17:36:12,872 WARN o.a.j.p.h.s.HTTPSamplerBase: Existing CookieManager Gestor de Cookies HTTP (Sesión JSESSIONID) superseded by Gestor de Cookies HTTP (Sesión JSESSIONID)
2026-09-17 17:36:12,872 WARN o.a.j.p.h.s.HTTPSamplerBase: Existing CookieManager Gestor de Cookies HTTP (Sesión JSESSIONID) superseded by Gestor de Cookies HTTP (Sesión JSESSIONID)
2026-09-17 17:36:12,912 WARN o.a.j.p.h.s.HTTPSamplerBase: Existing CookieManager Gestor de Cookies HTTP (Sesión JSESSIONID) superseded by Gestor de Cookies HTTP (Sesión JSESSIONID)
2026-09-17 17:36:12,917 WARN o.a.j.p.h.s.HTTPSamplerBase: Existing CookieManager Gestor de Cookies HTTP (Sesión JSESSIONID) superseded by Gestor de Cookies HTTP (Sesión JSESSIONID)
2026-09-17 17:36:12,922 WARN o.a.j.p.h.s.HTTPSamplerBase: Existing CookieManager Gestor de Cookies HTTP (Sesión JSESSIONID) superseded by Gestor de Cookies HTTP (Sesión JSESSIONID)
2026-09-17 17:36:12,974 WARN o.a.j.p.h.s.HTTPSamplerBase: Existing CookieManager Gestor de Cookies HTTP (Sesión JSESSIONID) superseded by Gestor de Cookies HTTP (Sesión JSESSIONID)
2026-09-17 17:36:12,997 WARN o.a.j.p.h.s.HTTPSamplerBase: Existing CookieManager Gestor de Cookies HTTP (Sesión JSESSIONID) superseded by Gestor de Cookies HTTP (Sesión JSESSIONID)
2026-09-17 17:36:13,063 WARN o.a.j.p.h.s.HTTPSamplerBase: Existing CookieManager Gestor de Cookies HTTP (Sesión JSESSIONID) superseded by Gestor de Cookies HTTP (Sesión JSESSIONID)
2026-09-17 17:36:13,393 WARN o.a.j.p.h.s.HTTPSamplerBase: Existing CookieManager Gestor de Cookies HTTP (Sesión JSESSIONID) superseded by Gestor de Cookies HTTP (Sesión JSESSIONID)
2026-09-17 17:36:13,393 WARN o.a.j.p.h.s.HTTPSamplerBase: Existing CookieManager Gestor de Cookies HTTP (Sesión JSESSIONID) superseded by Gestor de Cookies HTTP (Sesión JSESSIONID)
2026-09-17 17:36:13,393 WARN o.a.j.p.h.s.HTTPSamplerBase: Existing CookieManager Gestor de Cookies HTTP (Sesión JSESSIONID) superseded by Gestor de Cookies HTTP (Sesión JSESSIONID)
2026-09-17 17:36:13,393 WARN o.a.j.p.h.s.HTTPSamplerBase: Existing CookieManager Gestor de Cookies HTTP (Sesión JSESSIONID) superseded by Gestor de Cookies HTTP (Sesión JSESSIONID)
2026-09-17 17:36:13,393 WARN o.a.j.p.h.s.HTTPSamplerBase: Existing CookieManager Gestor de Cookies HTTP (Sesión JSESSIONID) superseded by Gestor de Cookies HTTP (Sesión JSESSIONID)
2026-09-17 17:36:13,436 WARN o.a.j.p.h.s.HTTPSamplerBase: Existing CookieManager Gestor de Cookies HTTP (Sesión JSESSIONID) superseded by Gestor de Cookies HTTP (Sesión JSESSIONID)
2026-09-17 17:36:13,437 WARN o.a.j.p.h.s.HTTPSamplerBase: Existing CookieManager Gestor de Cookies HTTP (Sesión JSESSIONID) superseded by Gestor de Cookies HTTP (Sesión JSESSIONID)
2026-09-17 17:36:13,437 WARN o.a.j.p.h.s.HTTPSamplerBase: Existing CookieManager Gestor de Cookies HTTP (Sesión JSESSIONID) superseded by Gestor de Cookies HTTP (Sesión JSESSIONID)
2026-09-17 17:36:13,437 WARN o.a.j.p.h.s.HTTPSamplerBase: Existing CookieManager Gestor de Cookies HTTP (Sesión JSESSIONID) superseded by Gestor de Cookies HTTP (Sesión JSESSIONID)
2026-09-17 17:36:13,441 WARN o.a.j.p.h.s.HTTPSamplerBase: Existing CookieManager Gestor de Cookies HTTP (Sesión JSESSIONID) superseded by Gestor de Cookies HTTP (Sesión JSESSIONID)
2026-09-17 17:36:13,441 WARN o.a.j.p.h.s.HTTPSamplerBase: Existing CookieManager Gestor de Cookies HTTP (Sesión JSESSIONID) superseded by Gestor de Cookies HTTP (Sesión JSESSIONID)
2026-09-17 17:36:13,442 WARN o.a.j.p.h.s.HTTPSamplerBase: Existing CookieManager Gestor de Cookies HTTP (Sesión JSESSIONID) superseded by Gestor de Cookies HTTP (Sesión JSESSIONID)
2026-09-17 17:36:13,442 WARN o.a.j.p.h.s.HTTPSamplerBase: Existing CookieManager Gestor de Cookies HTTP (Sesión JSESSIONID) superseded by Gestor de Cookies HTTP (Sesión JSESSIONID)
2026-09-17 17:36:13,444 WARN o.a.j.p.h.s.HTTPSamplerBase: Existing CookieManager Gestor de Cookies HTTP (Sesión JSESSIONID) superseded by Gestor de Cookies HTTP (Sesión JSESSIONID)
2026-09-17 17:36:13,511 WARN o.a.j.p.h.s.HTTPSamplerBase: Existing CookieManager Gestor de Cookies HTTP (Sesión JSESSIONID) superseded by Gestor de Cookies HTTP (Sesión JSESSIONID)
2026-09-17 17:36:13,521 WARN o.a.j.p.h.s.HTTPSamplerBase: Existing CookieManager Gestor de Cookies HTTP (Sesión JSESSIONID) superseded by Gestor de Cookies HTTP (Sesión JSESSIONID)
2026-09-17 17:36:13,571 WARN o.a.j.p.h.s.HTTPSamplerBase: Existing CookieManager Gestor de Cookies HTTP (Sesión JSESSIONID) superseded by Gestor de Cookies HTTP (Sesión JSESSIONID)
2026-09-17 17:36:13,585 WARN o.a.j.p.h.s.HTTPSamplerBase: Existing CookieManager Gestor de Cookies HTTP (Sesión JSESSIONID) superseded by Gestor de Cookies HTTP (Sesión JSESSIONID)
2026-09-17 17:36:13,602 WARN o.a.j.p.h.s.HTTPSamplerBase: Existing CookieManager Gestor de Cookies HTTP (Sesión JSESSIONID) superseded by Gestor de Cookies HTTP (Sesión JSESSIONID)
2026-09-17 17:36:13,602 WARN o.a.j.p.h.s.HTTPSamplerBase: Existing CookieManager Gestor de Cookies HTTP (Sesión JSESSIONID) superseded by Gestor de Cookies HTTP (Sesión JSESSIONID)
2026-09-17 17:36:13,733 WARN o.a.j.p.h.s.HTTPSamplerBase: Existing CookieManager Gestor de Cookies HTTP (Sesión JSESSIONID) superseded by Gestor de Cookies HTTP (Sesión JSESSIONID)
2026-09-17 17:36:13,733 WARN o.a.j.p.h.s.HTTPSamplerBase: Existing CookieManager Gestor de Cookies HTTP (Sesión JSESSIONID) superseded by Gestor de Cookies HTTP (Sesión JSESSIONID)
2026-09-17 17:36:13,734 WARN o.a.j.p.h.s.HTTPSamplerBase: Existing CookieManager Gestor de Cookies HTTP (Sesión JSESSIONID) superseded by Gestor de Cookies HTTP (Sesión JSESSIONID)
2026-09-17 17:36:13,876 WARN o.a.j.p.h.s.HTTPSamplerBase: Existing CookieManager Gestor de Cookies HTTP (Sesión JSESSIONID) superseded by Gestor de Cookies HTTP (Sesión JSESSIONID)
2026-09-17 17:36:13,925 WARN o.a.j.p.h.s.HTTPSamplerBase: Existing CookieManager Gestor de Cookies HTTP (Sesión JSESSIONID) superseded by Gestor de Cookies HTTP (Sesión JSESSIONID)
2026-09-17 17:36:13,927 WARN o.a.j.p.h.s.HTTPSamplerBase: Existing CookieManager Gestor de Cookies HTTP (Sesión JSESSIONID) superseded by Gestor de Cookies HTTP (Sesión JSESSIONID)
2026-09-17 17:36:13,934 WARN o.a.j.p.h.s.HTTPSamplerBase: Existing CookieManager Gestor de Cookies HTTP (Sesión JSESSIONID) superseded by Gestor de Cookies HTTP (Sesión JSESSIONID)
2026-09-17 17:36:13,939 WARN o.a.j.p.h.s.HTTPSamplerBase: Existing CookieManager Gestor de Cookies HTTP (Sesión JSESSIONID) superseded by Gestor de Cookies HTTP (Sesión JSESSIONID)
2026-09-17 17:36:13,941 WARN o.a.j.p.h.s.HTTPSamplerBase: Existing CookieManager Gestor de Cookies HTTP (Sesión JSESSIONID) superseded by Gestor de Cookies HTTP (Sesión JSESSIONID)
2026-09-17 17:36:13,956 WARN o.a.j.p.h.s.HTTPSamplerBase: Existing CookieManager Gestor de Cookies HTTP (Sesión JSESSIONID) superseded by Gestor de Cookies HTTP (Sesión JSESSIONID)
2026-09-17 17:36:13,957 WARN o.a.j.p.h.s.HTTPSamplerBase: Existing CookieManager Gestor de Cookies HTTP (Sesión JSESSIONID) superseded by Gestor de Cookies HTTP (Sesión JSESSIONID)
2026-09-17 17:36:14,006 WARN o.a.j.p.h.s.HTTPSamplerBase: Existing CookieManager Gestor de Cookies HTTP (Sesión JSESSIONID) superseded by Gestor de Cookies HTTP (Sesión JSESSIONID)
2026-09-17 17:36:14,156 WARN o.a.j.p.h.s.HTTPSamplerBase: Existing CookieManager Gestor de Cookies HTTP (Sesión JSESSIONID) superseded by Gestor de Cookies HTTP (Sesión JSESSIONID)
2026-09-17 17:36:14,394 WARN o.a.j.p.h.s.HTTPSamplerBase: Existing CookieManager Gestor de Cookies HTTP (Sesión JSESSIONID) superseded by Gestor de Cookies HTTP (Sesión JSESSIONID)
2026-09-17 17:36:14,400 WARN o.a.j.p.h.s.HTTPSamplerBase: Existing CookieManager Gestor de Cookies HTTP (Sesión JSESSIONID) superseded by Gestor de Cookies HTTP (Sesión JSESSIONID)
2026-09-17 17:36:14,458 WARN o.a.j.p.h.s.HTTPSamplerBase: Existing CookieManager Gestor de Cookies HTTP (Sesión JSESSIONID) superseded by Gestor de Cookies HTTP (Sesión JSESSIONID)
2026-09-17 17:36:14,495 WARN o.a.j.p.h.s.HTTPSamplerBase: Existing CookieManager Gestor de Cookies HTTP (Sesión JSESSIONID) superseded by Gestor de Cookies HTTP (Sesión JSESSIONID)
2026-09-17 17:36:14,497 WARN o.a.j.p.h.s.HTTPSamplerBase: Existing CookieManager Gestor de Cookies HTTP (Sesión JSESSIONID) superseded by Gestor de Cookies HTTP (Sesión JSESSIONID)
2026-09-17 17:36:14,497 WARN o.a.j.p.h.s.HTTPSamplerBase: Existing CookieManager Gestor de Cookies HTTP (Sesión JSESSIONID) superseded by Gestor de Cookies HTTP (Sesión JSESSIONID)
2026-09-17 17:36:14,499 WARN o.a.j.p.h.s.HTTPSamplerBase: Existing CookieManager Gestor de Cookies HTTP (Sesión JSESSIONID) superseded by Gestor de Cookies HTTP (Sesión JSESSIONID)
2026-09-17 17:36:14,500 WARN o.a.j.p.h.s.HTTPSamplerBase: Existing CookieManager Gestor de Cookies HTTP (Sesión JSESSIONID) superseded by Gestor de Cookies HTTP (Sesión JSESSIONID)
2026-09-17 17:36:14,555 WARN o.a.j.p.h.s.HTTPSamplerBase: Existing CookieManager Gestor de Cookies HTTP (Sesión JSESSIONID) superseded by Gestor de Cookies HTTP (Sesión JSESSIONID)
2026-09-17 17:36:14,583 WARN o.a.j.p.h.s.HTTPSamplerBase: Existing CookieManager Gestor de Cookies HTTP (Sesión JSESSIONID) superseded by Gestor de Cookies HTTP (Sesión JSESSIONID)
2026-09-17 17:36:14,687 WARN o.a.j.p.h.s.HTTPSamplerBase: Existing CookieManager Gestor de Cookies HTTP (Sesión JSESSIONID) superseded by Gestor de Cookies HTTP (Sesión JSESSIONID)
2026-09-17 17:36:14,689 WARN o.a.j.p.h.s.HTTPSamplerBase: Existing CookieManager Gestor de Cookies HTTP (Sesión JSESSIONID) superseded by Gestor de Cookies HTTP (Sesión JSESSIONID)
2026-09-17 17:36:14,745 WARN o.a.j.p.h.s.HTTPSamplerBase: Existing CookieManager Gestor de Cookies HTTP (Sesión JSESSIONID) superseded by Gestor de Cookies HTTP (Sesión JSESSIONID)
2026-09-17 17:36:14,746 WARN o.a.j.p.h.s.HTTPSamplerBase: Existing CookieManager Gestor de Cookies HTTP (Sesión JSESSIONID) superseded by Gestor de Cookies HTTP (Sesión JSESSIONID)
2026-09-17 17:36:14,860 WARN o.a.j.p.h.s.HTTPSamplerBase: Existing CookieManager Gestor de Cookies HTTP (Sesión JSESSIONID) superseded by Gestor de Cookies HTTP (Sesión JSESSIONID)
2026-09-17 17:36:14,860 WARN o.a.j.p.h.s.HTTPSamplerBase: Existing CookieManager Gestor de Cookies HTTP (Sesión JSESSIONID) superseded by Gestor de Cookies HTTP (Sesión JSESSIONID)
2026-09-17 17:36:14,870 WARN o.a.j.p.h.s.HTTPSamplerBase: Existing CookieManager Gestor de Cookies HTTP (Sesión JSESSIONID) superseded by Gestor de Cookies HTTP (Sesión JSESSIONID)
2026-09-17 17:36:14,882 WARN o.a.j.p.h.s.HTTPSamplerBase: Existing CookieManager Gestor de Cookies HTTP (Sesión JSESSIONID) superseded by Gestor de Cookies HTTP (Sesión JSESSIONID)
2026-09-17 17:36:14,883 WARN o.a.j.p.h.s.HTTPSamplerBase: Existing CookieManager Gestor de Cookies HTTP (Sesión JSESSIONID) superseded by Gestor de Cookies HTTP (Sesión JSESSIONID)
2026-09-17 17:36:14,943 WARN o.a.j.p.h.s.HTTPSamplerBase: Existing CookieManager Gestor de Cookies HTTP (Sesión JSESSIONID) superseded by Gestor de Cookies HTTP (Sesión JSESSIONID)
2026-09-17 17:36:14,943 WARN o.a.j.p.h.s.HTTPSamplerBase: Existing CookieManager Gestor de Cookies HTTP (Sesión JSESSIONID) superseded by Gestor de Cookies HTTP (Sesión JSESSIONID)
2026-09-17 17:36:14,997 WARN o.a.j.p.h.s.HTTPSamplerBase: Existing CookieManager Gestor de Cookies HTTP (Sesión JSESSIONID) superseded by Gestor de Cookies HTTP (Sesión JSESSIONID)
2026-09-17 17:36:15,005 WARN o.a.j.p.h.s.HTTPSamplerBase: Existing CookieManager Gestor de Cookies HTTP (Sesión JSESSIONID) superseded by Gestor de Cookies HTTP (Sesión JSESSIONID)
2026-09-17 17:36:15,005 WARN o.a.j.p.h.s.HTTPSamplerBase: Existing CookieManager Gestor de Cookies HTTP (Sesión JSESSIONID) superseded by Gestor de Cookies HTTP (Sesión JSESSIONID)
2026-09-17 17:36:15,008 WARN o.a.j.p.h.s.HTTPSamplerBase: Existing CookieManager Gestor de Cookies HTTP (Sesión JSESSIONID) superseded by Gestor de Cookies HTTP (Sesión JSESSIONID)
2026-09-17 17:36:15,086 WARN o.a.j.p.h.s.HTTPSamplerBase: Existing CookieManager Gestor de Cookies HTTP (Sesión JSESSIONID) superseded by Gestor de Cookies HTTP (Sesión JSESSIONID)
2026-09-17 17:36:15,182 WARN o.a.j.p.h.s.HTTPSamplerBase: Existing CookieManager Gestor de Cookies HTTP (Sesión JSESSIONID) superseded by Gestor de Cookies HTTP (Sesión JSESSIONID)
2026-09-17 17:36:15,236 WARN o.a.j.p.h.s.HTTPSamplerBase: Existing CookieManager Gestor de Cookies HTTP (Sesión JSESSIONID) superseded by Gestor de Cookies HTTP (Sesión JSESSIONID)
2026-09-17 17:36:15,239 WARN o.a.j.p.h.s.HTTPSamplerBase: Existing CookieManager Gestor de Cookies HTTP (Sesión JSESSIONID) superseded by Gestor de Cookies HTTP (Sesión JSESSIONID)
2026-09-17 17:36:15,248 WARN o.a.j.p.h.s.HTTPSamplerBase: Existing CookieManager Gestor de Cookies HTTP (Sesión JSESSIONID) superseded by Gestor de Cookies HTTP (Sesión JSESSIONID)
2026-09-17 17:36:15,367 WARN o.a.j.p.h.s.HTTPSamplerBase: Existing CookieManager Gestor de Cookies HTTP (Sesión JSESSIONID) superseded by Gestor de Cookies HTTP (Sesión JSESSIONID)
2026-09-17 17:36:15,367 WARN o.a.j.p.h.s.HTTPSamplerBase: Existing CookieManager Gestor de Cookies HTTP (Sesión JSESSIONID) superseded by Gestor de Cookies HTTP (Sesión JSESSIONID)
2026-09-17 17:36:15,405 WARN o.a.j.p.h.s.HTTPSamplerBase: Existing CookieManager Gestor de Cookies HTTP (Sesión JSESSIONID) superseded by Gestor de Cookies HTTP (Sesión JSESSIONID)
2026-09-17 17:36:15,407 WARN o.a.j.p.h.s.HTTPSamplerBase: Existing CookieManager Gestor de Cookies HTTP (Sesión JSESSIONID) superseded by Gestor de Cookies HTTP (Sesión JSESSIONID)
2026-09-17 17:36:15,407 WARN o.a.j.p.h.s.HTTPSamplerBase: Existing CookieManager Gestor de Cookies HTTP (Sesión JSESSIONID) superseded by Gestor de Cookies HTTP (Sesión JSESSIONID)
2026-09-17 17:36:15,408 WARN o.a.j.p.h.s.HTTPSamplerBase: Existing CookieManager Gestor de Cookies HTTP (Sesión JSESSIONID) superseded by Gestor de Cookies HTTP (Sesión JSESSIONID)
2026-09-17 17:36:15,464 WARN o.a.j.p.h.s.HTTPSamplerBase: Existing CookieManager Gestor de Cookies HTTP (Sesión JSESSIONID) superseded by Gestor de Cookies HTTP (Sesión JSESSIONID)
2026-09-17 17:36:15,466 WARN o.a.j.p.h.s.HTTPSamplerBase: Existing CookieManager Gestor de Cookies HTTP (Sesión JSESSIONID) superseded by Gestor de Cookies HTTP (Sesión JSESSIONID)
2026-09-17 17:36:15,498 WARN o.a.j.p.h.s.HTTPSamplerBase: Existing CookieManager Gestor de Cookies HTTP (Sesión JSESSIONID) superseded by Gestor de Cookies HTTP (Sesión JSESSIONID)
2026-09-17 17:36:15,514 WARN o.a.j.p.h.s.HTTPSamplerBase: Existing CookieManager Gestor de Cookies HTTP (Sesión JSESSIONID) superseded by Gestor de Cookies HTTP (Sesión JSESSIONID)
2026-09-17 17:36:15,517 WARN o.a.j.p.h.s.HTTPSamplerBase: Existing CookieManager Gestor de Cookies HTTP (Sesión JSESSIONID) superseded by Gestor de Cookies HTTP (Sesión JSESSIONID)
2026-09-17 17:36:15,534 WARN o.a.j.p.h.s.HTTPSamplerBase: Existing CookieManager Gestor de Cookies HTTP (Sesión JSESSIONID) superseded by Gestor de Cookies HTTP (Sesión JSESSIONID)
2026-09-17 17:36:15,687 WARN o.a.j.p.h.s.HTTPSamplerBase: Existing CookieManager Gestor de Cookies HTTP (Sesión JSESSIONID) superseded by Gestor de Cookies HTTP (Sesión JSESSIONID)
2026-09-17 17:36:15,699 WARN o.a.j.p.h.s.HTTPSamplerBase: Existing CookieManager Gestor de Cookies HTTP (Sesión JSESSIONID) superseded by Gestor de Cookies HTTP (Sesión JSESSIONID)
2026-09-17 17:36:15,737 WARN o.a.j.p.h.s.HTTPSamplerBase: Existing CookieManager Gestor de Cookies HTTP (Sesión JSESSIONID) superseded by Gestor de Cookies HTTP (Sesión JSESSIONID)
2026-09-17 17:36:15,739 WARN o.a.j.p.h.s.HTTPSamplerBase: Existing CookieManager Gestor de Cookies HTTP (Sesión JSESSIONID) superseded by Gestor de Cookies HTTP (Sesión JSESSIONID)
2026-09-17 17:36:15,739 WARN o.a.j.p.h.s.HTTPSamplerBase: Existing CookieManager Gestor de Cookies HTTP (Sesión JSESSIONID) superseded by Gestor de Cookies HTTP (Sesión JSESSIONID)
2026-09-17 17:36:15,740 WARN o.a.j.p.h.s.HTTPSamplerBase: Existing CookieManager Gestor de Cookies HTTP (Sesión JSESSIONID) superseded by Gestor de Cookies HTTP (Sesión JSESSIONID)
2026-09-17 17:36:15,849 WARN o.a.j.p.h.s.HTTPSamplerBase: Existing CookieManager Gestor de Cookies HTTP (Sesión JSESSIONID) superseded by Gestor de Cookies HTTP (Sesión JSESSIONID)
2026-09-17 17:36:15,849 WARN o.a.j.p.h.s.HTTPSamplerBase: Existing CookieManager Gestor de Cookies HTTP (Sesión JSESSIONID) superseded by Gestor de Cookies HTTP (Sesión JSESSIONID)
2026-09-17 17:36:15,849 WARN o.a.j.p.h.s.HTTPSamplerBase: Existing CookieManager Gestor de Cookies HTTP (Sesión JSESSIONID) superseded by Gestor de Cookies HTTP (Sesión JSESSIONID)
2026-09-17 17:36:15,849 WARN o.a.j.p.h.s.HTTPSamplerBase: Existing CookieManager Gestor de Cookies HTTP (Sesión JSESSIONID) superseded by Gestor de Cookies HTTP (Sesión JSESSIONID)
2026-09-17 17:36:15,849 WARN o.a.j.p.h.s.HTTPSamplerBase: Existing CookieManager Gestor de Cookies HTTP (Sesión JSESSIONID) superseded by Gestor de Cookies HTTP (Sesión JSESSIONID)
2026-09-17 17:36:15,850 WARN o.a.j.p.h.s.HTTPSamplerBase: Existing CookieManager Gestor de Cookies HTTP (Sesión JSESSIONID) superseded by Gestor de Cookies HTTP (Sesión JSESSIONID)
2026-09-17 17:36:15,849 WARN o.a.j.p.h.s.HTTPSamplerBase: Existing CookieManager Gestor de Cookies HTTP (Sesión JSESSIONID) superseded by Gestor de Cookies HTTP (Sesión JSESSIONID)
2026-09-17 17:36:15,850 WARN o.a.j.p.h.s.HTTPSamplerBase: Existing CookieManager Gestor de Cookies HTTP (Sesión JSESSIONID) superseded by Gestor de Cookies HTTP (Sesión JSESSIONID)
2026-09-17 17:36:15,923 WARN o.a.j.p.h.s.HTTPSamplerBase: Existing CookieManager Gestor de Cookies HTTP (Sesión JSESSIONID) superseded by Gestor de Cookies HTTP (Sesión JSESSIONID)
2026-09-17 17:36:15,924 WARN o.a.j.p.h.s.HTTPSamplerBase: Existing CookieManager Gestor de Cookies HTTP (Sesión JSESSIONID) superseded by Gestor de Cookies HTTP (Sesión JSESSIONID)
2026-09-17 17:36:15,996 WARN o.a.j.p.h.s.HTTPSamplerBase: Existing CookieManager Gestor de Cookies HTTP (Sesión JSESSIONID) superseded by Gestor de Cookies HTTP (Sesión JSESSIONID)
2026-09-17 17:36:16,095 WARN o.a.j.p.h.s.HTTPSamplerBase: Existing CookieManager Gestor de Cookies HTTP (Sesión JSESSIONID) superseded by Gestor de Cookies HTTP (Sesión JSESSIONID)
2026-09-17 17:36:16,206 WARN o.a.j.p.h.s.HTTPSamplerBase: Existing CookieManager Gestor de Cookies HTTP (Sesión JSESSIONID) superseded by Gestor de Cookies HTTP (Sesión JSESSIONID)
2026-09-17 17:36:16,207 WARN o.a.j.p.h.s.HTTPSamplerBase: Existing CookieManager Gestor de Cookies HTTP (Sesión JSESSIONID) superseded by Gestor de Cookies HTTP (Sesión JSESSIONID)
2026-09-17 17:36:16,221 WARN o.a.j.p.h.s.HTTPSamplerBase: Existing CookieManager Gestor de Cookies HTTP (Sesión JSESSIONID) superseded by Gestor de Cookies HTTP (Sesión JSESSIONID)
2026-09-17 17:36:16,236 WARN o.a.j.p.h.s.HTTPSamplerBase: Existing CookieManager Gestor de Cookies HTTP (Sesión JSESSIONID) superseded by Gestor de Cookies HTTP (Sesión JSESSIONID)
2026-09-17 17:36:16,244 WARN o.a.j.p.h.s.HTTPSamplerBase: Existing CookieManager Gestor de Cookies HTTP (Sesión JSESSIONID) superseded by Gestor de Cookies HTTP (Sesión JSESSIONID)
2026-09-17 17:36:16,384 WARN o.a.j.p.h.s.HTTPSamplerBase: Existing CookieManager Gestor de Cookies HTTP (Sesión JSESSIONID) superseded by Gestor de Cookies HTTP (Sesión JSESSIONID)
2026-09-17 17:36:16,384 WARN o.a.j.p.h.s.HTTPSamplerBase: Existing CookieManager Gestor de Cookies HTTP (Sesión JSESSIONID) superseded by Gestor de Cookies HTTP (Sesión JSESSIONID)
2026-09-17 17:36:16,384 WARN o.a.j.p.h.s.HTTPSamplerBase: Existing CookieManager Gestor de Cookies HTTP (Sesión JSESSIONID) superseded by Gestor de Cookies HTTP (Sesión JSESSIONID)
2026-09-17 17:36:16,411 WARN o.a.j.p.h.s.HTTPSamplerBase: Existing CookieManager Gestor de Cookies HTTP (Sesión JSESSIONID) superseded by Gestor de Cookies HTTP (Sesión JSESSIONID)
2026-09-17 17:36:16,613 WARN o.a.j.p.h.s.HTTPSamplerBase: Existing CookieManager Gestor de Cookies HTTP (Sesión JSESSIONID) superseded by Gestor de Cookies HTTP (Sesión JSESSIONID)
2026-09-17 17:36:16,618 WARN o.a.j.p.h.s.HTTPSamplerBase: Existing CookieManager Gestor de Cookies HTTP (Sesión JSESSIONID) superseded by Gestor de Cookies HTTP (Sesión JSESSIONID)
2026-09-17 17:36:16,625 WARN o.a.j.p.h.s.HTTPSamplerBase: Existing CookieManager Gestor de Cookies HTTP (Sesión JSESSIONID) superseded by Gestor de Cookies HTTP (Sesión JSESSIONID)
2026-09-17 17:36:16,672 WARN o.a.j.p.h.s.HTTPSamplerBase: Existing CookieManager Gestor de Cookies HTTP (Sesión JSESSIONID) superseded by Gestor de Cookies HTTP (Sesión JSESSIONID)
2026-09-17 17:36:16,685 WARN o.a.j.p.h.s.HTTPSamplerBase: Existing CookieManager Gestor de Cookies HTTP (Sesión JSESSIONID) superseded by Gestor de Cookies HTTP (Sesión JSESSIONID)
2026-09-17 17:36:16,685 WARN o.a.j.p.h.s.HTTPSamplerBase: Existing CookieManager Gestor de Cookies HTTP (Sesión JSESSIONID) superseded by Gestor de Cookies HTTP (Sesión JSESSIONID)
2026-09-17 17:36:16,693 WARN o.a.j.p.h.s.HTTPSamplerBase: Existing CookieManager Gestor de Cookies HTTP (Sesión JSESSIONID) superseded by Gestor de Cookies HTTP (Sesión JSESSIONID)
2026-09-17 17:36:16,693 WARN o.a.j.p.h.s.HTTPSamplerBase: Existing CookieManager Gestor de Cookies HTTP (Sesión JSESSIONID) superseded by Gestor de Cookies HTTP (Sesión JSESSIONID)
2026-09-17 17:36:16,729 WARN o.a.j.p.h.s.HTTPSamplerBase: Existing CookieManager Gestor de Cookies HTTP (Sesión JSESSIONID) superseded by Gestor de Cookies HTTP (Sesión JSESSIONID)
2026-09-17 17:36:16,757 WARN o.a.j.p.h.s.HTTPSamplerBase: Existing CookieManager Gestor de Cookies HTTP (Sesión JSESSIONID) superseded by Gestor de Cookies HTTP (Sesión JSESSIONID)
2026-09-17 17:36:16,854 WARN o.a.j.p.h.s.HTTPSamplerBase: Existing CookieManager Gestor de Cookies HTTP (Sesión JSESSIONID) superseded by Gestor de Cookies HTTP (Sesión JSESSIONID)
2026-09-17 17:36:16,854 WARN o.a.j.p.h.s.HTTPSamplerBase: Existing CookieManager Gestor de Cookies HTTP (Sesión JSESSIONID) superseded by Gestor de Cookies HTTP (Sesión JSESSIONID)
2026-09-17 17:36:16,854 WARN o.a.j.p.h.s.HTTPSamplerBase: Existing CookieManager Gestor de Cookies HTTP (Sesión JSESSIONID) superseded by Gestor de Cookies HTTP (Sesión JSESSIONID)
2026-09-17 17:36:16,854 WARN o.a.j.p.h.s.HTTPSamplerBase: Existing CookieManager Gestor de Cookies HTTP (Sesión JSESSIONID) superseded by Gestor de Cookies HTTP (Sesión JSESSIONID)
2026-09-17 17:36:16,889 WARN o.a.j.p.h.s.HTTPSamplerBase: Existing CookieManager Gestor de Cookies HTTP (Sesión JSESSIONID) superseded by Gestor de Cookies HTTP (Sesión JSESSIONID)
2026-09-17 17:36:16,891 WARN o.a.j.p.h.s.HTTPSamplerBase: Existing CookieManager Gestor de Cookies HTTP (Sesión JSESSIONID) superseded by Gestor de Cookies HTTP (Sesión JSESSIONID)
2026-09-17 17:36:16,940 WARN o.a.j.p.h.s.HTTPSamplerBase: Existing CookieManager Gestor de Cookies HTTP (Sesión JSESSIONID) superseded by Gestor de Cookies HTTP (Sesión JSESSIONID)
2026-09-17 17:36:16,987 WARN o.a.j.p.h.s.HTTPSamplerBase: Existing CookieManager Gestor de Cookies HTTP (Sesión JSESSIONID) superseded by Gestor de Cookies HTTP (Sesión JSESSIONID)
2026-09-17 17:36:16,993 WARN o.a.j.p.h.s.HTTPSamplerBase: Existing CookieManager Gestor de Cookies HTTP (Sesión JSESSIONID) superseded by Gestor de Cookies HTTP (Sesión JSESSIONID)
2026-09-17 17:36:16,998 WARN o.a.j.p.h.s.HTTPSamplerBase: Existing CookieManager Gestor de Cookies HTTP (Sesión JSESSIONID) superseded by Gestor de Cookies HTTP (Sesión JSESSIONID)
2026-09-17 17:36:17,219 WARN o.a.j.p.h.s.HTTPSamplerBase: Existing CookieManager Gestor de Cookies HTTP (Sesión JSESSIONID) superseded by Gestor de Cookies HTTP (Sesión JSESSIONID)
2026-09-17 17:36:17,230 WARN o.a.j.p.h.s.HTTPSamplerBase: Existing CookieManager Gestor de Cookies HTTP (Sesión JSESSIONID) superseded by Gestor de Cookies HTTP (Sesión JSESSIONID)
2026-09-17 17:36:17,230 WARN o.a.j.p.h.s.HTTPSamplerBase: Existing CookieManager Gestor de Cookies HTTP (Sesión JSESSIONID) superseded by Gestor de Cookies HTTP (Sesión JSESSIONID)
2026-09-17 17:36:17,231 WARN o.a.j.p.h.s.HTTPSamplerBase: Existing CookieManager Gestor de Cookies HTTP (Sesión JSESSIONID) superseded by Gestor de Cookies HTTP (Sesión JSESSIONID)
2026-09-17 17:36:17,232 WARN o.a.j.p.h.s.HTTPSamplerBase: Existing CookieManager Gestor de Cookies HTTP (Sesión JSESSIONID) superseded by Gestor de Cookies HTTP (Sesión JSESSIONID)
2026-09-17 17:36:17,349 WARN o.a.j.p.h.s.HTTPSamplerBase: Existing CookieManager Gestor de Cookies HTTP (Sesión JSESSIONID) superseded by Gestor de Cookies HTTP (Sesión JSESSIONID)
2026-09-17 17:36:17,437 WARN o.a.j.p.h.s.HTTPSamplerBase: Existing CookieManager Gestor de Cookies HTTP (Sesión JSESSIONID) superseded by Gestor de Cookies HTTP (Sesión JSESSIONID)
2026-09-17 17:36:17,452 WARN o.a.j.p.h.s.HTTPSamplerBase: Existing CookieManager Gestor de Cookies HTTP (Sesión JSESSIONID) superseded by Gestor de Cookies HTTP (Sesión JSESSIONID)
2026-09-17 17:36:17,453 WARN o.a.j.p.h.s.HTTPSamplerBase: Existing CookieManager Gestor de Cookies HTTP (Sesión JSESSIONID) superseded by Gestor de Cookies HTTP (Sesión JSESSIONID)
2026-09-17 17:36:17,453 WARN o.a.j.p.h.s.HTTPSamplerBase: Existing CookieManager Gestor de Cookies HTTP (Sesión JSESSIONID) superseded by Gestor de Cookies HTTP (Sesión JSESSIONID)
2026-09-17 17:36:17,455 WARN o.a.j.p.h.s.HTTPSamplerBase: Existing CookieManager Gestor de Cookies HTTP (Sesión JSESSIONID) superseded by Gestor de Cookies HTTP (Sesión JSESSIONID)
2026-09-17 17:36:17,532 WARN o.a.j.p.h.s.HTTPSamplerBase: Existing CookieManager Gestor de Cookies HTTP (Sesión JSESSIONID) superseded by Gestor de Cookies HTTP (Sesión JSESSIONID)
2026-09-17 17:36:17,628 WARN o.a.j.p.h.s.HTTPSamplerBase: Existing CookieManager Gestor de Cookies HTTP (Sesión JSESSIONID) superseded by Gestor de Cookies HTTP (Sesión JSESSIONID)
2026-09-17 17:36:17,629 WARN o.a.j.p.h.s.HTTPSamplerBase: Existing CookieManager Gestor de Cookies HTTP (Sesión JSESSIONID) superseded by Gestor de Cookies HTTP (Sesión JSESSIONID)
2026-09-17 17:36:17,643 WARN o.a.j.p.h.s.HTTPSamplerBase: Existing CookieManager Gestor de Cookies HTTP (Sesión JSESSIONID) superseded by Gestor de Cookies HTTP (Sesión JSESSIONID)
2026-09-17 17:36:17,644 WARN o.a.j.p.h.s.HTTPSamplerBase: Existing CookieManager Gestor de Cookies HTTP (Sesión JSESSIONID) superseded by Gestor de Cookies HTTP (Sesión JSESSIONID)
2026-09-17 17:36:17,734 WARN o.a.j.p.h.s.HTTPSamplerBase: Existing CookieManager Gestor de Cookies HTTP (Sesión JSESSIONID) superseded by Gestor de Cookies HTTP (Sesión JSESSIONID)
2026-09-17 17:36:17,855 WARN o.a.j.p.h.s.HTTPSamplerBase: Existing CookieManager Gestor de Cookies HTTP (Sesión JSESSIONID) superseded by Gestor de Cookies HTTP (Sesión JSESSIONID)
2026-09-17 17:36:17,865 WARN o.a.j.p.h.s.HTTPSamplerBase: Existing CookieManager Gestor de Cookies HTTP (Sesión JSESSIONID) superseded by Gestor de Cookies HTTP (Sesión JSESSIONID)
2026-09-17 17:36:17,871 WARN o.a.j.p.h.s.HTTPSamplerBase: Existing CookieManager Gestor de Cookies HTTP (Sesión JSESSIONID) superseded by Gestor de Cookies HTTP (Sesión JSESSIONID)
2026-09-17 17:36:17,871 WARN o.a.j.p.h.s.HTTPSamplerBase: Existing CookieManager Gestor de Cookies HTTP (Sesión JSESSIONID) superseded by Gestor de Cookies HTTP (Sesión JSESSIONID)
2026-09-17 17:36:17,872 WARN o.a.j.p.h.s.HTTPSamplerBase: Existing CookieManager Gestor de Cookies HTTP (Sesión JSESSIONID) superseded by Gestor de Cookies HTTP (Sesión JSESSIONID)
2026-09-17 17:36:17,962 WARN o.a.j.p.h.s.HTTPSamplerBase: Existing CookieManager Gestor de Cookies HTTP (Sesión JSESSIONID) superseded by Gestor de Cookies HTTP (Sesión JSESSIONID)
2026-09-17 17:36:17,968 WARN o.a.j.p.h.s.HTTPSamplerBase: Existing CookieManager Gestor de Cookies HTTP (Sesión JSESSIONID) superseded by Gestor de Cookies HTTP (Sesión JSESSIONID)
2026-09-17 17:36:18,086 WARN o.a.j.p.h.s.HTTPSamplerBase: Existing CookieManager Gestor de Cookies HTTP (Sesión JSESSIONID) superseded by Gestor de Cookies HTTP (Sesión JSESSIONID)
2026-09-17 17:36:18,096 WARN o.a.j.p.h.s.HTTPSamplerBase: Existing CookieManager Gestor de Cookies HTTP (Sesión JSESSIONID) superseded by Gestor de Cookies HTTP (Sesión JSESSIONID)
2026-09-17 17:36:18,356 WARN o.a.j.p.h.s.HTTPSamplerBase: Existing CookieManager Gestor de Cookies HTTP (Sesión JSESSIONID) superseded by Gestor de Cookies HTTP (Sesión JSESSIONID)
2026-09-17 17:36:18,356 WARN o.a.j.p.h.s.HTTPSamplerBase: Existing CookieManager Gestor de Cookies HTTP (Sesión JSESSIONID) superseded by Gestor de Cookies HTTP (Sesión JSESSIONID)
2026-09-17 17:36:18,356 WARN o.a.j.p.h.s.HTTPSamplerBase: Existing CookieManager Gestor de Cookies HTTP (Sesión JSESSIONID) superseded by Gestor de Cookies HTTP (Sesión JSESSIONID)
2026-09-17 17:36:18,362 WARN o.a.j.p.h.s.HTTPSamplerBase: Existing CookieManager Gestor de Cookies HTTP (Sesión JSESSIONID) superseded by Gestor de Cookies HTTP (Sesión JSESSIONID)
2026-09-17 17:36:18,379 WARN o.a.j.p.h.s.HTTPSamplerBase: Existing CookieManager Gestor de Cookies HTTP (Sesión JSESSIONID) superseded by Gestor de Cookies HTTP (Sesión JSESSIONID)
2026-09-17 17:36:18,380 WARN o.a.j.p.h.s.HTTPSamplerBase: Existing CookieManager Gestor de Cookies HTTP (Sesión JSESSIONID) superseded by Gestor de Cookies HTTP (Sesión JSESSIONID)
2026-09-17 17:36:18,916 WARN o.a.j.p.h.s.HTTPSamplerBase: Existing CookieManager Gestor de Cookies HTTP (Sesión JSESSIONID) superseded by Gestor de Cookies HTTP (Sesión JSESSIONID)
2026-09-17 17:36:18,916 WARN o.a.j.p.h.s.HTTPSamplerBase: Existing CookieManager Gestor de Cookies HTTP (Sesión JSESSIONID) superseded by Gestor de Cookies HTTP (Sesión JSESSIONID)
2026-09-17 17:36:19,024 WARN o.a.j.p.h.s.HTTPSamplerBase: Existing CookieManager Gestor de Cookies HTTP (Sesión JSESSIONID) superseded by Gestor de Cookies HTTP (Sesión JSESSIONID)
2026-09-17 17:36:19,029 WARN o.a.j.p.h.s.HTTPSamplerBase: Existing CookieManager Gestor de Cookies HTTP (Sesión JSESSIONID) superseded by Gestor de Cookies HTTP (Sesión JSESSIONID)
2026-09-17 17:36:19,049 WARN o.a.j.p.h.s.HTTPSamplerBase: Existing CookieManager Gestor de Cookies HTTP (Sesión JSESSIONID) superseded by Gestor de Cookies HTTP (Sesión JSESSIONID)
2026-09-17 17:36:19,059 WARN o.a.j.p.h.s.HTTPSamplerBase: Existing CookieManager Gestor de Cookies HTTP (Sesión JSESSIONID) superseded by Gestor de Cookies HTTP (Sesión JSESSIONID)
2026-09-17 17:36:19,410 WARN o.a.j.p.h.s.HTTPSamplerBase: Existing CookieManager Gestor de Cookies HTTP (Sesión JSESSIONID) superseded by Gestor de Cookies HTTP (Sesión JSESSIONID)
2026-09-17 17:36:19,410 WARN o.a.j.p.h.s.HTTPSamplerBase: Existing CookieManager Gestor de Cookies HTTP (Sesión JSESSIONID) superseded by Gestor de Cookies HTTP (Sesión JSESSIONID)
2026-09-17 17:36:19,410 WARN o.a.j.p.h.s.HTTPSamplerBase: Existing CookieManager Gestor de Cookies HTTP (Sesión JSESSIONID) superseded by Gestor de Cookies HTTP (Sesión JSESSIONID)
2026-09-17 17:36:19,411 WARN o.a.j.p.h.s.HTTPSamplerBase: Existing CookieManager Gestor de Cookies HTTP (Sesión JSESSIONID) superseded by Gestor de Cookies HTTP (Sesión JSESSIONID)
2026-09-17 17:36:19,411 WARN o.a.j.p.h.s.HTTPSamplerBase: Existing CookieManager Gestor de Cookies HTTP (Sesión JSESSIONID) superseded by Gestor de Cookies HTTP (Sesión JSESSIONID)
2026-09-17 17:36:19,411 WARN o.a.j.p.h.s.HTTPSamplerBase: Existing CookieManager Gestor de Cookies HTTP (Sesión JSESSIONID) superseded by Gestor de Cookies HTTP (Sesión JSESSIONID)
2026-09-17 17:36:19,411 WARN o.a.j.p.h.s.HTTPSamplerBase: Existing CookieManager Gestor de Cookies HTTP (Sesión JSESSIONID) superseded by Gestor de Cookies HTTP (Sesión JSESSIONID)
2026-09-17 17:36:19,411 WARN o.a.j.p.h.s.HTTPSamplerBase: Existing CookieManager Gestor de Cookies HTTP (Sesión JSESSIONID) superseded by Gestor de Cookies HTTP (Sesión JSESSIONID)
2026-09-17 17:36:19,411 WARN o.a.j.p.h.s.HTTPSamplerBase: Existing CookieManager Gestor de Cookies HTTP (Sesión JSESSIONID) superseded by Gestor de Cookies HTTP (Sesión JSESSIONID)
2026-09-17 17:36:19,411 WARN o.a.j.p.h.s.HTTPSamplerBase: Existing CookieManager Gestor de Cookies HTTP (Sesión JSESSIONID) superseded by Gestor de Cookies HTTP (Sesión JSESSIONID)
2026-09-17 17:36:19,516 WARN o.a.j.p.h.s.HTTPSamplerBase: Existing CookieManager Gestor de Cookies HTTP (Sesión JSESSIONID) superseded by Gestor de Cookies HTTP (Sesión JSESSIONID)
2026-09-17 17:36:19,520 WARN o.a.j.p.h.s.HTTPSamplerBase: Existing CookieManager Gestor de Cookies HTTP (Sesión JSESSIONID) superseded by Gestor de Cookies HTTP (Sesión JSESSIONID)
2026-09-17 17:36:19,523 WARN o.a.j.p.h.s.HTTPSamplerBase: Existing CookieManager Gestor de Cookies HTTP (Sesión JSESSIONID) superseded by Gestor de Cookies HTTP (Sesión JSESSIONID)
2026-09-17 17:36:19,600 WARN o.a.j.p.h.s.HTTPSamplerBase: Existing CookieManager Gestor de Cookies HTTP (Sesión JSESSIONID) superseded by Gestor de Cookies HTTP (Sesión JSESSIONID)
2026-09-17 17:36:19,600 WARN o.a.j.p.h.s.HTTPSamplerBase: Existing CookieManager Gestor de Cookies HTTP (Sesión JSESSIONID) superseded by Gestor de Cookies HTTP (Sesión JSESSIONID)
2026-09-17 17:36:19,694 WARN o.a.j.p.h.s.HTTPSamplerBase: Existing CookieManager Gestor de Cookies HTTP (Sesión JSESSIONID) superseded by Gestor de Cookies HTTP (Sesión JSESSIONID)
2026-09-17 17:36:19,713 WARN o.a.j.p.h.s.HTTPSamplerBase: Existing CookieManager Gestor de Cookies HTTP (Sesión JSESSIONID) superseded by Gestor de Cookies HTTP (Sesión JSESSIONID)
2026-09-17 17:36:19,714 WARN o.a.j.p.h.s.HTTPSamplerBase: Existing CookieManager Gestor de Cookies HTTP (Sesión JSESSIONID) superseded by Gestor de Cookies HTTP (Sesión JSESSIONID)
2026-09-17 17:36:19,741 WARN o.a.j.p.h.s.HTTPSamplerBase: Existing CookieManager Gestor de Cookies HTTP (Sesión JSESSIONID) superseded by Gestor de Cookies HTTP (Sesión JSESSIONID)
2026-09-17 17:36:19,746 WARN o.a.j.p.h.s.HTTPSamplerBase: Existing CookieManager Gestor de Cookies HTTP (Sesión JSESSIONID) superseded by Gestor de Cookies HTTP (Sesión JSESSIONID)
2026-09-17 17:36:19,748 WARN o.a.j.p.h.s.HTTPSamplerBase: Existing CookieManager Gestor de Cookies HTTP (Sesión JSESSIONID) superseded by Gestor de Cookies HTTP (Sesión JSESSIONID)
2026-09-17 17:36:19,887 WARN o.a.j.p.h.s.HTTPSamplerBase: Existing CookieManager Gestor de Cookies HTTP (Sesión JSESSIONID) superseded by Gestor de Cookies HTTP (Sesión JSESSIONID)
2026-09-17 17:36:19,887 WARN o.a.j.p.h.s.HTTPSamplerBase: Existing CookieManager Gestor de Cookies HTTP (Sesión JSESSIONID) superseded by Gestor de Cookies HTTP (Sesión JSESSIONID)
2026-09-17 17:36:19,887 WARN o.a.j.p.h.s.HTTPSamplerBase: Existing CookieManager Gestor de Cookies HTTP (Sesión JSESSIONID) superseded by Gestor de Cookies HTTP (Sesión JSESSIONID)
2026-09-17 17:36:19,887 WARN o.a.j.p.h.s.HTTPSamplerBase: Existing CookieManager Gestor de Cookies HTTP (Sesión JSESSIONID) superseded by Gestor de Cookies HTTP (Sesión JSESSIONID)
2026-09-17 17:36:19,977 WARN o.a.j.p.h.s.HTTPSamplerBase: Existing CookieManager Gestor de Cookies HTTP (Sesión JSESSIONID) superseded by Gestor de Cookies HTTP (Sesión JSESSIONID)
2026-09-17 17:36:19,979 WARN o.a.j.p.h.s.HTTPSamplerBase: Existing CookieManager Gestor de Cookies HTTP (Sesión JSESSIONID) superseded by Gestor de Cookies HTTP (Sesión JSESSIONID)
2026-09-17 17:36:19,979 WARN o.a.j.p.h.s.HTTPSamplerBase: Existing CookieManager Gestor de Cookies HTTP (Sesión JSESSIONID) superseded by Gestor de Cookies HTTP (Sesión JSESSIONID)
2026-09-17 17:36:19,979 WARN o.a.j.p.h.s.HTTPSamplerBase: Existing CookieManager Gestor de Cookies HTTP (Sesión JSESSIONID) superseded by Gestor de Cookies HTTP (Sesión JSESSIONID)
2026-09-17 17:36:19,979 WARN o.a.j.p.h.s.HTTPSamplerBase: Existing CookieManager Gestor de Cookies HTTP (Sesión JSESSIONID) superseded by Gestor de Cookies HTTP (Sesión JSESSIONID)
2026-09-17 17:36:20,076 WARN o.a.j.p.h.s.HTTPSamplerBase: Existing CookieManager Gestor de Cookies HTTP (Sesión JSESSIONID) superseded by Gestor de Cookies HTTP (Sesión JSESSIONID)
2026-09-17 17:36:20,090 WARN o.a.j.p.h.s.HTTPSamplerBase: Existing CookieManager Gestor de Cookies HTTP (Sesión JSESSIONID) superseded by Gestor de Cookies HTTP (Sesión JSESSIONID)
2026-09-17 17:36:20,092 WARN o.a.j.p.h.s.HTTPSamplerBase: Existing CookieManager Gestor de Cookies HTTP (Sesión JSESSIONID) superseded by Gestor de Cookies HTTP (Sesión JSESSIONID)
2026-09-17 17:36:20,118 WARN o.a.j.p.h.s.HTTPSamplerBase: Existing CookieManager Gestor de Cookies HTTP (Sesión JSESSIONID) superseded by Gestor de Cookies HTTP (Sesión JSESSIONID)
2026-09-17 17:36:20,125 WARN o.a.j.p.h.s.HTTPSamplerBase: Existing CookieManager Gestor de Cookies HTTP (Sesión JSESSIONID) superseded by Gestor de Cookies HTTP (Sesión JSESSIONID)
2026-09-17 17:36:20,364 WARN o.a.j.p.h.s.HTTPSamplerBase: Existing CookieManager Gestor de Cookies HTTP (Sesión JSESSIONID) superseded by Gestor de Cookies HTTP (Sesión JSESSIONID)
2026-09-17 17:36:20,417 WARN o.a.j.p.h.s.HTTPSamplerBase: Existing CookieManager Gestor de Cookies HTTP (Sesión JSESSIONID) superseded by Gestor de Cookies HTTP (Sesión JSESSIONID)
2026-09-17 17:36:20,417 WARN o.a.j.p.h.s.HTTPSamplerBase: Existing CookieManager Gestor de Cookies HTTP (Sesión JSESSIONID) superseded by Gestor de Cookies HTTP (Sesión JSESSIONID)
2026-09-17 17:36:20,419 WARN o.a.j.p.h.s.HTTPSamplerBase: Existing CookieManager Gestor de Cookies HTTP (Sesión JSESSIONID) superseded by Gestor de Cookies HTTP (Sesión JSESSIONID)
2026-09-17 17:36:20,421 WARN o.a.j.p.h.s.HTTPSamplerBase: Existing CookieManager Gestor de Cookies HTTP (Sesión JSESSIONID) superseded by Gestor de Cookies HTTP (Sesión JSESSIONID)
2026-09-17 17:36:20,421 WARN o.a.j.p.h.s.HTTPSamplerBase: Existing CookieManager Gestor de Cookies HTTP (Sesión JSESSIONID) superseded by Gestor de Cookies HTTP (Sesión JSESSIONID)
2026-09-17 17:36:20,443 WARN o.a.j.p.h.s.HTTPSamplerBase: Existing CookieManager Gestor de Cookies HTTP (Sesión JSESSIONID) superseded by Gestor de Cookies HTTP (Sesión JSESSIONID)
2026-09-17 17:36:20,443 WARN o.a.j.p.h.s.HTTPSamplerBase: Existing CookieManager Gestor de Cookies HTTP (Sesión JSESSIONID) superseded by Gestor de Cookies HTTP (Sesión JSESSIONID)
2026-09-17 17:36:20,485 WARN o.a.j.p.h.s.HTTPSamplerBase: Existing CookieManager Gestor de Cookies HTTP (Sesión JSESSIONID) superseded by Gestor de Cookies HTTP (Sesión JSESSIONID)
2026-09-17 17:36:20,510 WARN o.a.j.p.h.s.HTTPSamplerBase: Existing CookieManager Gestor de Cookies HTTP (Sesión JSESSIONID) superseded by Gestor de Cookies HTTP (Sesión JSESSIONID)
2026-09-17 17:36:20,510 WARN o.a.j.p.h.s.HTTPSamplerBase: Existing CookieManager Gestor de Cookies HTTP (Sesión JSESSIONID) superseded by Gestor de Cookies HTTP (Sesión JSESSIONID)
2026-09-17 17:36:20,510 WARN o.a.j.p.h.s.HTTPSamplerBase: Existing CookieManager Gestor de Cookies HTTP (Sesión JSESSIONID) superseded by Gestor de Cookies HTTP (Sesión JSESSIONID)
2026-09-17 17:36:20,541 WARN o.a.j.p.h.s.HTTPSamplerBase: Existing CookieManager Gestor de Cookies HTTP (Sesión JSESSIONID) superseded by Gestor de Cookies HTTP (Sesión JSESSIONID)
2026-09-17 17:36:20,544 WARN o.a.j.p.h.s.HTTPSamplerBase: Existing CookieManager Gestor de Cookies HTTP (Sesión JSESSIONID) superseded by Gestor de Cookies HTTP (Sesión JSESSIONID)
2026-09-17 17:36:20,600 WARN o.a.j.p.h.s.HTTPSamplerBase: Existing CookieManager Gestor de Cookies HTTP (Sesión JSESSIONID) superseded by Gestor de Cookies HTTP (Sesión JSESSIONID)
2026-09-17 17:36:20,684 WARN o.a.j.p.h.s.HTTPSamplerBase: Existing CookieManager Gestor de Cookies HTTP (Sesión JSESSIONID) superseded by Gestor de Cookies HTTP (Sesión JSESSIONID)
2026-09-17 17:36:20,897 WARN o.a.j.p.h.s.HTTPSamplerBase: Existing CookieManager Gestor de Cookies HTTP (Sesión JSESSIONID) superseded by Gestor de Cookies HTTP (Sesión JSESSIONID)
2026-09-17 17:36:21,027 WARN o.a.j.p.h.s.HTTPSamplerBase: Existing CookieManager Gestor de Cookies HTTP (Sesión JSESSIONID) superseded by Gestor de Cookies HTTP (Sesión JSESSIONID)
2026-09-17 17:36:21,043 WARN o.a.j.p.h.s.HTTPSamplerBase: Existing CookieManager Gestor de Cookies HTTP (Sesión JSESSIONID) superseded by Gestor de Cookies HTTP (Sesión JSESSIONID)
2026-09-17 17:36:21,133 WARN o.a.j.p.h.s.HTTPSamplerBase: Existing CookieManager Gestor de Cookies HTTP (Sesión JSESSIONID) superseded by Gestor de Cookies HTTP (Sesión JSESSIONID)
2026-09-17 17:36:21,133 WARN o.a.j.p.h.s.HTTPSamplerBase: Existing CookieManager Gestor de Cookies HTTP (Sesión JSESSIONID) superseded by Gestor de Cookies HTTP (Sesión JSESSIONID)
2026-09-17 17:36:21,650 WARN o.a.j.p.h.s.HTTPSamplerBase: Existing CookieManager Gestor de Cookies HTTP (Sesión JSESSIONID) superseded by Gestor de Cookies HTTP (Sesión JSESSIONID)
2026-09-17 17:36:21,899 WARN o.a.j.p.h.s.HTTPSamplerBase: Existing CookieManager Gestor de Cookies HTTP (Sesión JSESSIONID) superseded by Gestor de Cookies HTTP (Sesión JSESSIONID)
2026-09-17 17:36:21,950 WARN o.a.j.p.h.s.HTTPSamplerBase: Existing CookieManager Gestor de Cookies HTTP (Sesión JSESSIONID) superseded by Gestor de Cookies HTTP (Sesión JSESSIONID)
2026-09-17 17:36:22,033 WARN o.a.j.p.h.s.HTTPSamplerBase: Existing CookieManager Gestor de Cookies HTTP (Sesión JSESSIONID) superseded by Gestor de Cookies HTTP (Sesión JSESSIONID)
2026-09-17 17:36:22,099 WARN o.a.j.p.h.s.HTTPSamplerBase: Existing CookieManager Gestor de Cookies HTTP (Sesión JSESSIONID) superseded by Gestor de Cookies HTTP (Sesión JSESSIONID)
2026-09-17 17:36:22,099 WARN o.a.j.p.h.s.HTTPSamplerBase: Existing CookieManager Gestor de Cookies HTTP (Sesión JSESSIONID) superseded by Gestor de Cookies HTTP (Sesión JSESSIONID)
2026-09-17 17:36:22,099 WARN o.a.j.p.h.s.HTTPSamplerBase: Existing CookieManager Gestor de Cookies HTTP (Sesión JSESSIONID) superseded by Gestor de Cookies HTTP (Sesión JSESSIONID)
2026-09-17 17:36:22,100 WARN o.a.j.p.h.s.HTTPSamplerBase: Existing CookieManager Gestor de Cookies HTTP (Sesión JSESSIONID) superseded by Gestor de Cookies HTTP (Sesión JSESSIONID)
2026-09-17 17:36:22,101 WARN o.a.j.p.h.s.HTTPSamplerBase: Existing CookieManager Gestor de Cookies HTTP (Sesión JSESSIONID) superseded by Gestor de Cookies HTTP (Sesión JSESSIONID)
2026-09-17 17:36:22,102 WARN o.a.j.p.h.s.HTTPSamplerBase: Existing CookieManager Gestor de Cookies HTTP (Sesión JSESSIONID) superseded by Gestor de Cookies HTTP (Sesión JSESSIONID)
2026-09-17 17:36:22,134 WARN o.a.j.p.h.s.HTTPSamplerBase: Existing CookieManager Gestor de Cookies HTTP (Sesión JSESSIONID) superseded by Gestor de Cookies HTTP (Sesión JSESSIONID)
2026-09-17 17:36:22,139 WARN o.a.j.p.h.s.HTTPSamplerBase: Existing CookieManager Gestor de Cookies HTTP (Sesión JSESSIONID) superseded by Gestor de Cookies HTTP (Sesión JSESSIONID)
2026-09-17 17:36:22,141 WARN o.a.j.p.h.s.HTTPSamplerBase: Existing CookieManager Gestor de Cookies HTTP (Sesión JSESSIONID) superseded by Gestor de Cookies HTTP (Sesión JSESSIONID)
2026-09-17 17:36:22,401 WARN o.a.j.p.h.s.HTTPSamplerBase: Existing CookieManager Gestor de Cookies HTTP (Sesión JSESSIONID) superseded by Gestor de Cookies HTTP (Sesión JSESSIONID)
2026-09-17 17:36:22,401 WARN o.a.j.p.h.s.HTTPSamplerBase: Existing CookieManager Gestor de Cookies HTTP (Sesión JSESSIONID) superseded by Gestor de Cookies HTTP (Sesión JSESSIONID)
2026-09-17 17:36:22,401 WARN o.a.j.p.h.s.HTTPSamplerBase: Existing CookieManager Gestor de Cookies HTTP (Sesión JSESSIONID) superseded by Gestor de Cookies HTTP (Sesión JSESSIONID)
2026-09-17 17:36:22,401 WARN o.a.j.p.h.s.HTTPSamplerBase: Existing CookieManager Gestor de Cookies HTTP (Sesión JSESSIONID) superseded by Gestor de Cookies HTTP (Sesión JSESSIONID)
2026-09-17 17:36:22,404 WARN o.a.j.p.h.s.HTTPSamplerBase: Existing CookieManager Gestor de Cookies HTTP (Sesión JSESSIONID) superseded by Gestor de Cookies HTTP (Sesión JSESSIONID)
2026-09-17 17:36:22,551 WARN o.a.j.p.h.s.HTTPSamplerBase: Existing CookieManager Gestor de Cookies HTTP (Sesión JSESSIONID) superseded by Gestor de Cookies HTTP (Sesión JSESSIONID)
2026-09-17 17:36:22,634 WARN o.a.j.p.h.s.HTTPSamplerBase: Existing CookieManager Gestor de Cookies HTTP (Sesión JSESSIONID) superseded by Gestor de Cookies HTTP (Sesión JSESSIONID)
2026-09-17 17:36:22,634 WARN o.a.j.p.h.s.HTTPSamplerBase: Existing CookieManager Gestor de Cookies HTTP (Sesión JSESSIONID) superseded by Gestor de Cookies HTTP (Sesión JSESSIONID)
2026-09-17 17:36:22,636 WARN o.a.j.p.h.s.HTTPSamplerBase: Existing CookieManager Gestor de Cookies HTTP (Sesión JSESSIONID) superseded by Gestor de Cookies HTTP (Sesión JSESSIONID)
2026-09-17 17:36:22,891 WARN o.a.j.p.h.s.HTTPSamplerBase: Existing CookieManager Gestor de Cookies HTTP (Sesión JSESSIONID) superseded by Gestor de Cookies HTTP (Sesión JSESSIONID)
2026-09-17 17:36:22,891 WARN o.a.j.p.h.s.HTTPSamplerBase: Existing CookieManager Gestor de Cookies HTTP (Sesión JSESSIONID) superseded by Gestor de Cookies HTTP (Sesión JSESSIONID)
2026-09-17 17:36:23,095 WARN o.a.j.p.h.s.HTTPSamplerBase: Existing CookieManager Gestor de Cookies HTTP (Sesión JSESSIONID) superseded by Gestor de Cookies HTTP (Sesión JSESSIONID)
2026-09-17 17:36:23,096 WARN o.a.j.p.h.s.HTTPSamplerBase: Existing CookieManager Gestor de Cookies HTTP (Sesión JSESSIONID) superseded by Gestor de Cookies HTTP (Sesión JSESSIONID)
2026-09-17 17:36:23,097 WARN o.a.j.p.h.s.HTTPSamplerBase: Existing CookieManager Gestor de Cookies HTTP (Sesión JSESSIONID) superseded by Gestor de Cookies HTTP (Sesión JSESSIONID)
2026-09-17 17:36:23,185 WARN o.a.j.p.h.s.HTTPSamplerBase: Existing CookieManager Gestor de Cookies HTTP (Sesión JSESSIONID) superseded by Gestor de Cookies HTTP (Sesión JSESSIONID)
2026-09-17 17:36:23,191 WARN o.a.j.p.h.s.HTTPSamplerBase: Existing CookieManager Gestor de Cookies HTTP (Sesión JSESSIONID) superseded by Gestor de Cookies HTTP (Sesión JSESSIONID)
2026-09-17 17:36:23,214 WARN o.a.j.p.h.s.HTTPSamplerBase: Existing CookieManager Gestor de Cookies HTTP (Sesión JSESSIONID) superseded by Gestor de Cookies HTTP (Sesión JSESSIONID)
2026-09-17 17:36:23,392 WARN o.a.j.p.h.s.HTTPSamplerBase: Existing CookieManager Gestor de Cookies HTTP (Sesión JSESSIONID) superseded by Gestor de Cookies HTTP (Sesión JSESSIONID)
2026-09-17 17:36:23,392 WARN o.a.j.p.h.s.HTTPSamplerBase: Existing CookieManager Gestor de Cookies HTTP (Sesión JSESSIONID) superseded by Gestor de Cookies HTTP (Sesión JSESSIONID)
2026-09-17 17:36:23,467 WARN o.a.j.p.h.s.HTTPSamplerBase: Existing CookieManager Gestor de Cookies HTTP (Sesión JSESSIONID) superseded by Gestor de Cookies HTTP (Sesión JSESSIONID)
2026-09-17 17:36:23,467 WARN o.a.j.p.h.s.HTTPSamplerBase: Existing CookieManager Gestor de Cookies HTTP (Sesión JSESSIONID) superseded by Gestor de Cookies HTTP (Sesión JSESSIONID)
2026-09-17 17:36:23,473 WARN o.a.j.p.h.s.HTTPSamplerBase: Existing CookieManager Gestor de Cookies HTTP (Sesión JSESSIONID) superseded by Gestor de Cookies HTTP (Sesión JSESSIONID)
2026-09-17 17:36:23,474 WARN o.a.j.p.h.s.HTTPSamplerBase: Existing CookieManager Gestor de Cookies HTTP (Sesión JSESSIONID) superseded by Gestor de Cookies HTTP (Sesión JSESSIONID)
2026-09-17 17:36:23,556 WARN o.a.j.p.h.s.HTTPSamplerBase: Existing CookieManager Gestor de Cookies HTTP (Sesión JSESSIONID) superseded by Gestor de Cookies HTTP (Sesión JSESSIONID)
2026-09-17 17:36:23,557 WARN o.a.j.p.h.s.HTTPSamplerBase: Existing CookieManager Gestor de Cookies HTTP (Sesión JSESSIONID) superseded by Gestor de Cookies HTTP (Sesión JSESSIONID)
2026-09-17 17:36:23,559 WARN o.a.j.p.h.s.HTTPSamplerBase: Existing CookieManager Gestor de Cookies HTTP (Sesión JSESSIONID) superseded by Gestor de Cookies HTTP (Sesión JSESSIONID)
2026-09-17 17:36:23,674 WARN o.a.j.p.h.s.HTTPSamplerBase: Existing CookieManager Gestor de Cookies HTTP (Sesión JSESSIONID) superseded by Gestor de Cookies HTTP (Sesión JSESSIONID)
2026-09-17 17:36:23,690 WARN o.a.j.p.h.s.HTTPSamplerBase: Existing CookieManager Gestor de Cookies HTTP (Sesión JSESSIONID) superseded by Gestor de Cookies HTTP (Sesión JSESSIONID)
2026-09-17 17:36:23,732 WARN o.a.j.p.h.s.HTTPSamplerBase: Existing CookieManager Gestor de Cookies HTTP (Sesión JSESSIONID) superseded by Gestor de Cookies HTTP (Sesión JSESSIONID)
2026-09-17 17:36:24,438 WARN o.a.j.p.h.s.HTTPSamplerBase: Existing CookieManager Gestor de Cookies HTTP (Sesión JSESSIONID) superseded by Gestor de Cookies HTTP (Sesión JSESSIONID)
2026-09-17 17:36:24,496 WARN o.a.j.p.h.s.HTTPSamplerBase: Existing CookieManager Gestor de Cookies HTTP (Sesión JSESSIONID) superseded by Gestor de Cookies HTTP (Sesión JSESSIONID)
2026-09-17 17:36:24,498 WARN o.a.j.p.h.s.HTTPSamplerBase: Existing CookieManager Gestor de Cookies HTTP (Sesión JSESSIONID) superseded by Gestor de Cookies HTTP (Sesión JSESSIONID)
2026-09-17 17:36:24,502 WARN o.a.j.p.h.s.HTTPSamplerBase: Existing CookieManager Gestor de Cookies HTTP (Sesión JSESSIONID) superseded by Gestor de Cookies HTTP (Sesión JSESSIONID)
2026-09-17 17:36:24,520 WARN o.a.j.p.h.s.HTTPSamplerBase: Existing CookieManager Gestor de Cookies HTTP (Sesión JSESSIONID) superseded by Gestor de Cookies HTTP (Sesión JSESSIONID)
2026-09-17 17:36:24,599 WARN o.a.j.p.h.s.HTTPSamplerBase: Existing CookieManager Gestor de Cookies HTTP (Sesión JSESSIONID) superseded by Gestor de Cookies HTTP (Sesión JSESSIONID)
2026-09-17 17:36:24,675 WARN o.a.j.p.h.s.HTTPSamplerBase: Existing CookieManager Gestor de Cookies HTTP (Sesión JSESSIONID) superseded by Gestor de Cookies HTTP (Sesión JSESSIONID)
2026-09-17 17:36:24,675 WARN o.a.j.p.h.s.HTTPSamplerBase: Existing CookieManager Gestor de Cookies HTTP (Sesión JSESSIONID) superseded by Gestor de Cookies HTTP (Sesión JSESSIONID)
2026-09-17 17:36:24,676 WARN o.a.j.p.h.s.HTTPSamplerBase: Existing CookieManager Gestor de Cookies HTTP (Sesión JSESSIONID) superseded by Gestor de Cookies HTTP (Sesión JSESSIONID)
2026-09-17 17:36:24,749 WARN o.a.j.p.h.s.HTTPSamplerBase: Existing CookieManager Gestor de Cookies HTTP (Sesión JSESSIONID) superseded by Gestor de Cookies HTTP (Sesión JSESSIONID)
2026-09-17 17:36:24,750 WARN o.a.j.p.h.s.HTTPSamplerBase: Existing CookieManager Gestor de Cookies HTTP (Sesión JSESSIONID) superseded by Gestor de Cookies HTTP (Sesión JSESSIONID)
2026-09-17 17:36:24,750 WARN o.a.j.p.h.s.HTTPSamplerBase: Existing CookieManager Gestor de Cookies HTTP (Sesión JSESSIONID) superseded by Gestor de Cookies HTTP (Sesión JSESSIONID)
2026-09-17 17:36:24,764 WARN o.a.j.p.h.s.HTTPSamplerBase: Existing CookieManager Gestor de Cookies HTTP (Sesión JSESSIONID) superseded by Gestor de Cookies HTTP (Sesión JSESSIONID)
2026-09-17 17:36:24,879 WARN o.a.j.p.h.s.HTTPSamplerBase: Existing CookieManager Gestor de Cookies HTTP (Sesión JSESSIONID) superseded by Gestor de Cookies HTTP (Sesión JSESSIONID)
2026-09-17 17:36:25,004 WARN o.a.j.p.h.s.HTTPSamplerBase: Existing CookieManager Gestor de Cookies HTTP (Sesión JSESSIONID) superseded by Gestor de Cookies HTTP (Sesión JSESSIONID)
2026-09-17 17:36:25,005 WARN o.a.j.p.h.s.HTTPSamplerBase: Existing CookieManager Gestor de Cookies HTTP (Sesión JSESSIONID) superseded by Gestor de Cookies HTTP (Sesión JSESSIONID)
2026-09-17 17:36:25,023 WARN o.a.j.p.h.s.HTTPSamplerBase: Existing CookieManager Gestor de Cookies HTTP (Sesión JSESSIONID) superseded by Gestor de Cookies HTTP (Sesión JSESSIONID)
2026-09-17 17:36:25,023 WARN o.a.j.p.h.s.HTTPSamplerBase: Existing CookieManager Gestor de Cookies HTTP (Sesión JSESSIONID) superseded by Gestor de Cookies HTTP (Sesión JSESSIONID)
2026-09-17 17:36:25,023 WARN o.a.j.p.h.s.HTTPSamplerBase: Existing CookieManager Gestor de Cookies HTTP (Sesión JSESSIONID) superseded by Gestor de Cookies HTTP (Sesión JSESSIONID)
2026-09-17 17:36:25,032 WARN o.a.j.p.h.s.HTTPSamplerBase: Existing CookieManager Gestor de Cookies HTTP (Sesión JSESSIONID) superseded by Gestor de Cookies HTTP (Sesión JSESSIONID)
2026-09-17 17:36:25,075 WARN o.a.j.p.h.s.HTTPSamplerBase: Existing CookieManager Gestor de Cookies HTTP (Sesión JSESSIONID) superseded by Gestor de Cookies HTTP (Sesión JSESSIONID)
2026-09-17 17:36:25,158 WARN o.a.j.p.h.s.HTTPSamplerBase: Existing CookieManager Gestor de Cookies HTTP (Sesión JSESSIONID) superseded by Gestor de Cookies HTTP (Sesión JSESSIONID)
2026-09-17 17:36:25,158 WARN o.a.j.p.h.s.HTTPSamplerBase: Existing CookieManager Gestor de Cookies HTTP (Sesión JSESSIONID) superseded by Gestor de Cookies HTTP (Sesión JSESSIONID)
2026-09-17 17:36:25,241 WARN o.a.j.p.h.s.HTTPSamplerBase: Existing CookieManager Gestor de Cookies HTTP (Sesión JSESSIONID) superseded by Gestor de Cookies HTTP (Sesión JSESSIONID)
2026-09-17 17:36:25,382 WARN o.a.j.p.h.s.HTTPSamplerBase: Existing CookieManager Gestor de Cookies HTTP (Sesión JSESSIONID) superseded by Gestor de Cookies HTTP (Sesión JSESSIONID)
2026-09-17 17:36:25,382 WARN o.a.j.p.h.s.HTTPSamplerBase: Existing CookieManager Gestor de Cookies HTTP (Sesión JSESSIONID) superseded by Gestor de Cookies HTTP (Sesión JSESSIONID)
2026-09-17 17:36:25,461 WARN o.a.j.p.h.s.HTTPSamplerBase: Existing CookieManager Gestor de Cookies HTTP (Sesión JSESSIONID) superseded by Gestor de Cookies HTTP (Sesión JSESSIONID)
2026-09-17 17:36:25,470 WARN o.a.j.p.h.s.HTTPSamplerBase: Existing CookieManager Gestor de Cookies HTTP (Sesión JSESSIONID) superseded by Gestor de Cookies HTTP (Sesión JSESSIONID)
2026-09-17 17:36:25,539 WARN o.a.j.p.h.s.HTTPSamplerBase: Existing CookieManager Gestor de Cookies HTTP (Sesión JSESSIONID) superseded by Gestor de Cookies HTTP (Sesión JSESSIONID)
2026-09-17 17:36:25,552 WARN o.a.j.p.h.s.HTTPSamplerBase: Existing CookieManager Gestor de Cookies HTTP (Sesión JSESSIONID) superseded by Gestor de Cookies HTTP (Sesión JSESSIONID)
2026-09-17 17:36:25,872 WARN o.a.j.p.h.s.HTTPSamplerBase: Existing CookieManager Gestor de Cookies HTTP (Sesión JSESSIONID) superseded by Gestor de Cookies HTTP (Sesión JSESSIONID)
2026-09-17 17:36:25,872 WARN o.a.j.p.h.s.HTTPSamplerBase: Existing CookieManager Gestor de Cookies HTTP (Sesión JSESSIONID) superseded by Gestor de Cookies HTTP (Sesión JSESSIONID)
2026-09-17 17:36:25,912 WARN o.a.j.p.h.s.HTTPSamplerBase: Existing CookieManager Gestor de Cookies HTTP (Sesión JSESSIONID) superseded by Gestor de Cookies HTTP (Sesión JSESSIONID)
2026-09-17 17:36:26,049 WARN o.a.j.p.h.s.HTTPSamplerBase: Existing CookieManager Gestor de Cookies HTTP (Sesión JSESSIONID) superseded by Gestor de Cookies HTTP (Sesión JSESSIONID)
2026-09-17 17:36:26,095 WARN o.a.j.p.h.s.HTTPSamplerBase: Existing CookieManager Gestor de Cookies HTTP (Sesión JSESSIONID) superseded by Gestor de Cookies HTTP (Sesión JSESSIONID)
2026-09-17 17:36:26,162 WARN o.a.j.p.h.s.HTTPSamplerBase: Existing CookieManager Gestor de Cookies HTTP (Sesión JSESSIONID) superseded by Gestor de Cookies HTTP (Sesión JSESSIONID)
2026-09-17 17:36:26,261 WARN o.a.j.p.h.s.HTTPSamplerBase: Existing CookieManager Gestor de Cookies HTTP (Sesión JSESSIONID) superseded by Gestor de Cookies HTTP (Sesión JSESSIONID)
2026-09-17 17:36:26,387 WARN o.a.j.p.h.s.HTTPSamplerBase: Existing CookieManager Gestor de Cookies HTTP (Sesión JSESSIONID) superseded by Gestor de Cookies HTTP (Sesión JSESSIONID)
2026-09-17 17:36:26,424 WARN o.a.j.p.h.s.HTTPSamplerBase: Existing CookieManager Gestor de Cookies HTTP (Sesión JSESSIONID) superseded by Gestor de Cookies HTTP (Sesión JSESSIONID)
2026-09-17 17:36:26,486 WARN o.a.j.p.h.s.HTTPSamplerBase: Existing CookieManager Gestor de Cookies HTTP (Sesión JSESSIONID) superseded by Gestor de Cookies HTTP (Sesión JSESSIONID)
2026-09-17 17:36:26,578 WARN o.a.j.p.h.s.HTTPSamplerBase: Existing CookieManager Gestor de Cookies HTTP (Sesión JSESSIONID) superseded by Gestor de Cookies HTTP (Sesión JSESSIONID)
2026-09-17 17:36:26,591 WARN o.a.j.p.h.s.HTTPSamplerBase: Existing CookieManager Gestor de Cookies HTTP (Sesión JSESSIONID) superseded by Gestor de Cookies HTTP (Sesión JSESSIONID)
2026-09-17 17:36:26,752 WARN o.a.j.p.h.s.HTTPSamplerBase: Existing CookieManager Gestor de Cookies HTTP (Sesión JSESSIONID) superseded by Gestor de Cookies HTTP (Sesión JSESSIONID)
2026-09-17 17:36:26,857 WARN o.a.j.p.h.s.HTTPSamplerBase: Existing CookieManager Gestor de Cookies HTTP (Sesión JSESSIONID) superseded by Gestor de Cookies HTTP (Sesión JSESSIONID)
2026-09-17 17:36:26,888 WARN o.a.j.p.h.s.HTTPSamplerBase: Existing CookieManager Gestor de Cookies HTTP (Sesión JSESSIONID) superseded by Gestor de Cookies HTTP (Sesión JSESSIONID)
2026-09-17 17:36:26,951 WARN o.a.j.p.h.s.HTTPSamplerBase: Existing CookieManager Gestor de Cookies HTTP (Sesión JSESSIONID) superseded by Gestor de Cookies HTTP (Sesión JSESSIONID)
2026-09-17 17:36:27,525 WARN o.a.j.p.h.s.HTTPSamplerBase: Existing CookieManager Gestor de Cookies HTTP (Sesión JSESSIONID) superseded by Gestor de Cookies HTTP (Sesión JSESSIONID)
2026-09-17 17:36:27,601 WARN o.a.j.p.h.s.HTTPSamplerBase: Existing CookieManager Gestor de Cookies HTTP (Sesión JSESSIONID) superseded by Gestor de Cookies HTTP (Sesión JSESSIONID)
2026-09-17 17:36:27,602 WARN o.a.j.p.h.s.HTTPSamplerBase: Existing CookieManager Gestor de Cookies HTTP (Sesión JSESSIONID) superseded by Gestor de Cookies HTTP (Sesión JSESSIONID)
2026-09-17 17:36:27,610 WARN o.a.j.p.h.s.HTTPSamplerBase: Existing CookieManager Gestor de Cookies HTTP (Sesión JSESSIONID) superseded by Gestor de Cookies HTTP (Sesión JSESSIONID)
2026-09-17 17:36:27,610 WARN o.a.j.p.h.s.HTTPSamplerBase: Existing CookieManager Gestor de Cookies HTTP (Sesión JSESSIONID) superseded by Gestor de Cookies HTTP (Sesión JSESSIONID)
2026-09-17 17:36:27,888 WARN o.a.j.p.h.s.HTTPSamplerBase: Existing CookieManager Gestor de Cookies HTTP (Sesión JSESSIONID) superseded by Gestor de Cookies HTTP (Sesión JSESSIONID)
2026-09-17 17:36:27,899 WARN o.a.j.p.h.s.HTTPSamplerBase: Existing CookieManager Gestor de Cookies HTTP (Sesión JSESSIONID) superseded by Gestor de Cookies HTTP (Sesión JSESSIONID)
2026-09-17 17:36:28,102 WARN o.a.j.p.h.s.HTTPSamplerBase: Existing CookieManager Gestor de Cookies HTTP (Sesión JSESSIONID) superseded by Gestor de Cookies HTTP (Sesión JSESSIONID)
2026-09-17 17:36:28,120 WARN o.a.j.p.h.s.HTTPSamplerBase: Existing CookieManager Gestor de Cookies HTTP (Sesión JSESSIONID) superseded by Gestor de Cookies HTTP (Sesión JSESSIONID)
2026-09-17 17:36:28,120 WARN o.a.j.p.h.s.HTTPSamplerBase: Existing CookieManager Gestor de Cookies HTTP (Sesión JSESSIONID) superseded by Gestor de Cookies HTTP (Sesión JSESSIONID)
2026-09-17 17:36:28,404 WARN o.a.j.p.h.s.HTTPSamplerBase: Existing CookieManager Gestor de Cookies HTTP (Sesión JSESSIONID) superseded by Gestor de Cookies HTTP (Sesión JSESSIONID)
2026-09-17 17:36:28,404 WARN o.a.j.p.h.s.HTTPSamplerBase: Existing CookieManager Gestor de Cookies HTTP (Sesión JSESSIONID) superseded by Gestor de Cookies HTTP (Sesión JSESSIONID)
2026-09-17 17:36:28,404 WARN o.a.j.p.h.s.HTTPSamplerBase: Existing CookieManager Gestor de Cookies HTTP (Sesión JSESSIONID) superseded by Gestor de Cookies HTTP (Sesión JSESSIONID)
2026-09-17 17:36:28,404 WARN o.a.j.p.h.s.HTTPSamplerBase: Existing CookieManager Gestor de Cookies HTTP (Sesión JSESSIONID) superseded by Gestor de Cookies HTTP (Sesión JSESSIONID)
2026-09-17 17:36:28,404 WARN o.a.j.p.h.s.HTTPSamplerBase: Existing CookieManager Gestor de Cookies HTTP (Sesión JSESSIONID) superseded by Gestor de Cookies HTTP (Sesión JSESSIONID)
2026-09-17 17:36:28,582 WARN o.a.j.p.h.s.HTTPSamplerBase: Existing CookieManager Gestor de Cookies HTTP (Sesión JSESSIONID) superseded by Gestor de Cookies HTTP (Sesión JSESSIONID)
2026-09-17 17:36:28,582 WARN o.a.j.p.h.s.HTTPSamplerBase: Existing CookieManager Gestor de Cookies HTTP (Sesión JSESSIONID) superseded by Gestor de Cookies HTTP (Sesión JSESSIONID)
2026-09-17 17:36:28,582 WARN o.a.j.p.h.s.HTTPSamplerBase: Existing CookieManager Gestor de Cookies HTTP (Sesión JSESSIONID) superseded by Gestor de Cookies HTTP (Sesión JSESSIONID)
2026-09-17 17:36:28,696 WARN o.a.j.p.h.s.HTTPSamplerBase: Existing CookieManager Gestor de Cookies HTTP (Sesión JSESSIONID) superseded by Gestor de Cookies HTTP (Sesión JSESSIONID)
2026-09-17 17:36:28,703 WARN o.a.j.p.h.s.HTTPSamplerBase: Existing CookieManager Gestor de Cookies HTTP (Sesión JSESSIONID) superseded by Gestor de Cookies HTTP (Sesión JSESSIONID)
2026-09-17 17:36:29,070 WARN o.a.j.p.h.s.HTTPSamplerBase: Existing CookieManager Gestor de Cookies HTTP (Sesión JSESSIONID) superseded by Gestor de Cookies HTTP (Sesión JSESSIONID)
2026-09-17 17:36:29,634 WARN o.a.j.p.h.s.HTTPSamplerBase: Existing CookieManager Gestor de Cookies HTTP (Sesión JSESSIONID) superseded by Gestor de Cookies HTTP (Sesión JSESSIONID)
2026-09-17 17:36:29,634 WARN o.a.j.p.h.s.HTTPSamplerBase: Existing CookieManager Gestor de Cookies HTTP (Sesión JSESSIONID) superseded by Gestor de Cookies HTTP (Sesión JSESSIONID)
2026-09-17 17:36:29,634 WARN o.a.j.p.h.s.HTTPSamplerBase: Existing CookieManager Gestor de Cookies HTTP (Sesión JSESSIONID) superseded by Gestor de Cookies HTTP (Sesión JSESSIONID)
2026-09-17 17:36:29,634 WARN o.a.j.p.h.s.HTTPSamplerBase: Existing CookieManager Gestor de Cookies HTTP (Sesión JSESSIONID) superseded by Gestor de Cookies HTTP (Sesión JSESSIONID)
2026-09-17 17:36:29,767 WARN o.a.j.p.h.s.HTTPSamplerBase: Existing CookieManager Gestor de Cookies HTTP (Sesión JSESSIONID) superseded by Gestor de Cookies HTTP (Sesión JSESSIONID)
2026-09-17 17:36:29,935 WARN o.a.j.p.h.s.HTTPSamplerBase: Existing CookieManager Gestor de Cookies HTTP (Sesión JSESSIONID) superseded by Gestor de Cookies HTTP (Sesión JSESSIONID)
2026-09-17 17:36:29,936 WARN o.a.j.p.h.s.HTTPSamplerBase: Existing CookieManager Gestor de Cookies HTTP (Sesión JSESSIONID) superseded by Gestor de Cookies HTTP (Sesión JSESSIONID)
2026-09-17 17:36:29,936 WARN o.a.j.p.h.s.HTTPSamplerBase: Existing CookieManager Gestor de Cookies HTTP (Sesión JSESSIONID) superseded by Gestor de Cookies HTTP (Sesión JSESSIONID)
2026-09-17 17:36:29,984 WARN o.a.j.p.h.s.HTTPSamplerBase: Existing CookieManager Gestor de Cookies HTTP (Sesión JSESSIONID) superseded by Gestor de Cookies HTTP (Sesión JSESSIONID)
2026-09-17 17:36:29,984 WARN o.a.j.p.h.s.HTTPSamplerBase: Existing CookieManager Gestor de Cookies HTTP (Sesión JSESSIONID) superseded by Gestor de Cookies HTTP (Sesión JSESSIONID)
2026-09-17 17:36:29,992 WARN o.a.j.p.h.s.HTTPSamplerBase: Existing CookieManager Gestor de Cookies HTTP (Sesión JSESSIONID) superseded by Gestor de Cookies HTTP (Sesión JSESSIONID)
2026-09-17 17:36:30,116 WARN o.a.j.p.h.s.HTTPSamplerBase: Existing CookieManager Gestor de Cookies HTTP (Sesión JSESSIONID) superseded by Gestor de Cookies HTTP (Sesión JSESSIONID)
2026-09-17 17:36:30,131 WARN o.a.j.p.h.s.HTTPSamplerBase: Existing CookieManager Gestor de Cookies HTTP (Sesión JSESSIONID) superseded by Gestor de Cookies HTTP (Sesión JSESSIONID)
2026-09-17 17:36:30,131 WARN o.a.j.p.h.s.HTTPSamplerBase: Existing CookieManager Gestor de Cookies HTTP (Sesión JSESSIONID) superseded by Gestor de Cookies HTTP (Sesión JSESSIONID)
2026-09-17 17:36:30,132 WARN o.a.j.p.h.s.HTTPSamplerBase: Existing CookieManager Gestor de Cookies HTTP (Sesión JSESSIONID) superseded by Gestor de Cookies HTTP (Sesión JSESSIONID)
2026-09-17 17:36:30,367 WARN o.a.j.p.h.s.HTTPSamplerBase: Existing CookieManager Gestor de Cookies HTTP (Sesión JSESSIONID) superseded by Gestor de Cookies HTTP (Sesión JSESSIONID)
2026-09-17 17:36:30,370 WARN o.a.j.p.h.s.HTTPSamplerBase: Existing CookieManager Gestor de Cookies HTTP (Sesión JSESSIONID) superseded by Gestor de Cookies HTTP (Sesión JSESSIONID)
2026-09-17 17:36:32,725 INFO o.a.j.t.JMeterThread: Thread finished: 3. PRUEBA DE ESTRÉS (200 Usuarios Concurrentes - Pico) 1-19
2026-09-17 17:36:32,725 INFO o.a.j.t.JMeterThread: Thread finished: 3. PRUEBA DE ESTRÉS (200 Usuarios Concurrentes - Pico) 1-94
2026-09-17 17:36:32,725 INFO o.a.j.t.JMeterThread: Thread finished: 3. PRUEBA DE ESTRÉS (200 Usuarios Concurrentes - Pico) 1-91
2026-09-17 17:36:32,731 ERROR o.a.j.JMeter: Uncaught exception in thread Thread[3. PRUEBA DE ESTRÉS (200 Usuarios Concurrentes - Pico) 1-91,6,main]
java.lang.OutOfMemoryError: Java heap space
2026-09-17 17:36:32,731 ERROR o.a.j.JMeter: Uncaught exception in thread Thread[3. PRUEBA DE ESTRÉS (200 Usuarios Concurrentes - Pico) 1-94,6,main]
java.lang.OutOfMemoryError: Java heap space
	at org.apache.commons.io.IOUtils.byteArray(IOUtils.java:368) ~[commons-io-2.15.1.jar:2.15.1]
	at org.apache.commons.io.output.AbstractByteArrayOutputStream.needNewBuffer(AbstractByteArrayOutputStream.java:140) ~[commons-io-2.15.1.jar:2.15.1]
	at org.apache.commons.io.output.AbstractByteArrayOutputStream.writeImpl(AbstractByteArrayOutputStream.java:331) ~[commons-io-2.15.1.jar:2.15.1]
	at org.apache.commons.io.output.ByteArrayOutputStream.write(ByteArrayOutputStream.java:148) ~[commons-io-2.15.1.jar:2.15.1]
	at org.apache.jmeter.protocol.http.sampler.HTTPSamplerBase.readResponse(HTTPSamplerBase.java:1969) ~[ApacheJMeter_http.jar:5.6.3]
	at org.apache.jmeter.protocol.http.sampler.HTTPAbstractImpl.readResponse(HTTPAbstractImpl.java:475) ~[ApacheJMeter_http.jar:5.6.3]
	at org.apache.jmeter.protocol.http.sampler.HTTPHC4Impl.sample(HTTPHC4Impl.java:678) ~[ApacheJMeter_http.jar:5.6.3]
	at org.apache.jmeter.protocol.http.sampler.HTTPSamplerProxy.sample(HTTPSamplerProxy.java:66) ~[ApacheJMeter_http.jar:5.6.3]
	at org.apache.jmeter.protocol.http.sampler.HTTPSamplerBase.sample(HTTPSamplerBase.java:1311) ~[ApacheJMeter_http.jar:5.6.3]
	at org.apache.jmeter.protocol.http.sampler.HTTPSamplerBase.sample(HTTPSamplerBase.java:1300) ~[ApacheJMeter_http.jar:5.6.3]
	at org.apache.jmeter.threads.JMeterThread.doSampling(JMeterThread.java:651) ~[ApacheJMeter_core.jar:5.6.3]
	at org.apache.jmeter.threads.JMeterThread.executeSamplePackage(JMeterThread.java:570) ~[ApacheJMeter_core.jar:5.6.3]
	at org.apache.jmeter.threads.JMeterThread.processSampler(JMeterThread.java:501) ~[ApacheJMeter_core.jar:5.6.3]
	at org.apache.jmeter.threads.JMeterThread.run(JMeterThread.java:268) ~[ApacheJMeter_core.jar:5.6.3]
	at java.lang.Thread.run(Unknown Source) [?:1.8.0_401]
2026-09-17 17:36:32,731 ERROR o.a.j.JMeter: Uncaught exception in thread Thread[3. PRUEBA DE ESTRÉS (200 Usuarios Concurrentes - Pico) 1-19,6,main]
java.lang.OutOfMemoryError: Java heap space
	at org.apache.commons.io.IOUtils.byteArray(IOUtils.java:368) ~[commons-io-2.15.1.jar:2.15.1]
	at org.apache.commons.io.output.AbstractByteArrayOutputStream.needNewBuffer(AbstractByteArrayOutputStream.java:140) ~[commons-io-2.15.1.jar:2.15.1]
	at org.apache.commons.io.output.AbstractByteArrayOutputStream.writeImpl(AbstractByteArrayOutputStream.java:331) ~[commons-io-2.15.1.jar:2.15.1]
	at org.apache.commons.io.output.ByteArrayOutputStream.write(ByteArrayOutputStream.java:148) ~[commons-io-2.15.1.jar:2.15.1]
	at org.apache.jmeter.protocol.http.sampler.HTTPSamplerBase.readResponse(HTTPSamplerBase.java:1969) ~[ApacheJMeter_http.jar:5.6.3]
	at org.apache.jmeter.protocol.http.sampler.HTTPAbstractImpl.readResponse(HTTPAbstractImpl.java:475) ~[ApacheJMeter_http.jar:5.6.3]
	at org.apache.jmeter.protocol.http.sampler.HTTPHC4Impl.sample(HTTPHC4Impl.java:678) ~[ApacheJMeter_http.jar:5.6.3]
	at org.apache.jmeter.protocol.http.sampler.HTTPSamplerProxy.sample(HTTPSamplerProxy.java:66) ~[ApacheJMeter_http.jar:5.6.3]
	at org.apache.jmeter.protocol.http.sampler.HTTPSamplerBase.sample(HTTPSamplerBase.java:1311) ~[ApacheJMeter_http.jar:5.6.3]
	at org.apache.jmeter.protocol.http.sampler.HTTPSamplerBase.sample(HTTPSamplerBase.java:1300) ~[ApacheJMeter_http.jar:5.6.3]
	at org.apache.jmeter.threads.JMeterThread.doSampling(JMeterThread.java:651) ~[ApacheJMeter_core.jar:5.6.3]
	at org.apache.jmeter.threads.JMeterThread.executeSamplePackage(JMeterThread.java:570) ~[ApacheJMeter_core.jar:5.6.3]
	at org.apache.jmeter.threads.JMeterThread.processSampler(JMeterThread.java:501) ~[ApacheJMeter_core.jar:5.6.3]
	at org.apache.jmeter.threads.JMeterThread.run(JMeterThread.java:268) ~[ApacheJMeter_core.jar:5.6.3]
	at java.lang.Thread.run(Unknown Source) [?:1.8.0_401]
2026-09-17 17:36:32,758 WARN o.a.j.p.h.s.HTTPSamplerBase: Existing CookieManager Gestor de Cookies HTTP (Sesión JSESSIONID) superseded by Gestor de Cookies HTTP (Sesión JSESSIONID)
2026-09-17 17:36:32,758 WARN o.a.j.p.h.s.HTTPSamplerBase: Existing CookieManager Gestor de Cookies HTTP (Sesión JSESSIONID) superseded by Gestor de Cookies HTTP (Sesión JSESSIONID)
2026-09-17 17:36:32,758 WARN o.a.j.p.h.s.HTTPSamplerBase: Existing CookieManager Gestor de Cookies HTTP (Sesión JSESSIONID) superseded by Gestor de Cookies HTTP (Sesión JSESSIONID)
2026-09-17 17:36:32,758 WARN o.a.j.p.h.s.HTTPSamplerBase: Existing CookieManager Gestor de Cookies HTTP (Sesión JSESSIONID) superseded by Gestor de Cookies HTTP (Sesión JSESSIONID)
2026-09-17 17:36:32,758 WARN o.a.j.p.h.s.HTTPSamplerBase: Existing CookieManager Gestor de Cookies HTTP (Sesión JSESSIONID) superseded by Gestor de Cookies HTTP (Sesión JSESSIONID)
2026-09-17 17:36:32,758 WARN o.a.j.p.h.s.HTTPSamplerBase: Existing CookieManager Gestor de Cookies HTTP (Sesión JSESSIONID) superseded by Gestor de Cookies HTTP (Sesión JSESSIONID)
2026-09-17 17:36:32,758 WARN o.a.j.p.h.s.HTTPSamplerBase: Existing CookieManager Gestor de Cookies HTTP (Sesión JSESSIONID) superseded by Gestor de Cookies HTTP (Sesión JSESSIONID)
2026-09-17 17:36:32,950 WARN o.a.j.p.h.s.HTTPSamplerBase: Existing CookieManager Gestor de Cookies HTTP (Sesión JSESSIONID) superseded by Gestor de Cookies HTTP (Sesión JSESSIONID)
2026-09-17 17:36:32,997 WARN o.a.j.p.h.s.HTTPSamplerBase: Existing CookieManager Gestor de Cookies HTTP (Sesión JSESSIONID) superseded by Gestor de Cookies HTTP (Sesión JSESSIONID)
2026-09-17 17:36:33,059 WARN o.a.j.p.h.s.HTTPSamplerBase: Existing CookieManager Gestor de Cookies HTTP (Sesión JSESSIONID) superseded by Gestor de Cookies HTTP (Sesión JSESSIONID)
2026-09-17 17:36:33,171 WARN o.a.j.p.h.s.HTTPSamplerBase: Existing CookieManager Gestor de Cookies HTTP (Sesión JSESSIONID) superseded by Gestor de Cookies HTTP (Sesión JSESSIONID)
2026-09-17 17:36:33,322 WARN o.a.j.p.h.s.HTTPSamplerBase: Existing CookieManager Gestor de Cookies HTTP (Sesión JSESSIONID) superseded by Gestor de Cookies HTTP (Sesión JSESSIONID)
2026-09-17 17:36:33,464 WARN o.a.j.p.h.s.HTTPSamplerBase: Existing CookieManager Gestor de Cookies HTTP (Sesión JSESSIONID) superseded by Gestor de Cookies HTTP (Sesión JSESSIONID)
2026-09-17 17:36:33,464 WARN o.a.j.p.h.s.HTTPSamplerBase: Existing CookieManager Gestor de Cookies HTTP (Sesión JSESSIONID) superseded by Gestor de Cookies HTTP (Sesión JSESSIONID)
2026-09-17 17:36:33,477 WARN o.a.j.p.h.s.HTTPSamplerBase: Existing CookieManager Gestor de Cookies HTTP (Sesión JSESSIONID) superseded by Gestor de Cookies HTTP (Sesión JSESSIONID)
2026-09-17 17:36:33,501 WARN o.a.j.p.h.s.HTTPSamplerBase: Existing CookieManager Gestor de Cookies HTTP (Sesión JSESSIONID) superseded by Gestor de Cookies HTTP (Sesión JSESSIONID)
2026-09-17 17:36:33,514 WARN o.a.j.p.h.s.HTTPSamplerBase: Existing CookieManager Gestor de Cookies HTTP (Sesión JSESSIONID) superseded by Gestor de Cookies HTTP (Sesión JSESSIONID)
2026-09-17 17:36:33,952 WARN o.a.j.p.h.s.HTTPSamplerBase: Existing CookieManager Gestor de Cookies HTTP (Sesión JSESSIONID) superseded by Gestor de Cookies HTTP (Sesión JSESSIONID)
2026-09-17 17:36:33,952 WARN o.a.j.p.h.s.HTTPSamplerBase: Existing CookieManager Gestor de Cookies HTTP (Sesión JSESSIONID) superseded by Gestor de Cookies HTTP (Sesión JSESSIONID)
2026-09-17 17:36:33,952 WARN o.a.j.p.h.s.HTTPSamplerBase: Existing CookieManager Gestor de Cookies HTTP (Sesión JSESSIONID) superseded by Gestor de Cookies HTTP (Sesión JSESSIONID)
2026-09-17 17:36:33,953 WARN o.a.j.p.h.s.HTTPSamplerBase: Existing CookieManager Gestor de Cookies HTTP (Sesión JSESSIONID) superseded by Gestor de Cookies HTTP (Sesión JSESSIONID)
2026-09-17 17:36:33,953 WARN o.a.j.p.h.s.HTTPSamplerBase: Existing CookieManager Gestor de Cookies HTTP (Sesión JSESSIONID) superseded by Gestor de Cookies HTTP (Sesión JSESSIONID)
2026-09-17 17:36:33,953 WARN o.a.j.p.h.s.HTTPSamplerBase: Existing CookieManager Gestor de Cookies HTTP (Sesión JSESSIONID) superseded by Gestor de Cookies HTTP (Sesión JSESSIONID)
2026-09-17 17:36:33,953 WARN o.a.j.p.h.s.HTTPSamplerBase: Existing CookieManager Gestor de Cookies HTTP (Sesión JSESSIONID) superseded by Gestor de Cookies HTTP (Sesión JSESSIONID)
2026-09-17 17:36:33,953 WARN o.a.j.p.h.s.HTTPSamplerBase: Existing CookieManager Gestor de Cookies HTTP (Sesión JSESSIONID) superseded by Gestor de Cookies HTTP (Sesión JSESSIONID)
2026-09-17 17:36:33,953 WARN o.a.j.p.h.s.HTTPSamplerBase: Existing CookieManager Gestor de Cookies HTTP (Sesión JSESSIONID) superseded by Gestor de Cookies HTTP (Sesión JSESSIONID)
2026-09-17 17:36:33,953 WARN o.a.j.p.h.s.HTTPSamplerBase: Existing CookieManager Gestor de Cookies HTTP (Sesión JSESSIONID) superseded by Gestor de Cookies HTTP (Sesión JSESSIONID)
2026-09-17 17:36:34,389 WARN o.a.j.p.h.s.HTTPSamplerBase: Existing CookieManager Gestor de Cookies HTTP (Sesión JSESSIONID) superseded by Gestor de Cookies HTTP (Sesión JSESSIONID)
2026-09-17 17:36:34,657 WARN o.a.j.p.h.s.HTTPSamplerBase: Existing CookieManager Gestor de Cookies HTTP (Sesión JSESSIONID) superseded by Gestor de Cookies HTTP (Sesión JSESSIONID)
2026-09-17 17:36:34,657 WARN o.a.j.p.h.s.HTTPSamplerBase: Existing CookieManager Gestor de Cookies HTTP (Sesión JSESSIONID) superseded by Gestor de Cookies HTTP (Sesión JSESSIONID)
2026-09-17 17:36:34,657 WARN o.a.j.p.h.s.HTTPSamplerBase: Existing CookieManager Gestor de Cookies HTTP (Sesión JSESSIONID) superseded by Gestor de Cookies HTTP (Sesión JSESSIONID)
2026-09-17 17:36:34,688 WARN o.a.j.p.h.s.HTTPSamplerBase: Existing CookieManager Gestor de Cookies HTTP (Sesión JSESSIONID) superseded by Gestor de Cookies HTTP (Sesión JSESSIONID)
2026-09-17 17:36:35,046 WARN o.a.j.p.h.s.HTTPSamplerBase: Existing CookieManager Gestor de Cookies HTTP (Sesión JSESSIONID) superseded by Gestor de Cookies HTTP (Sesión JSESSIONID)
2026-09-17 17:36:35,200 WARN o.a.j.p.h.s.HTTPSamplerBase: Existing CookieManager Gestor de Cookies HTTP (Sesión JSESSIONID) superseded by Gestor de Cookies HTTP (Sesión JSESSIONID)
2026-09-17 17:36:35,200 WARN o.a.j.p.h.s.HTTPSamplerBase: Existing CookieManager Gestor de Cookies HTTP (Sesión JSESSIONID) superseded by Gestor de Cookies HTTP (Sesión JSESSIONID)
2026-09-17 17:36:35,200 WARN o.a.j.p.h.s.HTTPSamplerBase: Existing CookieManager Gestor de Cookies HTTP (Sesión JSESSIONID) superseded by Gestor de Cookies HTTP (Sesión JSESSIONID)
2026-09-17 17:36:35,228 WARN o.a.j.p.h.s.HTTPSamplerBase: Existing CookieManager Gestor de Cookies HTTP (Sesión JSESSIONID) superseded by Gestor de Cookies HTTP (Sesión JSESSIONID)
2026-09-17 17:36:35,228 WARN o.a.j.p.h.s.HTTPSamplerBase: Existing CookieManager Gestor de Cookies HTTP (Sesión JSESSIONID) superseded by Gestor de Cookies HTTP (Sesión JSESSIONID)
2026-09-17 17:36:35,393 WARN o.a.j.p.h.s.HTTPSamplerBase: Existing CookieManager Gestor de Cookies HTTP (Sesión JSESSIONID) superseded by Gestor de Cookies HTTP (Sesión JSESSIONID)
2026-09-17 17:36:35,394 WARN o.a.j.p.h.s.HTTPSamplerBase: Existing CookieManager Gestor de Cookies HTTP (Sesión JSESSIONID) superseded by Gestor de Cookies HTTP (Sesión JSESSIONID)
2026-09-17 17:36:35,404 WARN o.a.j.p.h.s.HTTPSamplerBase: Existing CookieManager Gestor de Cookies HTTP (Sesión JSESSIONID) superseded by Gestor de Cookies HTTP (Sesión JSESSIONID)
2026-09-17 17:36:35,732 WARN o.a.j.p.h.s.HTTPSamplerBase: Existing CookieManager Gestor de Cookies HTTP (Sesión JSESSIONID) superseded by Gestor de Cookies HTTP (Sesión JSESSIONID)
2026-09-17 17:36:35,732 WARN o.a.j.p.h.s.HTTPSamplerBase: Existing CookieManager Gestor de Cookies HTTP (Sesión JSESSIONID) superseded by Gestor de Cookies HTTP (Sesión JSESSIONID)
2026-09-17 17:36:35,733 WARN o.a.j.p.h.s.HTTPSamplerBase: Existing CookieManager Gestor de Cookies HTTP (Sesión JSESSIONID) superseded by Gestor de Cookies HTTP (Sesión JSESSIONID)
2026-09-17 17:36:35,733 WARN o.a.j.p.h.s.HTTPSamplerBase: Existing CookieManager Gestor de Cookies HTTP (Sesión JSESSIONID) superseded by Gestor de Cookies HTTP (Sesión JSESSIONID)
2026-09-17 17:36:35,733 WARN o.a.j.p.h.s.HTTPSamplerBase: Existing CookieManager Gestor de Cookies HTTP (Sesión JSESSIONID) superseded by Gestor de Cookies HTTP (Sesión JSESSIONID)
2026-09-17 17:36:35,741 WARN o.a.j.p.h.s.HTTPSamplerBase: Existing CookieManager Gestor de Cookies HTTP (Sesión JSESSIONID) superseded by Gestor de Cookies HTTP (Sesión JSESSIONID)
2026-09-17 17:36:35,837 WARN o.a.j.p.h.s.HTTPSamplerBase: Existing CookieManager Gestor de Cookies HTTP (Sesión JSESSIONID) superseded by Gestor de Cookies HTTP (Sesión JSESSIONID)
2026-09-17 17:36:35,838 WARN o.a.j.p.h.s.HTTPSamplerBase: Existing CookieManager Gestor de Cookies HTTP (Sesión JSESSIONID) superseded by Gestor de Cookies HTTP (Sesión JSESSIONID)
2026-09-17 17:36:35,839 WARN o.a.j.p.h.s.HTTPSamplerBase: Existing CookieManager Gestor de Cookies HTTP (Sesión JSESSIONID) superseded by Gestor de Cookies HTTP (Sesión JSESSIONID)
2026-09-17 17:36:35,839 WARN o.a.j.p.h.s.HTTPSamplerBase: Existing CookieManager Gestor de Cookies HTTP (Sesión JSESSIONID) superseded by Gestor de Cookies HTTP (Sesión JSESSIONID)
2026-09-17 17:36:35,840 WARN o.a.j.p.h.s.HTTPSamplerBase: Existing CookieManager Gestor de Cookies HTTP (Sesión JSESSIONID) superseded by Gestor de Cookies HTTP (Sesión JSESSIONID)
2026-09-17 17:36:35,963 WARN o.a.j.p.h.s.HTTPSamplerBase: Existing CookieManager Gestor de Cookies HTTP (Sesión JSESSIONID) superseded by Gestor de Cookies HTTP (Sesión JSESSIONID)
2026-09-17 17:36:35,972 WARN o.a.j.p.h.s.HTTPSamplerBase: Existing CookieManager Gestor de Cookies HTTP (Sesión JSESSIONID) superseded by Gestor de Cookies HTTP (Sesión JSESSIONID)
2026-09-17 17:36:35,981 WARN o.a.j.p.h.s.HTTPSamplerBase: Existing CookieManager Gestor de Cookies HTTP (Sesión JSESSIONID) superseded by Gestor de Cookies HTTP (Sesión JSESSIONID)
2026-09-17 17:36:35,981 WARN o.a.j.p.h.s.HTTPSamplerBase: Existing CookieManager Gestor de Cookies HTTP (Sesión JSESSIONID) superseded by Gestor de Cookies HTTP (Sesión JSESSIONID)
2026-09-17 17:36:36,203 WARN o.a.j.p.h.s.HTTPSamplerBase: Existing CookieManager Gestor de Cookies HTTP (Sesión JSESSIONID) superseded by Gestor de Cookies HTTP (Sesión JSESSIONID)
2026-09-17 17:36:36,203 WARN o.a.j.p.h.s.HTTPSamplerBase: Existing CookieManager Gestor de Cookies HTTP (Sesión JSESSIONID) superseded by Gestor de Cookies HTTP (Sesión JSESSIONID)
2026-09-17 17:36:36,287 WARN o.a.j.p.h.s.HTTPSamplerBase: Existing CookieManager Gestor de Cookies HTTP (Sesión JSESSIONID) superseded by Gestor de Cookies HTTP (Sesión JSESSIONID)
2026-09-17 17:36:36,289 WARN o.a.j.p.h.s.HTTPSamplerBase: Existing CookieManager Gestor de Cookies HTTP (Sesión JSESSIONID) superseded by Gestor de Cookies HTTP (Sesión JSESSIONID)
2026-09-17 17:36:36,442 WARN o.a.j.p.h.s.HTTPSamplerBase: Existing CookieManager Gestor de Cookies HTTP (Sesión JSESSIONID) superseded by Gestor de Cookies HTTP (Sesión JSESSIONID)
2026-09-17 17:36:36,446 WARN o.a.j.p.h.s.HTTPSamplerBase: Existing CookieManager Gestor de Cookies HTTP (Sesión JSESSIONID) superseded by Gestor de Cookies HTTP (Sesión JSESSIONID)
2026-09-17 17:36:36,442 WARN o.a.j.p.h.s.HTTPSamplerBase: Existing CookieManager Gestor de Cookies HTTP (Sesión JSESSIONID) superseded by Gestor de Cookies HTTP (Sesión JSESSIONID)
2026-09-17 17:36:36,446 WARN o.a.j.p.h.s.HTTPSamplerBase: Existing CookieManager Gestor de Cookies HTTP (Sesión JSESSIONID) superseded by Gestor de Cookies HTTP (Sesión JSESSIONID)
2026-09-17 17:36:36,674 WARN o.a.j.p.h.s.HTTPSamplerBase: Existing CookieManager Gestor de Cookies HTTP (Sesión JSESSIONID) superseded by Gestor de Cookies HTTP (Sesión JSESSIONID)
2026-09-17 17:36:36,674 WARN o.a.j.p.h.s.HTTPSamplerBase: Existing CookieManager Gestor de Cookies HTTP (Sesión JSESSIONID) superseded by Gestor de Cookies HTTP (Sesión JSESSIONID)
2026-09-17 17:36:36,897 WARN o.a.j.p.h.s.HTTPSamplerBase: Existing CookieManager Gestor de Cookies HTTP (Sesión JSESSIONID) superseded by Gestor de Cookies HTTP (Sesión JSESSIONID)
2026-09-17 17:36:36,903 WARN o.a.j.p.h.s.HTTPSamplerBase: Existing CookieManager Gestor de Cookies HTTP (Sesión JSESSIONID) superseded by Gestor de Cookies HTTP (Sesión JSESSIONID)
2026-09-17 17:36:36,904 WARN o.a.j.p.h.s.HTTPSamplerBase: Existing CookieManager Gestor de Cookies HTTP (Sesión JSESSIONID) superseded by Gestor de Cookies HTTP (Sesión JSESSIONID)
2026-09-17 17:36:36,905 WARN o.a.j.p.h.s.HTTPSamplerBase: Existing CookieManager Gestor de Cookies HTTP (Sesión JSESSIONID) superseded by Gestor de Cookies HTTP (Sesión JSESSIONID)
2026-09-17 17:36:36,906 WARN o.a.j.p.h.s.HTTPSamplerBase: Existing CookieManager Gestor de Cookies HTTP (Sesión JSESSIONID) superseded by Gestor de Cookies HTTP (Sesión JSESSIONID)
2026-09-17 17:36:36,906 WARN o.a.j.p.h.s.HTTPSamplerBase: Existing CookieManager Gestor de Cookies HTTP (Sesión JSESSIONID) superseded by Gestor de Cookies HTTP (Sesión JSESSIONID)
2026-09-17 17:36:36,907 WARN o.a.j.p.h.s.HTTPSamplerBase: Existing CookieManager Gestor de Cookies HTTP (Sesión JSESSIONID) superseded by Gestor de Cookies HTTP (Sesión JSESSIONID)
2026-09-17 17:36:36,907 WARN o.a.j.p.h.s.HTTPSamplerBase: Existing CookieManager Gestor de Cookies HTTP (Sesión JSESSIONID) superseded by Gestor de Cookies HTTP (Sesión JSESSIONID)
2026-09-17 17:36:36,907 WARN o.a.j.p.h.s.HTTPSamplerBase: Existing CookieManager Gestor de Cookies HTTP (Sesión JSESSIONID) superseded by Gestor de Cookies HTTP (Sesión JSESSIONID)
2026-09-17 17:36:36,909 WARN o.a.j.p.h.s.HTTPSamplerBase: Existing CookieManager Gestor de Cookies HTTP (Sesión JSESSIONID) superseded by Gestor de Cookies HTTP (Sesión JSESSIONID)
2026-09-17 17:36:36,910 WARN o.a.j.p.h.s.HTTPSamplerBase: Existing CookieManager Gestor de Cookies HTTP (Sesión JSESSIONID) superseded by Gestor de Cookies HTTP (Sesión JSESSIONID)
2026-09-17 17:36:36,910 WARN o.a.j.p.h.s.HTTPSamplerBase: Existing CookieManager Gestor de Cookies HTTP (Sesión JSESSIONID) superseded by Gestor de Cookies HTTP (Sesión JSESSIONID)
2026-09-17 17:36:36,911 WARN o.a.j.p.h.s.HTTPSamplerBase: Existing CookieManager Gestor de Cookies HTTP (Sesión JSESSIONID) superseded by Gestor de Cookies HTTP (Sesión JSESSIONID)
2026-09-17 17:36:36,912 WARN o.a.j.p.h.s.HTTPSamplerBase: Existing CookieManager Gestor de Cookies HTTP (Sesión JSESSIONID) superseded by Gestor de Cookies HTTP (Sesión JSESSIONID)
2026-09-17 17:36:36,940 WARN o.a.j.p.h.s.HTTPSamplerBase: Existing CookieManager Gestor de Cookies HTTP (Sesión JSESSIONID) superseded by Gestor de Cookies HTTP (Sesión JSESSIONID)
2026-09-17 17:36:36,940 WARN o.a.j.p.h.s.HTTPSamplerBase: Existing CookieManager Gestor de Cookies HTTP (Sesión JSESSIONID) superseded by Gestor de Cookies HTTP (Sesión JSESSIONID)
2026-09-17 17:36:36,941 WARN o.a.j.p.h.s.HTTPSamplerBase: Existing CookieManager Gestor de Cookies HTTP (Sesión JSESSIONID) superseded by Gestor de Cookies HTTP (Sesión JSESSIONID)
2026-09-17 17:36:36,993 WARN o.a.j.p.h.s.HTTPSamplerBase: Existing CookieManager Gestor de Cookies HTTP (Sesión JSESSIONID) superseded by Gestor de Cookies HTTP (Sesión JSESSIONID)
2026-09-17 17:36:37,003 WARN o.a.j.p.h.s.HTTPSamplerBase: Existing CookieManager Gestor de Cookies HTTP (Sesión JSESSIONID) superseded by Gestor de Cookies HTTP (Sesión JSESSIONID)
2026-09-17 17:36:37,003 WARN o.a.j.p.h.s.HTTPSamplerBase: Existing CookieManager Gestor de Cookies HTTP (Sesión JSESSIONID) superseded by Gestor de Cookies HTTP (Sesión JSESSIONID)
2026-09-17 17:36:37,004 WARN o.a.j.p.h.s.HTTPSamplerBase: Existing CookieManager Gestor de Cookies HTTP (Sesión JSESSIONID) superseded by Gestor de Cookies HTTP (Sesión JSESSIONID)
2026-09-17 17:36:37,056 WARN o.a.j.p.h.s.HTTPSamplerBase: Existing CookieManager Gestor de Cookies HTTP (Sesión JSESSIONID) superseded by Gestor de Cookies HTTP (Sesión JSESSIONID)
2026-09-17 17:36:37,213 WARN o.a.j.p.h.s.HTTPSamplerBase: Existing CookieManager Gestor de Cookies HTTP (Sesión JSESSIONID) superseded by Gestor de Cookies HTTP (Sesión JSESSIONID)
2026-09-17 17:36:37,213 WARN o.a.j.p.h.s.HTTPSamplerBase: Existing CookieManager Gestor de Cookies HTTP (Sesión JSESSIONID) superseded by Gestor de Cookies HTTP (Sesión JSESSIONID)
2026-09-17 17:36:37,252 WARN o.a.j.p.h.s.HTTPSamplerBase: Existing CookieManager Gestor de Cookies HTTP (Sesión JSESSIONID) superseded by Gestor de Cookies HTTP (Sesión JSESSIONID)
2026-09-17 17:36:37,366 WARN o.a.j.p.h.s.HTTPSamplerBase: Existing CookieManager Gestor de Cookies HTTP (Sesión JSESSIONID) superseded by Gestor de Cookies HTTP (Sesión JSESSIONID)
2026-09-17 17:36:37,367 WARN o.a.j.p.h.s.HTTPSamplerBase: Existing CookieManager Gestor de Cookies HTTP (Sesión JSESSIONID) superseded by Gestor de Cookies HTTP (Sesión JSESSIONID)
2026-09-17 17:36:37,370 WARN o.a.j.p.h.s.HTTPSamplerBase: Existing CookieManager Gestor de Cookies HTTP (Sesión JSESSIONID) superseded by Gestor de Cookies HTTP (Sesión JSESSIONID)
2026-09-17 17:36:37,370 WARN o.a.j.p.h.s.HTTPSamplerBase: Existing CookieManager Gestor de Cookies HTTP (Sesión JSESSIONID) superseded by Gestor de Cookies HTTP (Sesión JSESSIONID)
2026-09-17 17:36:37,450 WARN o.a.j.p.h.s.HTTPSamplerBase: Existing CookieManager Gestor de Cookies HTTP (Sesión JSESSIONID) superseded by Gestor de Cookies HTTP (Sesión JSESSIONID)
2026-09-17 17:36:37,461 WARN o.a.j.p.h.s.HTTPSamplerBase: Existing CookieManager Gestor de Cookies HTTP (Sesión JSESSIONID) superseded by Gestor de Cookies HTTP (Sesión JSESSIONID)
2026-09-17 17:36:37,461 WARN o.a.j.p.h.s.HTTPSamplerBase: Existing CookieManager Gestor de Cookies HTTP (Sesión JSESSIONID) superseded by Gestor de Cookies HTTP (Sesión JSESSIONID)
2026-09-17 17:36:37,477 WARN o.a.j.p.h.s.HTTPSamplerBase: Existing CookieManager Gestor de Cookies HTTP (Sesión JSESSIONID) superseded by Gestor de Cookies HTTP (Sesión JSESSIONID)
2026-09-17 17:36:37,783 WARN o.a.j.p.h.s.HTTPSamplerBase: Existing CookieManager Gestor de Cookies HTTP (Sesión JSESSIONID) superseded by Gestor de Cookies HTTP (Sesión JSESSIONID)
2026-09-17 17:36:37,783 WARN o.a.j.p.h.s.HTTPSamplerBase: Existing CookieManager Gestor de Cookies HTTP (Sesión JSESSIONID) superseded by Gestor de Cookies HTTP (Sesión JSESSIONID)
2026-09-17 17:36:37,795 WARN o.a.j.p.h.s.HTTPSamplerBase: Existing CookieManager Gestor de Cookies HTTP (Sesión JSESSIONID) superseded by Gestor de Cookies HTTP (Sesión JSESSIONID)
2026-09-17 17:36:37,808 WARN o.a.j.p.h.s.HTTPSamplerBase: Existing CookieManager Gestor de Cookies HTTP (Sesión JSESSIONID) superseded by Gestor de Cookies HTTP (Sesión JSESSIONID)
2026-09-17 17:36:37,809 WARN o.a.j.p.h.s.HTTPSamplerBase: Existing CookieManager Gestor de Cookies HTTP (Sesión JSESSIONID) superseded by Gestor de Cookies HTTP (Sesión JSESSIONID)
2026-09-17 17:36:37,810 WARN o.a.j.p.h.s.HTTPSamplerBase: Existing CookieManager Gestor de Cookies HTTP (Sesión JSESSIONID) superseded by Gestor de Cookies HTTP (Sesión JSESSIONID)
2026-09-17 17:36:37,811 WARN o.a.j.p.h.s.HTTPSamplerBase: Existing CookieManager Gestor de Cookies HTTP (Sesión JSESSIONID) superseded by Gestor de Cookies HTTP (Sesión JSESSIONID)
2026-09-17 17:36:37,811 WARN o.a.j.p.h.s.HTTPSamplerBase: Existing CookieManager Gestor de Cookies HTTP (Sesión JSESSIONID) superseded by Gestor de Cookies HTTP (Sesión JSESSIONID)
2026-09-17 17:36:37,813 WARN o.a.j.p.h.s.HTTPSamplerBase: Existing CookieManager Gestor de Cookies HTTP (Sesión JSESSIONID) superseded by Gestor de Cookies HTTP (Sesión JSESSIONID)
2026-09-17 17:36:37,939 WARN o.a.j.p.h.s.HTTPSamplerBase: Existing CookieManager Gestor de Cookies HTTP (Sesión JSESSIONID) superseded by Gestor de Cookies HTTP (Sesión JSESSIONID)
2026-09-17 17:36:37,939 WARN o.a.j.p.h.s.HTTPSamplerBase: Existing CookieManager Gestor de Cookies HTTP (Sesión JSESSIONID) superseded by Gestor de Cookies HTTP (Sesión JSESSIONID)
2026-09-17 17:36:38,037 WARN o.a.j.p.h.s.HTTPSamplerBase: Existing CookieManager Gestor de Cookies HTTP (Sesión JSESSIONID) superseded by Gestor de Cookies HTTP (Sesión JSESSIONID)
2026-09-17 17:36:38,048 WARN o.a.j.p.h.s.HTTPSamplerBase: Existing CookieManager Gestor de Cookies HTTP (Sesión JSESSIONID) superseded by Gestor de Cookies HTTP (Sesión JSESSIONID)
2026-09-17 17:36:38,117 WARN o.a.j.p.h.s.HTTPSamplerBase: Existing CookieManager Gestor de Cookies HTTP (Sesión JSESSIONID) superseded by Gestor de Cookies HTTP (Sesión JSESSIONID)
2026-09-17 17:36:38,248 WARN o.a.j.p.h.s.HTTPSamplerBase: Existing CookieManager Gestor de Cookies HTTP (Sesión JSESSIONID) superseded by Gestor de Cookies HTTP (Sesión JSESSIONID)
2026-09-17 17:36:38,248 WARN o.a.j.p.h.s.HTTPSamplerBase: Existing CookieManager Gestor de Cookies HTTP (Sesión JSESSIONID) superseded by Gestor de Cookies HTTP (Sesión JSESSIONID)
2026-09-17 17:36:38,248 WARN o.a.j.p.h.s.HTTPSamplerBase: Existing CookieManager Gestor de Cookies HTTP (Sesión JSESSIONID) superseded by Gestor de Cookies HTTP (Sesión JSESSIONID)
2026-09-17 17:36:38,248 WARN o.a.j.p.h.s.HTTPSamplerBase: Existing CookieManager Gestor de Cookies HTTP (Sesión JSESSIONID) superseded by Gestor de Cookies HTTP (Sesión JSESSIONID)
2026-09-17 17:36:38,248 WARN o.a.j.p.h.s.HTTPSamplerBase: Existing CookieManager Gestor de Cookies HTTP (Sesión JSESSIONID) superseded by Gestor de Cookies HTTP (Sesión JSESSIONID)
2026-09-17 17:36:38,428 WARN o.a.j.p.h.s.HTTPSamplerBase: Existing CookieManager Gestor de Cookies HTTP (Sesión JSESSIONID) superseded by Gestor de Cookies HTTP (Sesión JSESSIONID)
2026-09-17 17:36:38,446 WARN o.a.j.p.h.s.HTTPSamplerBase: Existing CookieManager Gestor de Cookies HTTP (Sesión JSESSIONID) superseded by Gestor de Cookies HTTP (Sesión JSESSIONID)
2026-09-17 17:36:38,510 WARN o.a.j.p.h.s.HTTPSamplerBase: Existing CookieManager Gestor de Cookies HTTP (Sesión JSESSIONID) superseded by Gestor de Cookies HTTP (Sesión JSESSIONID)
2026-09-17 17:36:38,560 WARN o.a.j.p.h.s.HTTPSamplerBase: Existing CookieManager Gestor de Cookies HTTP (Sesión JSESSIONID) superseded by Gestor de Cookies HTTP (Sesión JSESSIONID)
2026-09-17 17:36:38,560 WARN o.a.j.p.h.s.HTTPSamplerBase: Existing CookieManager Gestor de Cookies HTTP (Sesión JSESSIONID) superseded by Gestor de Cookies HTTP (Sesión JSESSIONID)
2026-09-17 17:36:38,742 WARN o.a.j.p.h.s.HTTPSamplerBase: Existing CookieManager Gestor de Cookies HTTP (Sesión JSESSIONID) superseded by Gestor de Cookies HTTP (Sesión JSESSIONID)
2026-09-17 17:36:38,742 WARN o.a.j.p.h.s.HTTPSamplerBase: Existing CookieManager Gestor de Cookies HTTP (Sesión JSESSIONID) superseded by Gestor de Cookies HTTP (Sesión JSESSIONID)
2026-09-17 17:36:38,742 WARN o.a.j.p.h.s.HTTPSamplerBase: Existing CookieManager Gestor de Cookies HTTP (Sesión JSESSIONID) superseded by Gestor de Cookies HTTP (Sesión JSESSIONID)
2026-09-17 17:36:38,743 WARN o.a.j.p.h.s.HTTPSamplerBase: Existing CookieManager Gestor de Cookies HTTP (Sesión JSESSIONID) superseded by Gestor de Cookies HTTP (Sesión JSESSIONID)
2026-09-17 17:36:38,743 WARN o.a.j.p.h.s.HTTPSamplerBase: Existing CookieManager Gestor de Cookies HTTP (Sesión JSESSIONID) superseded by Gestor de Cookies HTTP (Sesión JSESSIONID)
2026-09-17 17:36:38,788 WARN o.a.j.p.h.s.HTTPSamplerBase: Existing CookieManager Gestor de Cookies HTTP (Sesión JSESSIONID) superseded by Gestor de Cookies HTTP (Sesión JSESSIONID)
2026-09-17 17:36:38,789 WARN o.a.j.p.h.s.HTTPSamplerBase: Existing CookieManager Gestor de Cookies HTTP (Sesión JSESSIONID) superseded by Gestor de Cookies HTTP (Sesión JSESSIONID)
2026-09-17 17:36:38,856 WARN o.a.j.p.h.s.HTTPSamplerBase: Existing CookieManager Gestor de Cookies HTTP (Sesión JSESSIONID) superseded by Gestor de Cookies HTTP (Sesión JSESSIONID)
2026-09-17 17:36:38,858 WARN o.a.j.p.h.s.HTTPSamplerBase: Existing CookieManager Gestor de Cookies HTTP (Sesión JSESSIONID) superseded by Gestor de Cookies HTTP (Sesión JSESSIONID)
2026-09-17 17:36:38,868 WARN o.a.j.p.h.s.HTTPSamplerBase: Existing CookieManager Gestor de Cookies HTTP (Sesión JSESSIONID) superseded by Gestor de Cookies HTTP (Sesión JSESSIONID)
2026-09-17 17:36:38,871 WARN o.a.j.p.h.s.HTTPSamplerBase: Existing CookieManager Gestor de Cookies HTTP (Sesión JSESSIONID) superseded by Gestor de Cookies HTTP (Sesión JSESSIONID)
2026-09-17 17:36:38,872 WARN o.a.j.p.h.s.HTTPSamplerBase: Existing CookieManager Gestor de Cookies HTTP (Sesión JSESSIONID) superseded by Gestor de Cookies HTTP (Sesión JSESSIONID)
2026-09-17 17:36:38,872 WARN o.a.j.p.h.s.HTTPSamplerBase: Existing CookieManager Gestor de Cookies HTTP (Sesión JSESSIONID) superseded by Gestor de Cookies HTTP (Sesión JSESSIONID)
2026-09-17 17:36:38,873 WARN o.a.j.p.h.s.HTTPSamplerBase: Existing CookieManager Gestor de Cookies HTTP (Sesión JSESSIONID) superseded by Gestor de Cookies HTTP (Sesión JSESSIONID)
2026-09-17 17:36:38,873 WARN o.a.j.p.h.s.HTTPSamplerBase: Existing CookieManager Gestor de Cookies HTTP (Sesión JSESSIONID) superseded by Gestor de Cookies HTTP (Sesión JSESSIONID)
2026-09-17 17:36:38,873 WARN o.a.j.p.h.s.HTTPSamplerBase: Existing CookieManager Gestor de Cookies HTTP (Sesión JSESSIONID) superseded by Gestor de Cookies HTTP (Sesión JSESSIONID)
2026-09-17 17:36:39,010 WARN o.a.j.p.h.s.HTTPSamplerBase: Existing CookieManager Gestor de Cookies HTTP (Sesión JSESSIONID) superseded by Gestor de Cookies HTTP (Sesión JSESSIONID)
2026-09-17 17:36:39,010 WARN o.a.j.p.h.s.HTTPSamplerBase: Existing CookieManager Gestor de Cookies HTTP (Sesión JSESSIONID) superseded by Gestor de Cookies HTTP (Sesión JSESSIONID)
2026-09-17 17:36:39,068 WARN o.a.j.p.h.s.HTTPSamplerBase: Existing CookieManager Gestor de Cookies HTTP (Sesión JSESSIONID) superseded by Gestor de Cookies HTTP (Sesión JSESSIONID)
2026-09-17 17:36:39,068 WARN o.a.j.p.h.s.HTTPSamplerBase: Existing CookieManager Gestor de Cookies HTTP (Sesión JSESSIONID) superseded by Gestor de Cookies HTTP (Sesión JSESSIONID)
2026-09-17 17:36:39,069 WARN o.a.j.p.h.s.HTTPSamplerBase: Existing CookieManager Gestor de Cookies HTTP (Sesión JSESSIONID) superseded by Gestor de Cookies HTTP (Sesión JSESSIONID)
2026-09-17 17:36:39,233 WARN o.a.j.p.h.s.HTTPSamplerBase: Existing CookieManager Gestor de Cookies HTTP (Sesión JSESSIONID) superseded by Gestor de Cookies HTTP (Sesión JSESSIONID)
2026-09-17 17:36:39,251 WARN o.a.j.p.h.s.HTTPSamplerBase: Existing CookieManager Gestor de Cookies HTTP (Sesión JSESSIONID) superseded by Gestor de Cookies HTTP (Sesión JSESSIONID)
2026-09-17 17:36:39,251 WARN o.a.j.p.h.s.HTTPSamplerBase: Existing CookieManager Gestor de Cookies HTTP (Sesión JSESSIONID) superseded by Gestor de Cookies HTTP (Sesión JSESSIONID)
2026-09-17 17:36:39,258 WARN o.a.j.p.h.s.HTTPSamplerBase: Existing CookieManager Gestor de Cookies HTTP (Sesión JSESSIONID) superseded by Gestor de Cookies HTTP (Sesión JSESSIONID)
2026-09-17 17:36:39,259 WARN o.a.j.p.h.s.HTTPSamplerBase: Existing CookieManager Gestor de Cookies HTTP (Sesión JSESSIONID) superseded by Gestor de Cookies HTTP (Sesión JSESSIONID)
2026-09-17 17:36:39,269 WARN o.a.j.p.h.s.HTTPSamplerBase: Existing CookieManager Gestor de Cookies HTTP (Sesión JSESSIONID) superseded by Gestor de Cookies HTTP (Sesión JSESSIONID)
2026-09-17 17:36:39,276 WARN o.a.j.p.h.s.HTTPSamplerBase: Existing CookieManager Gestor de Cookies HTTP (Sesión JSESSIONID) superseded by Gestor de Cookies HTTP (Sesión JSESSIONID)
2026-09-17 17:36:39,282 WARN o.a.j.p.h.s.HTTPSamplerBase: Existing CookieManager Gestor de Cookies HTTP (Sesión JSESSIONID) superseded by Gestor de Cookies HTTP (Sesión JSESSIONID)
2026-09-17 17:36:39,282 WARN o.a.j.p.h.s.HTTPSamplerBase: Existing CookieManager Gestor de Cookies HTTP (Sesión JSESSIONID) superseded by Gestor de Cookies HTTP (Sesión JSESSIONID)
2026-09-17 17:36:39,282 WARN o.a.j.p.h.s.HTTPSamplerBase: Existing CookieManager Gestor de Cookies HTTP (Sesión JSESSIONID) superseded by Gestor de Cookies HTTP (Sesión JSESSIONID)
2026-09-17 17:36:39,282 WARN o.a.j.p.h.s.HTTPSamplerBase: Existing CookieManager Gestor de Cookies HTTP (Sesión JSESSIONID) superseded by Gestor de Cookies HTTP (Sesión JSESSIONID)
2026-09-17 17:36:39,345 WARN o.a.j.p.h.s.HTTPSamplerBase: Existing CookieManager Gestor de Cookies HTTP (Sesión JSESSIONID) superseded by Gestor de Cookies HTTP (Sesión JSESSIONID)
2026-09-17 17:36:39,407 WARN o.a.j.p.h.s.HTTPSamplerBase: Existing CookieManager Gestor de Cookies HTTP (Sesión JSESSIONID) superseded by Gestor de Cookies HTTP (Sesión JSESSIONID)
2026-09-17 17:36:39,411 WARN o.a.j.p.h.s.HTTPSamplerBase: Existing CookieManager Gestor de Cookies HTTP (Sesión JSESSIONID) superseded by Gestor de Cookies HTTP (Sesión JSESSIONID)
2026-09-17 17:36:39,411 WARN o.a.j.p.h.s.HTTPSamplerBase: Existing CookieManager Gestor de Cookies HTTP (Sesión JSESSIONID) superseded by Gestor de Cookies HTTP (Sesión JSESSIONID)
2026-09-17 17:36:39,411 WARN o.a.j.p.h.s.HTTPSamplerBase: Existing CookieManager Gestor de Cookies HTTP (Sesión JSESSIONID) superseded by Gestor de Cookies HTTP (Sesión JSESSIONID)
2026-09-17 17:36:39,495 WARN o.a.j.p.h.s.HTTPSamplerBase: Existing CookieManager Gestor de Cookies HTTP (Sesión JSESSIONID) superseded by Gestor de Cookies HTTP (Sesión JSESSIONID)
2026-09-17 17:36:39,496 WARN o.a.j.p.h.s.HTTPSamplerBase: Existing CookieManager Gestor de Cookies HTTP (Sesión JSESSIONID) superseded by Gestor de Cookies HTTP (Sesión JSESSIONID)
2026-09-17 17:36:39,497 WARN o.a.j.p.h.s.HTTPSamplerBase: Existing CookieManager Gestor de Cookies HTTP (Sesión JSESSIONID) superseded by Gestor de Cookies HTTP (Sesión JSESSIONID)
2026-09-17 17:36:39,580 WARN o.a.j.p.h.s.HTTPSamplerBase: Existing CookieManager Gestor de Cookies HTTP (Sesión JSESSIONID) superseded by Gestor de Cookies HTTP (Sesión JSESSIONID)
2026-09-17 17:36:39,782 WARN o.a.j.p.h.s.HTTPSamplerBase: Existing CookieManager Gestor de Cookies HTTP (Sesión JSESSIONID) superseded by Gestor de Cookies HTTP (Sesión JSESSIONID)
2026-09-17 17:36:39,782 WARN o.a.j.p.h.s.HTTPSamplerBase: Existing CookieManager Gestor de Cookies HTTP (Sesión JSESSIONID) superseded by Gestor de Cookies HTTP (Sesión JSESSIONID)
2026-09-17 17:36:39,782 WARN o.a.j.p.h.s.HTTPSamplerBase: Existing CookieManager Gestor de Cookies HTTP (Sesión JSESSIONID) superseded by Gestor de Cookies HTTP (Sesión JSESSIONID)
2026-09-17 17:36:39,782 WARN o.a.j.p.h.s.HTTPSamplerBase: Existing CookieManager Gestor de Cookies HTTP (Sesión JSESSIONID) superseded by Gestor de Cookies HTTP (Sesión JSESSIONID)
2026-09-17 17:36:39,896 WARN o.a.j.p.h.s.HTTPSamplerBase: Existing CookieManager Gestor de Cookies HTTP (Sesión JSESSIONID) superseded by Gestor de Cookies HTTP (Sesión JSESSIONID)
2026-09-17 17:36:39,897 WARN o.a.j.p.h.s.HTTPSamplerBase: Existing CookieManager Gestor de Cookies HTTP (Sesión JSESSIONID) superseded by Gestor de Cookies HTTP (Sesión JSESSIONID)
2026-09-17 17:36:39,903 WARN o.a.j.p.h.s.HTTPSamplerBase: Existing CookieManager Gestor de Cookies HTTP (Sesión JSESSIONID) superseded by Gestor de Cookies HTTP (Sesión JSESSIONID)
2026-09-17 17:36:39,903 WARN o.a.j.p.h.s.HTTPSamplerBase: Existing CookieManager Gestor de Cookies HTTP (Sesión JSESSIONID) superseded by Gestor de Cookies HTTP (Sesión JSESSIONID)
2026-09-17 17:36:39,905 WARN o.a.j.p.h.s.HTTPSamplerBase: Existing CookieManager Gestor de Cookies HTTP (Sesión JSESSIONID) superseded by Gestor de Cookies HTTP (Sesión JSESSIONID)
2026-09-17 17:36:39,927 WARN o.a.j.p.h.s.HTTPSamplerBase: Existing CookieManager Gestor de Cookies HTTP (Sesión JSESSIONID) superseded by Gestor de Cookies HTTP (Sesión JSESSIONID)
2026-09-17 17:36:39,993 WARN o.a.j.p.h.s.HTTPSamplerBase: Existing CookieManager Gestor de Cookies HTTP (Sesión JSESSIONID) superseded by Gestor de Cookies HTTP (Sesión JSESSIONID)
2026-09-17 17:36:39,994 WARN o.a.j.p.h.s.HTTPSamplerBase: Existing CookieManager Gestor de Cookies HTTP (Sesión JSESSIONID) superseded by Gestor de Cookies HTTP (Sesión JSESSIONID)
2026-09-17 17:36:40,033 WARN o.a.j.p.h.s.HTTPSamplerBase: Existing CookieManager Gestor de Cookies HTTP (Sesión JSESSIONID) superseded by Gestor de Cookies HTTP (Sesión JSESSIONID)
2026-09-17 17:36:40,033 WARN o.a.j.p.h.s.HTTPSamplerBase: Existing CookieManager Gestor de Cookies HTTP (Sesión JSESSIONID) superseded by Gestor de Cookies HTTP (Sesión JSESSIONID)
2026-09-17 17:36:40,033 WARN o.a.j.p.h.s.HTTPSamplerBase: Existing CookieManager Gestor de Cookies HTTP (Sesión JSESSIONID) superseded by Gestor de Cookies HTTP (Sesión JSESSIONID)
2026-09-17 17:36:40,035 WARN o.a.j.p.h.s.HTTPSamplerBase: Existing CookieManager Gestor de Cookies HTTP (Sesión JSESSIONID) superseded by Gestor de Cookies HTTP (Sesión JSESSIONID)
2026-09-17 17:36:40,036 WARN o.a.j.p.h.s.HTTPSamplerBase: Existing CookieManager Gestor de Cookies HTTP (Sesión JSESSIONID) superseded by Gestor de Cookies HTTP (Sesión JSESSIONID)
2026-09-17 17:36:40,234 WARN o.a.j.p.h.s.HTTPSamplerBase: Existing CookieManager Gestor de Cookies HTTP (Sesión JSESSIONID) superseded by Gestor de Cookies HTTP (Sesión JSESSIONID)
2026-09-17 17:36:40,236 WARN o.a.j.p.h.s.HTTPSamplerBase: Existing CookieManager Gestor de Cookies HTTP (Sesión JSESSIONID) superseded by Gestor de Cookies HTTP (Sesión JSESSIONID)
2026-09-17 17:36:40,236 WARN o.a.j.p.h.s.HTTPSamplerBase: Existing CookieManager Gestor de Cookies HTTP (Sesión JSESSIONID) superseded by Gestor de Cookies HTTP (Sesión JSESSIONID)
2026-09-17 17:36:40,238 WARN o.a.j.p.h.s.HTTPSamplerBase: Existing CookieManager Gestor de Cookies HTTP (Sesión JSESSIONID) superseded by Gestor de Cookies HTTP (Sesión JSESSIONID)
2026-09-17 17:36:40,239 WARN o.a.j.p.h.s.HTTPSamplerBase: Existing CookieManager Gestor de Cookies HTTP (Sesión JSESSIONID) superseded by Gestor de Cookies HTTP (Sesión JSESSIONID)
2026-09-17 17:36:40,274 WARN o.a.j.p.h.s.HTTPSamplerBase: Existing CookieManager Gestor de Cookies HTTP (Sesión JSESSIONID) superseded by Gestor de Cookies HTTP (Sesión JSESSIONID)
2026-09-17 17:36:40,275 WARN o.a.j.p.h.s.HTTPSamplerBase: Existing CookieManager Gestor de Cookies HTTP (Sesión JSESSIONID) superseded by Gestor de Cookies HTTP (Sesión JSESSIONID)
2026-09-17 17:36:40,275 WARN o.a.j.p.h.s.HTTPSamplerBase: Existing CookieManager Gestor de Cookies HTTP (Sesión JSESSIONID) superseded by Gestor de Cookies HTTP (Sesión JSESSIONID)
2026-09-17 17:36:40,353 WARN o.a.j.p.h.s.HTTPSamplerBase: Existing CookieManager Gestor de Cookies HTTP (Sesión JSESSIONID) superseded by Gestor de Cookies HTTP (Sesión JSESSIONID)
2026-09-17 17:36:40,398 WARN o.a.j.p.h.s.HTTPSamplerBase: Existing CookieManager Gestor de Cookies HTTP (Sesión JSESSIONID) superseded by Gestor de Cookies HTTP (Sesión JSESSIONID)
2026-09-17 17:36:40,473 WARN o.a.j.p.h.s.HTTPSamplerBase: Existing CookieManager Gestor de Cookies HTTP (Sesión JSESSIONID) superseded by Gestor de Cookies HTTP (Sesión JSESSIONID)
2026-09-17 17:36:40,473 WARN o.a.j.p.h.s.HTTPSamplerBase: Existing CookieManager Gestor de Cookies HTTP (Sesión JSESSIONID) superseded by Gestor de Cookies HTTP (Sesión JSESSIONID)
2026-09-17 17:36:40,477 WARN o.a.j.p.h.s.HTTPSamplerBase: Existing CookieManager Gestor de Cookies HTTP (Sesión JSESSIONID) superseded by Gestor de Cookies HTTP (Sesión JSESSIONID)
2026-09-17 17:36:40,477 WARN o.a.j.p.h.s.HTTPSamplerBase: Existing CookieManager Gestor de Cookies HTTP (Sesión JSESSIONID) superseded by Gestor de Cookies HTTP (Sesión JSESSIONID)
2026-09-17 17:36:40,478 WARN o.a.j.p.h.s.HTTPSamplerBase: Existing CookieManager Gestor de Cookies HTTP (Sesión JSESSIONID) superseded by Gestor de Cookies HTTP (Sesión JSESSIONID)
2026-09-17 17:36:40,574 WARN o.a.j.p.h.s.HTTPSamplerBase: Existing CookieManager Gestor de Cookies HTTP (Sesión JSESSIONID) superseded by Gestor de Cookies HTTP (Sesión JSESSIONID)
2026-09-17 17:36:40,581 WARN o.a.j.p.h.s.HTTPSamplerBase: Existing CookieManager Gestor de Cookies HTTP (Sesión JSESSIONID) superseded by Gestor de Cookies HTTP (Sesión JSESSIONID)
2026-09-17 17:36:40,582 WARN o.a.j.p.h.s.HTTPSamplerBase: Existing CookieManager Gestor de Cookies HTTP (Sesión JSESSIONID) superseded by Gestor de Cookies HTTP (Sesión JSESSIONID)
2026-09-17 17:36:40,736 WARN o.a.j.p.h.s.HTTPSamplerBase: Existing CookieManager Gestor de Cookies HTTP (Sesión JSESSIONID) superseded by Gestor de Cookies HTTP (Sesión JSESSIONID)
2026-09-17 17:36:40,780 WARN o.a.j.p.h.s.HTTPSamplerBase: Existing CookieManager Gestor de Cookies HTTP (Sesión JSESSIONID) superseded by Gestor de Cookies HTTP (Sesión JSESSIONID)
2026-09-17 17:36:40,901 WARN o.a.j.p.h.s.HTTPSamplerBase: Existing CookieManager Gestor de Cookies HTTP (Sesión JSESSIONID) superseded by Gestor de Cookies HTTP (Sesión JSESSIONID)
2026-09-17 17:36:40,962 WARN o.a.j.p.h.s.HTTPSamplerBase: Existing CookieManager Gestor de Cookies HTTP (Sesión JSESSIONID) superseded by Gestor de Cookies HTTP (Sesión JSESSIONID)
2026-09-17 17:36:41,034 WARN o.a.j.p.h.s.HTTPSamplerBase: Existing CookieManager Gestor de Cookies HTTP (Sesión JSESSIONID) superseded by Gestor de Cookies HTTP (Sesión JSESSIONID)
2026-09-17 17:36:41,034 WARN o.a.j.p.h.s.HTTPSamplerBase: Existing CookieManager Gestor de Cookies HTTP (Sesión JSESSIONID) superseded by Gestor de Cookies HTTP (Sesión JSESSIONID)
2026-09-17 17:36:41,046 WARN o.a.j.p.h.s.HTTPSamplerBase: Existing CookieManager Gestor de Cookies HTTP (Sesión JSESSIONID) superseded by Gestor de Cookies HTTP (Sesión JSESSIONID)
2026-09-17 17:36:41,115 WARN o.a.j.p.h.s.HTTPSamplerBase: Existing CookieManager Gestor de Cookies HTTP (Sesión JSESSIONID) superseded by Gestor de Cookies HTTP (Sesión JSESSIONID)
2026-09-17 17:36:41,116 WARN o.a.j.p.h.s.HTTPSamplerBase: Existing CookieManager Gestor de Cookies HTTP (Sesión JSESSIONID) superseded by Gestor de Cookies HTTP (Sesión JSESSIONID)
2026-09-17 17:36:41,117 WARN o.a.j.p.h.s.HTTPSamplerBase: Existing CookieManager Gestor de Cookies HTTP (Sesión JSESSIONID) superseded by Gestor de Cookies HTTP (Sesión JSESSIONID)
2026-09-17 17:36:41,118 WARN o.a.j.p.h.s.HTTPSamplerBase: Existing CookieManager Gestor de Cookies HTTP (Sesión JSESSIONID) superseded by Gestor de Cookies HTTP (Sesión JSESSIONID)
2026-09-17 17:36:41,118 WARN o.a.j.p.h.s.HTTPSamplerBase: Existing CookieManager Gestor de Cookies HTTP (Sesión JSESSIONID) superseded by Gestor de Cookies HTTP (Sesión JSESSIONID)
2026-09-17 17:36:41,227 WARN o.a.j.p.h.s.HTTPSamplerBase: Existing CookieManager Gestor de Cookies HTTP (Sesión JSESSIONID) superseded by Gestor de Cookies HTTP (Sesión JSESSIONID)
2026-09-17 17:36:41,227 WARN o.a.j.p.h.s.HTTPSamplerBase: Existing CookieManager Gestor de Cookies HTTP (Sesión JSESSIONID) superseded by Gestor de Cookies HTTP (Sesión JSESSIONID)
2026-09-17 17:36:41,265 WARN o.a.j.p.h.s.HTTPSamplerBase: Existing CookieManager Gestor de Cookies HTTP (Sesión JSESSIONID) superseded by Gestor de Cookies HTTP (Sesión JSESSIONID)
2026-09-17 17:36:41,292 WARN o.a.j.p.h.s.HTTPSamplerBase: Existing CookieManager Gestor de Cookies HTTP (Sesión JSESSIONID) superseded by Gestor de Cookies HTTP (Sesión JSESSIONID)
2026-09-17 17:36:41,294 WARN o.a.j.p.h.s.HTTPSamplerBase: Existing CookieManager Gestor de Cookies HTTP (Sesión JSESSIONID) superseded by Gestor de Cookies HTTP (Sesión JSESSIONID)
2026-09-17 17:36:41,374 WARN o.a.j.p.h.s.HTTPSamplerBase: Existing CookieManager Gestor de Cookies HTTP (Sesión JSESSIONID) superseded by Gestor de Cookies HTTP (Sesión JSESSIONID)
2026-09-17 17:36:41,374 WARN o.a.j.p.h.s.HTTPSamplerBase: Existing CookieManager Gestor de Cookies HTTP (Sesión JSESSIONID) superseded by Gestor de Cookies HTTP (Sesión JSESSIONID)
2026-09-17 17:36:41,390 WARN o.a.j.p.h.s.HTTPSamplerBase: Existing CookieManager Gestor de Cookies HTTP (Sesión JSESSIONID) superseded by Gestor de Cookies HTTP (Sesión JSESSIONID)
2026-09-17 17:36:41,394 WARN o.a.j.p.h.s.HTTPSamplerBase: Existing CookieManager Gestor de Cookies HTTP (Sesión JSESSIONID) superseded by Gestor de Cookies HTTP (Sesión JSESSIONID)
2026-09-17 17:36:41,395 WARN o.a.j.p.h.s.HTTPSamplerBase: Existing CookieManager Gestor de Cookies HTTP (Sesión JSESSIONID) superseded by Gestor de Cookies HTTP (Sesión JSESSIONID)
2026-09-17 17:36:41,422 WARN o.a.j.p.h.s.HTTPSamplerBase: Existing CookieManager Gestor de Cookies HTTP (Sesión JSESSIONID) superseded by Gestor de Cookies HTTP (Sesión JSESSIONID)
2026-09-17 17:36:41,429 WARN o.a.j.p.h.s.HTTPSamplerBase: Existing CookieManager Gestor de Cookies HTTP (Sesión JSESSIONID) superseded by Gestor de Cookies HTTP (Sesión JSESSIONID)
2026-09-17 17:36:41,435 WARN o.a.j.p.h.s.HTTPSamplerBase: Existing CookieManager Gestor de Cookies HTTP (Sesión JSESSIONID) superseded by Gestor de Cookies HTTP (Sesión JSESSIONID)
2026-09-17 17:36:41,436 WARN o.a.j.p.h.s.HTTPSamplerBase: Existing CookieManager Gestor de Cookies HTTP (Sesión JSESSIONID) superseded by Gestor de Cookies HTTP (Sesión JSESSIONID)
2026-09-17 17:36:41,449 WARN o.a.j.p.h.s.HTTPSamplerBase: Existing CookieManager Gestor de Cookies HTTP (Sesión JSESSIONID) superseded by Gestor de Cookies HTTP (Sesión JSESSIONID)
2026-09-17 17:36:41,570 WARN o.a.j.p.h.s.HTTPSamplerBase: Existing CookieManager Gestor de Cookies HTTP (Sesión JSESSIONID) superseded by Gestor de Cookies HTTP (Sesión JSESSIONID)
2026-09-17 17:36:41,589 WARN o.a.j.p.h.s.HTTPSamplerBase: Existing CookieManager Gestor de Cookies HTTP (Sesión JSESSIONID) superseded by Gestor de Cookies HTTP (Sesión JSESSIONID)
2026-09-17 17:36:41,609 WARN o.a.j.p.h.s.HTTPSamplerBase: Existing CookieManager Gestor de Cookies HTTP (Sesión JSESSIONID) superseded by Gestor de Cookies HTTP (Sesión JSESSIONID)
2026-09-17 17:36:41,728 WARN o.a.j.p.h.s.HTTPSamplerBase: Existing CookieManager Gestor de Cookies HTTP (Sesión JSESSIONID) superseded by Gestor de Cookies HTTP (Sesión JSESSIONID)
2026-09-17 17:36:42,079 WARN o.a.j.p.h.s.HTTPSamplerBase: Existing CookieManager Gestor de Cookies HTTP (Sesión JSESSIONID) superseded by Gestor de Cookies HTTP (Sesión JSESSIONID)
2026-09-17 17:36:42,231 WARN o.a.j.p.h.s.HTTPSamplerBase: Existing CookieManager Gestor de Cookies HTTP (Sesión JSESSIONID) superseded by Gestor de Cookies HTTP (Sesión JSESSIONID)
2026-09-17 17:36:42,231 WARN o.a.j.p.h.s.HTTPSamplerBase: Existing CookieManager Gestor de Cookies HTTP (Sesión JSESSIONID) superseded by Gestor de Cookies HTTP (Sesión JSESSIONID)
2026-09-17 17:36:42,231 WARN o.a.j.p.h.s.HTTPSamplerBase: Existing CookieManager Gestor de Cookies HTTP (Sesión JSESSIONID) superseded by Gestor de Cookies HTTP (Sesión JSESSIONID)
2026-09-17 17:36:42,231 WARN o.a.j.p.h.s.HTTPSamplerBase: Existing CookieManager Gestor de Cookies HTTP (Sesión JSESSIONID) superseded by Gestor de Cookies HTTP (Sesión JSESSIONID)
2026-09-17 17:36:42,379 WARN o.a.j.p.h.s.HTTPSamplerBase: Existing CookieManager Gestor de Cookies HTTP (Sesión JSESSIONID) superseded by Gestor de Cookies HTTP (Sesión JSESSIONID)
2026-09-17 17:36:42,395 WARN o.a.j.p.h.s.HTTPSamplerBase: Existing CookieManager Gestor de Cookies HTTP (Sesión JSESSIONID) superseded by Gestor de Cookies HTTP (Sesión JSESSIONID)
2026-09-17 17:36:42,395 WARN o.a.j.p.h.s.HTTPSamplerBase: Existing CookieManager Gestor de Cookies HTTP (Sesión JSESSIONID) superseded by Gestor de Cookies HTTP (Sesión JSESSIONID)
2026-09-17 17:36:42,396 WARN o.a.j.p.h.s.HTTPSamplerBase: Existing CookieManager Gestor de Cookies HTTP (Sesión JSESSIONID) superseded by Gestor de Cookies HTTP (Sesión JSESSIONID)
2026-09-17 17:36:42,458 WARN o.a.j.p.h.s.HTTPSamplerBase: Existing CookieManager Gestor de Cookies HTTP (Sesión JSESSIONID) superseded by Gestor de Cookies HTTP (Sesión JSESSIONID)
2026-09-17 17:36:42,507 WARN o.a.j.p.h.s.HTTPSamplerBase: Existing CookieManager Gestor de Cookies HTTP (Sesión JSESSIONID) superseded by Gestor de Cookies HTTP (Sesión JSESSIONID)
2026-09-17 17:36:42,524 WARN o.a.j.p.h.s.HTTPSamplerBase: Existing CookieManager Gestor de Cookies HTTP (Sesión JSESSIONID) superseded by Gestor de Cookies HTTP (Sesión JSESSIONID)
2026-09-17 17:36:42,525 WARN o.a.j.p.h.s.HTTPSamplerBase: Existing CookieManager Gestor de Cookies HTTP (Sesión JSESSIONID) superseded by Gestor de Cookies HTTP (Sesión JSESSIONID)
2026-09-17 17:36:42,618 WARN o.a.j.p.h.s.HTTPSamplerBase: Existing CookieManager Gestor de Cookies HTTP (Sesión JSESSIONID) superseded by Gestor de Cookies HTTP (Sesión JSESSIONID)
2026-09-17 17:36:42,633 WARN o.a.j.p.h.s.HTTPSamplerBase: Existing CookieManager Gestor de Cookies HTTP (Sesión JSESSIONID) superseded by Gestor de Cookies HTTP (Sesión JSESSIONID)
2026-09-17 17:36:42,634 WARN o.a.j.p.h.s.HTTPSamplerBase: Existing CookieManager Gestor de Cookies HTTP (Sesión JSESSIONID) superseded by Gestor de Cookies HTTP (Sesión JSESSIONID)
2026-09-17 17:36:42,634 WARN o.a.j.p.h.s.HTTPSamplerBase: Existing CookieManager Gestor de Cookies HTTP (Sesión JSESSIONID) superseded by Gestor de Cookies HTTP (Sesión JSESSIONID)
2026-09-17 17:36:42,634 WARN o.a.j.p.h.s.HTTPSamplerBase: Existing CookieManager Gestor de Cookies HTTP (Sesión JSESSIONID) superseded by Gestor de Cookies HTTP (Sesión JSESSIONID)
2026-09-17 17:36:42,634 WARN o.a.j.p.h.s.HTTPSamplerBase: Existing CookieManager Gestor de Cookies HTTP (Sesión JSESSIONID) superseded by Gestor de Cookies HTTP (Sesión JSESSIONID)
2026-09-17 17:36:42,745 WARN o.a.j.p.h.s.HTTPSamplerBase: Existing CookieManager Gestor de Cookies HTTP (Sesión JSESSIONID) superseded by Gestor de Cookies HTTP (Sesión JSESSIONID)
2026-09-17 17:36:42,745 WARN o.a.j.p.h.s.HTTPSamplerBase: Existing CookieManager Gestor de Cookies HTTP (Sesión JSESSIONID) superseded by Gestor de Cookies HTTP (Sesión JSESSIONID)
2026-09-17 17:36:42,745 WARN o.a.j.p.h.s.HTTPSamplerBase: Existing CookieManager Gestor de Cookies HTTP (Sesión JSESSIONID) superseded by Gestor de Cookies HTTP (Sesión JSESSIONID)
2026-09-17 17:36:42,745 WARN o.a.j.p.h.s.HTTPSamplerBase: Existing CookieManager Gestor de Cookies HTTP (Sesión JSESSIONID) superseded by Gestor de Cookies HTTP (Sesión JSESSIONID)
2026-09-17 17:36:42,813 WARN o.a.j.p.h.s.HTTPSamplerBase: Existing CookieManager Gestor de Cookies HTTP (Sesión JSESSIONID) superseded by Gestor de Cookies HTTP (Sesión JSESSIONID)
2026-09-17 17:36:42,814 WARN o.a.j.p.h.s.HTTPSamplerBase: Existing CookieManager Gestor de Cookies HTTP (Sesión JSESSIONID) superseded by Gestor de Cookies HTTP (Sesión JSESSIONID)
2026-09-17 17:36:42,814 WARN o.a.j.p.h.s.HTTPSamplerBase: Existing CookieManager Gestor de Cookies HTTP (Sesión JSESSIONID) superseded by Gestor de Cookies HTTP (Sesión JSESSIONID)
2026-09-17 17:36:42,969 WARN o.a.j.p.h.s.HTTPSamplerBase: Existing CookieManager Gestor de Cookies HTTP (Sesión JSESSIONID) superseded by Gestor de Cookies HTTP (Sesión JSESSIONID)
2026-09-17 17:36:43,090 WARN o.a.j.p.h.s.HTTPSamplerBase: Existing CookieManager Gestor de Cookies HTTP (Sesión JSESSIONID) superseded by Gestor de Cookies HTTP (Sesión JSESSIONID)
2026-09-17 17:36:43,236 WARN o.a.j.p.h.s.HTTPSamplerBase: Existing CookieManager Gestor de Cookies HTTP (Sesión JSESSIONID) superseded by Gestor de Cookies HTTP (Sesión JSESSIONID)
2026-09-17 17:36:43,257 WARN o.a.j.p.h.s.HTTPSamplerBase: Existing CookieManager Gestor de Cookies HTTP (Sesión JSESSIONID) superseded by Gestor de Cookies HTTP (Sesión JSESSIONID)
2026-09-17 17:36:43,258 WARN o.a.j.p.h.s.HTTPSamplerBase: Existing CookieManager Gestor de Cookies HTTP (Sesión JSESSIONID) superseded by Gestor de Cookies HTTP (Sesión JSESSIONID)
2026-09-17 17:36:43,356 WARN o.a.j.p.h.s.HTTPSamplerBase: Existing CookieManager Gestor de Cookies HTTP (Sesión JSESSIONID) superseded by Gestor de Cookies HTTP (Sesión JSESSIONID)
2026-09-17 17:36:43,408 WARN o.a.j.p.h.s.HTTPSamplerBase: Existing CookieManager Gestor de Cookies HTTP (Sesión JSESSIONID) superseded by Gestor de Cookies HTTP (Sesión JSESSIONID)
2026-09-17 17:36:43,467 WARN o.a.j.p.h.s.HTTPSamplerBase: Existing CookieManager Gestor de Cookies HTTP (Sesión JSESSIONID) superseded by Gestor de Cookies HTTP (Sesión JSESSIONID)
2026-09-17 17:36:43,468 WARN o.a.j.p.h.s.HTTPSamplerBase: Existing CookieManager Gestor de Cookies HTTP (Sesión JSESSIONID) superseded by Gestor de Cookies HTTP (Sesión JSESSIONID)
2026-09-17 17:36:43,570 WARN o.a.j.p.h.s.HTTPSamplerBase: Existing CookieManager Gestor de Cookies HTTP (Sesión JSESSIONID) superseded by Gestor de Cookies HTTP (Sesión JSESSIONID)
2026-09-17 17:36:43,595 WARN o.a.j.p.h.s.HTTPSamplerBase: Existing CookieManager Gestor de Cookies HTTP (Sesión JSESSIONID) superseded by Gestor de Cookies HTTP (Sesión JSESSIONID)
2026-09-17 17:36:43,597 WARN o.a.j.p.h.s.HTTPSamplerBase: Existing CookieManager Gestor de Cookies HTTP (Sesión JSESSIONID) superseded by Gestor de Cookies HTTP (Sesión JSESSIONID)
2026-09-17 17:36:43,597 WARN o.a.j.p.h.s.HTTPSamplerBase: Existing CookieManager Gestor de Cookies HTTP (Sesión JSESSIONID) superseded by Gestor de Cookies HTTP (Sesión JSESSIONID)
2026-09-17 17:36:43,721 WARN o.a.j.p.h.s.HTTPSamplerBase: Existing CookieManager Gestor de Cookies HTTP (Sesión JSESSIONID) superseded by Gestor de Cookies HTTP (Sesión JSESSIONID)
2026-09-17 17:36:43,721 WARN o.a.j.p.h.s.HTTPSamplerBase: Existing CookieManager Gestor de Cookies HTTP (Sesión JSESSIONID) superseded by Gestor de Cookies HTTP (Sesión JSESSIONID)
2026-09-17 17:36:43,738 WARN o.a.j.p.h.s.HTTPSamplerBase: Existing CookieManager Gestor de Cookies HTTP (Sesión JSESSIONID) superseded by Gestor de Cookies HTTP (Sesión JSESSIONID)
2026-09-17 17:36:43,739 WARN o.a.j.p.h.s.HTTPSamplerBase: Existing CookieManager Gestor de Cookies HTTP (Sesión JSESSIONID) superseded by Gestor de Cookies HTTP (Sesión JSESSIONID)
2026-09-17 17:36:43,740 WARN o.a.j.p.h.s.HTTPSamplerBase: Existing CookieManager Gestor de Cookies HTTP (Sesión JSESSIONID) superseded by Gestor de Cookies HTTP (Sesión JSESSIONID)
2026-09-17 17:36:43,743 WARN o.a.j.p.h.s.HTTPSamplerBase: Existing CookieManager Gestor de Cookies HTTP (Sesión JSESSIONID) superseded by Gestor de Cookies HTTP (Sesión JSESSIONID)
2026-09-17 17:36:43,745 WARN o.a.j.p.h.s.HTTPSamplerBase: Existing CookieManager Gestor de Cookies HTTP (Sesión JSESSIONID) superseded by Gestor de Cookies HTTP (Sesión JSESSIONID)
2026-09-17 17:36:43,978 WARN o.a.j.p.h.s.HTTPSamplerBase: Existing CookieManager Gestor de Cookies HTTP (Sesión JSESSIONID) superseded by Gestor de Cookies HTTP (Sesión JSESSIONID)
2026-09-17 17:36:43,979 WARN o.a.j.p.h.s.HTTPSamplerBase: Existing CookieManager Gestor de Cookies HTTP (Sesión JSESSIONID) superseded by Gestor de Cookies HTTP (Sesión JSESSIONID)
2026-09-17 17:36:43,980 WARN o.a.j.p.h.s.HTTPSamplerBase: Existing CookieManager Gestor de Cookies HTTP (Sesión JSESSIONID) superseded by Gestor de Cookies HTTP (Sesión JSESSIONID)
2026-09-17 17:36:44,058 WARN o.a.j.p.h.s.HTTPSamplerBase: Existing CookieManager Gestor de Cookies HTTP (Sesión JSESSIONID) superseded by Gestor de Cookies HTTP (Sesión JSESSIONID)
2026-09-17 17:36:44,068 WARN o.a.j.p.h.s.HTTPSamplerBase: Existing CookieManager Gestor de Cookies HTTP (Sesión JSESSIONID) superseded by Gestor de Cookies HTTP (Sesión JSESSIONID)
2026-09-17 17:36:44,084 WARN o.a.j.p.h.s.HTTPSamplerBase: Existing CookieManager Gestor de Cookies HTTP (Sesión JSESSIONID) superseded by Gestor de Cookies HTTP (Sesión JSESSIONID)
2026-09-17 17:36:44,086 WARN o.a.j.p.h.s.HTTPSamplerBase: Existing CookieManager Gestor de Cookies HTTP (Sesión JSESSIONID) superseded by Gestor de Cookies HTTP (Sesión JSESSIONID)
2026-09-17 17:36:44,222 WARN o.a.j.p.h.s.HTTPSamplerBase: Existing CookieManager Gestor de Cookies HTTP (Sesión JSESSIONID) superseded by Gestor de Cookies HTTP (Sesión JSESSIONID)
2026-09-17 17:36:44,292 WARN o.a.j.p.h.s.HTTPSamplerBase: Existing CookieManager Gestor de Cookies HTTP (Sesión JSESSIONID) superseded by Gestor de Cookies HTTP (Sesión JSESSIONID)
2026-09-17 17:36:44,305 WARN o.a.j.p.h.s.HTTPSamplerBase: Existing CookieManager Gestor de Cookies HTTP (Sesión JSESSIONID) superseded by Gestor de Cookies HTTP (Sesión JSESSIONID)
2026-09-17 17:36:44,820 WARN o.a.j.p.h.s.HTTPSamplerBase: Existing CookieManager Gestor de Cookies HTTP (Sesión JSESSIONID) superseded by Gestor de Cookies HTTP (Sesión JSESSIONID)
2026-09-17 17:36:44,889 WARN o.a.j.p.h.s.HTTPSamplerBase: Existing CookieManager Gestor de Cookies HTTP (Sesión JSESSIONID) superseded by Gestor de Cookies HTTP (Sesión JSESSIONID)
2026-09-17 17:36:44,967 WARN o.a.j.p.h.s.HTTPSamplerBase: Existing CookieManager Gestor de Cookies HTTP (Sesión JSESSIONID) superseded by Gestor de Cookies HTTP (Sesión JSESSIONID)
2026-09-17 17:36:44,972 WARN o.a.j.p.h.s.HTTPSamplerBase: Existing CookieManager Gestor de Cookies HTTP (Sesión JSESSIONID) superseded by Gestor de Cookies HTTP (Sesión JSESSIONID)
2026-09-17 17:36:44,993 WARN o.a.j.p.h.s.HTTPSamplerBase: Existing CookieManager Gestor de Cookies HTTP (Sesión JSESSIONID) superseded by Gestor de Cookies HTTP (Sesión JSESSIONID)
2026-09-17 17:36:45,262 WARN o.a.j.p.h.s.HTTPSamplerBase: Existing CookieManager Gestor de Cookies HTTP (Sesión JSESSIONID) superseded by Gestor de Cookies HTTP (Sesión JSESSIONID)
2026-09-17 17:36:45,262 WARN o.a.j.p.h.s.HTTPSamplerBase: Existing CookieManager Gestor de Cookies HTTP (Sesión JSESSIONID) superseded by Gestor de Cookies HTTP (Sesión JSESSIONID)
2026-09-17 17:36:45,262 WARN o.a.j.p.h.s.HTTPSamplerBase: Existing CookieManager Gestor de Cookies HTTP (Sesión JSESSIONID) superseded by Gestor de Cookies HTTP (Sesión JSESSIONID)
2026-09-17 17:36:45,262 WARN o.a.j.p.h.s.HTTPSamplerBase: Existing CookieManager Gestor de Cookies HTTP (Sesión JSESSIONID) superseded by Gestor de Cookies HTTP (Sesión JSESSIONID)
2026-09-17 17:36:45,262 WARN o.a.j.p.h.s.HTTPSamplerBase: Existing CookieManager Gestor de Cookies HTTP (Sesión JSESSIONID) superseded by Gestor de Cookies HTTP (Sesión JSESSIONID)
2026-09-17 17:36:45,263 WARN o.a.j.p.h.s.HTTPSamplerBase: Existing CookieManager Gestor de Cookies HTTP (Sesión JSESSIONID) superseded by Gestor de Cookies HTTP (Sesión JSESSIONID)
2026-09-17 17:36:45,263 WARN o.a.j.p.h.s.HTTPSamplerBase: Existing CookieManager Gestor de Cookies HTTP (Sesión JSESSIONID) superseded by Gestor de Cookies HTTP (Sesión JSESSIONID)
2026-09-17 17:36:45,263 WARN o.a.j.p.h.s.HTTPSamplerBase: Existing CookieManager Gestor de Cookies HTTP (Sesión JSESSIONID) superseded by Gestor de Cookies HTTP (Sesión JSESSIONID)
2026-09-17 17:36:45,263 WARN o.a.j.p.h.s.HTTPSamplerBase: Existing CookieManager Gestor de Cookies HTTP (Sesión JSESSIONID) superseded by Gestor de Cookies HTTP (Sesión JSESSIONID)
2026-09-17 17:36:45,263 WARN o.a.j.p.h.s.HTTPSamplerBase: Existing CookieManager Gestor de Cookies HTTP (Sesión JSESSIONID) superseded by Gestor de Cookies HTTP (Sesión JSESSIONID)
2026-09-17 17:36:45,263 WARN o.a.j.p.h.s.HTTPSamplerBase: Existing CookieManager Gestor de Cookies HTTP (Sesión JSESSIONID) superseded by Gestor de Cookies HTTP (Sesión JSESSIONID)
2026-09-17 17:36:45,263 WARN o.a.j.p.h.s.HTTPSamplerBase: Existing CookieManager Gestor de Cookies HTTP (Sesión JSESSIONID) superseded by Gestor de Cookies HTTP (Sesión JSESSIONID)
2026-09-17 17:36:45,499 WARN o.a.j.p.h.s.HTTPSamplerBase: Existing CookieManager Gestor de Cookies HTTP (Sesión JSESSIONID) superseded by Gestor de Cookies HTTP (Sesión JSESSIONID)
2026-09-17 17:36:45,500 WARN o.a.j.p.h.s.HTTPSamplerBase: Existing CookieManager Gestor de Cookies HTTP (Sesión JSESSIONID) superseded by Gestor de Cookies HTTP (Sesión JSESSIONID)
2026-09-17 17:36:45,508 WARN o.a.j.p.h.s.HTTPSamplerBase: Existing CookieManager Gestor de Cookies HTTP (Sesión JSESSIONID) superseded by Gestor de Cookies HTTP (Sesión JSESSIONID)
2026-09-17 17:36:45,514 WARN o.a.j.p.h.s.HTTPSamplerBase: Existing CookieManager Gestor de Cookies HTTP (Sesión JSESSIONID) superseded by Gestor de Cookies HTTP (Sesión JSESSIONID)
2026-09-17 17:36:45,515 WARN o.a.j.p.h.s.HTTPSamplerBase: Existing CookieManager Gestor de Cookies HTTP (Sesión JSESSIONID) superseded by Gestor de Cookies HTTP (Sesión JSESSIONID)
2026-09-17 17:36:45,579 WARN o.a.j.p.h.s.HTTPSamplerBase: Existing CookieManager Gestor de Cookies HTTP (Sesión JSESSIONID) superseded by Gestor de Cookies HTTP (Sesión JSESSIONID)
2026-09-17 17:36:45,750 WARN o.a.j.p.h.s.HTTPSamplerBase: Existing CookieManager Gestor de Cookies HTTP (Sesión JSESSIONID) superseded by Gestor de Cookies HTTP (Sesión JSESSIONID)
2026-09-17 17:36:45,782 WARN o.a.j.p.h.s.HTTPSamplerBase: Existing CookieManager Gestor de Cookies HTTP (Sesión JSESSIONID) superseded by Gestor de Cookies HTTP (Sesión JSESSIONID)
2026-09-17 17:36:45,782 WARN o.a.j.p.h.s.HTTPSamplerBase: Existing CookieManager Gestor de Cookies HTTP (Sesión JSESSIONID) superseded by Gestor de Cookies HTTP (Sesión JSESSIONID)
2026-09-17 17:36:46,077 WARN o.a.j.p.h.s.HTTPSamplerBase: Existing CookieManager Gestor de Cookies HTTP (Sesión JSESSIONID) superseded by Gestor de Cookies HTTP (Sesión JSESSIONID)
2026-09-17 17:36:46,248 WARN o.a.j.p.h.s.HTTPSamplerBase: Existing CookieManager Gestor de Cookies HTTP (Sesión JSESSIONID) superseded by Gestor de Cookies HTTP (Sesión JSESSIONID)
2026-09-17 17:36:46,248 WARN o.a.j.p.h.s.HTTPSamplerBase: Existing CookieManager Gestor de Cookies HTTP (Sesión JSESSIONID) superseded by Gestor de Cookies HTTP (Sesión JSESSIONID)
2026-09-17 17:36:46,337 WARN o.a.j.p.h.s.HTTPSamplerBase: Existing CookieManager Gestor de Cookies HTTP (Sesión JSESSIONID) superseded by Gestor de Cookies HTTP (Sesión JSESSIONID)
2026-09-17 17:36:46,360 WARN o.a.j.p.h.s.HTTPSamplerBase: Existing CookieManager Gestor de Cookies HTTP (Sesión JSESSIONID) superseded by Gestor de Cookies HTTP (Sesión JSESSIONID)
2026-09-17 17:36:46,416 WARN o.a.j.p.h.s.HTTPSamplerBase: Existing CookieManager Gestor de Cookies HTTP (Sesión JSESSIONID) superseded by Gestor de Cookies HTTP (Sesión JSESSIONID)
2026-09-17 17:36:46,508 WARN o.a.j.p.h.s.HTTPSamplerBase: Existing CookieManager Gestor de Cookies HTTP (Sesión JSESSIONID) superseded by Gestor de Cookies HTTP (Sesión JSESSIONID)
2026-09-17 17:36:46,569 WARN o.a.j.p.h.s.HTTPSamplerBase: Existing CookieManager Gestor de Cookies HTTP (Sesión JSESSIONID) superseded by Gestor de Cookies HTTP (Sesión JSESSIONID)
2026-09-17 17:36:46,582 WARN o.a.j.p.h.s.HTTPSamplerBase: Existing CookieManager Gestor de Cookies HTTP (Sesión JSESSIONID) superseded by Gestor de Cookies HTTP (Sesión JSESSIONID)
2026-09-17 17:36:46,585 WARN o.a.j.p.h.s.HTTPSamplerBase: Existing CookieManager Gestor de Cookies HTTP (Sesión JSESSIONID) superseded by Gestor de Cookies HTTP (Sesión JSESSIONID)
2026-09-17 17:36:46,754 WARN o.a.j.p.h.s.HTTPSamplerBase: Existing CookieManager Gestor de Cookies HTTP (Sesión JSESSIONID) superseded by Gestor de Cookies HTTP (Sesión JSESSIONID)
2026-09-17 17:36:46,754 WARN o.a.j.p.h.s.HTTPSamplerBase: Existing CookieManager Gestor de Cookies HTTP (Sesión JSESSIONID) superseded by Gestor de Cookies HTTP (Sesión JSESSIONID)
2026-09-17 17:36:46,755 WARN o.a.j.p.h.s.HTTPSamplerBase: Existing CookieManager Gestor de Cookies HTTP (Sesión JSESSIONID) superseded by Gestor de Cookies HTTP (Sesión JSESSIONID)
2026-09-17 17:36:46,855 WARN o.a.j.p.h.s.HTTPSamplerBase: Existing CookieManager Gestor de Cookies HTTP (Sesión JSESSIONID) superseded by Gestor de Cookies HTTP (Sesión JSESSIONID)
2026-09-17 17:36:46,856 WARN o.a.j.p.h.s.HTTPSamplerBase: Existing CookieManager Gestor de Cookies HTTP (Sesión JSESSIONID) superseded by Gestor de Cookies HTTP (Sesión JSESSIONID)
2026-09-17 17:36:46,857 WARN o.a.j.p.h.s.HTTPSamplerBase: Existing CookieManager Gestor de Cookies HTTP (Sesión JSESSIONID) superseded by Gestor de Cookies HTTP (Sesión JSESSIONID)
2026-09-17 17:36:46,923 WARN o.a.j.p.h.s.HTTPSamplerBase: Existing CookieManager Gestor de Cookies HTTP (Sesión JSESSIONID) superseded by Gestor de Cookies HTTP (Sesión JSESSIONID)
2026-09-17 17:36:47,087 WARN o.a.j.p.h.s.HTTPSamplerBase: Existing CookieManager Gestor de Cookies HTTP (Sesión JSESSIONID) superseded by Gestor de Cookies HTTP (Sesión JSESSIONID)
2026-09-17 17:36:47,277 WARN o.a.j.p.h.s.HTTPSamplerBase: Existing CookieManager Gestor de Cookies HTTP (Sesión JSESSIONID) superseded by Gestor de Cookies HTTP (Sesión JSESSIONID)
2026-09-17 17:36:47,277 WARN o.a.j.p.h.s.HTTPSamplerBase: Existing CookieManager Gestor de Cookies HTTP (Sesión JSESSIONID) superseded by Gestor de Cookies HTTP (Sesión JSESSIONID)
2026-09-17 17:36:47,333 WARN o.a.j.p.h.s.HTTPSamplerBase: Existing CookieManager Gestor de Cookies HTTP (Sesión JSESSIONID) superseded by Gestor de Cookies HTTP (Sesión JSESSIONID)
2026-09-17 17:36:47,574 WARN o.a.j.p.h.s.HTTPSamplerBase: Existing CookieManager Gestor de Cookies HTTP (Sesión JSESSIONID) superseded by Gestor de Cookies HTTP (Sesión JSESSIONID)
2026-09-17 17:36:47,762 WARN o.a.j.p.h.s.HTTPSamplerBase: Existing CookieManager Gestor de Cookies HTTP (Sesión JSESSIONID) superseded by Gestor de Cookies HTTP (Sesión JSESSIONID)
2026-09-17 17:36:47,781 WARN o.a.j.p.h.s.HTTPSamplerBase: Existing CookieManager Gestor de Cookies HTTP (Sesión JSESSIONID) superseded by Gestor de Cookies HTTP (Sesión JSESSIONID)
2026-09-17 17:36:47,894 WARN o.a.j.p.h.s.HTTPSamplerBase: Existing CookieManager Gestor de Cookies HTTP (Sesión JSESSIONID) superseded by Gestor de Cookies HTTP (Sesión JSESSIONID)
2026-09-17 17:36:47,954 WARN o.a.j.p.h.s.HTTPSamplerBase: Existing CookieManager Gestor de Cookies HTTP (Sesión JSESSIONID) superseded by Gestor de Cookies HTTP (Sesión JSESSIONID)
2026-09-17 17:36:47,954 WARN o.a.j.p.h.s.HTTPSamplerBase: Existing CookieManager Gestor de Cookies HTTP (Sesión JSESSIONID) superseded by Gestor de Cookies HTTP (Sesión JSESSIONID)
2026-09-17 17:36:48,019 WARN o.a.j.p.h.s.HTTPSamplerBase: Existing CookieManager Gestor de Cookies HTTP (Sesión JSESSIONID) superseded by Gestor de Cookies HTTP (Sesión JSESSIONID)
2026-09-17 17:36:48,019 WARN o.a.j.p.h.s.HTTPSamplerBase: Existing CookieManager Gestor de Cookies HTTP (Sesión JSESSIONID) superseded by Gestor de Cookies HTTP (Sesión JSESSIONID)
2026-09-17 17:36:48,019 WARN o.a.j.p.h.s.HTTPSamplerBase: Existing CookieManager Gestor de Cookies HTTP (Sesión JSESSIONID) superseded by Gestor de Cookies HTTP (Sesión JSESSIONID)
2026-09-17 17:36:48,039 WARN o.a.j.p.h.s.HTTPSamplerBase: Existing CookieManager Gestor de Cookies HTTP (Sesión JSESSIONID) superseded by Gestor de Cookies HTTP (Sesión JSESSIONID)
2026-09-17 17:36:48,053 WARN o.a.j.p.h.s.HTTPSamplerBase: Existing CookieManager Gestor de Cookies HTTP (Sesión JSESSIONID) superseded by Gestor de Cookies HTTP (Sesión JSESSIONID)
2026-09-17 17:36:48,140 WARN o.a.j.p.h.s.HTTPSamplerBase: Existing CookieManager Gestor de Cookies HTTP (Sesión JSESSIONID) superseded by Gestor de Cookies HTTP (Sesión JSESSIONID)
2026-09-17 17:36:48,142 WARN o.a.j.p.h.s.HTTPSamplerBase: Existing CookieManager Gestor de Cookies HTTP (Sesión JSESSIONID) superseded by Gestor de Cookies HTTP (Sesión JSESSIONID)
2026-09-17 17:36:48,142 WARN o.a.j.p.h.s.HTTPSamplerBase: Existing CookieManager Gestor de Cookies HTTP (Sesión JSESSIONID) superseded by Gestor de Cookies HTTP (Sesión JSESSIONID)
2026-09-17 17:36:48,263 WARN o.a.j.p.h.s.HTTPSamplerBase: Existing CookieManager Gestor de Cookies HTTP (Sesión JSESSIONID) superseded by Gestor de Cookies HTTP (Sesión JSESSIONID)
2026-09-17 17:36:48,263 WARN o.a.j.p.h.s.HTTPSamplerBase: Existing CookieManager Gestor de Cookies HTTP (Sesión JSESSIONID) superseded by Gestor de Cookies HTTP (Sesión JSESSIONID)
2026-09-17 17:36:48,263 WARN o.a.j.p.h.s.HTTPSamplerBase: Existing CookieManager Gestor de Cookies HTTP (Sesión JSESSIONID) superseded by Gestor de Cookies HTTP (Sesión JSESSIONID)
2026-09-17 17:36:48,263 WARN o.a.j.p.h.s.HTTPSamplerBase: Existing CookieManager Gestor de Cookies HTTP (Sesión JSESSIONID) superseded by Gestor de Cookies HTTP (Sesión JSESSIONID)
2026-09-17 17:36:48,264 WARN o.a.j.p.h.s.HTTPSamplerBase: Existing CookieManager Gestor de Cookies HTTP (Sesión JSESSIONID) superseded by Gestor de Cookies HTTP (Sesión JSESSIONID)
2026-09-17 17:36:48,264 WARN o.a.j.p.h.s.HTTPSamplerBase: Existing CookieManager Gestor de Cookies HTTP (Sesión JSESSIONID) superseded by Gestor de Cookies HTTP (Sesión JSESSIONID)
2026-09-17 17:36:48,264 WARN o.a.j.p.h.s.HTTPSamplerBase: Existing CookieManager Gestor de Cookies HTTP (Sesión JSESSIONID) superseded by Gestor de Cookies HTTP (Sesión JSESSIONID)
2026-09-17 17:36:48,264 WARN o.a.j.p.h.s.HTTPSamplerBase: Existing CookieManager Gestor de Cookies HTTP (Sesión JSESSIONID) superseded by Gestor de Cookies HTTP (Sesión JSESSIONID)
2026-09-17 17:36:48,273 WARN o.a.j.p.h.s.HTTPSamplerBase: Existing CookieManager Gestor de Cookies HTTP (Sesión JSESSIONID) superseded by Gestor de Cookies HTTP (Sesión JSESSIONID)
2026-09-17 17:36:48,273 WARN o.a.j.p.h.s.HTTPSamplerBase: Existing CookieManager Gestor de Cookies HTTP (Sesión JSESSIONID) superseded by Gestor de Cookies HTTP (Sesión JSESSIONID)
2026-09-17 17:36:48,274 WARN o.a.j.p.h.s.HTTPSamplerBase: Existing CookieManager Gestor de Cookies HTTP (Sesión JSESSIONID) superseded by Gestor de Cookies HTTP (Sesión JSESSIONID)
2026-09-17 17:36:48,356 WARN o.a.j.p.h.s.HTTPSamplerBase: Existing CookieManager Gestor de Cookies HTTP (Sesión JSESSIONID) superseded by Gestor de Cookies HTTP (Sesión JSESSIONID)
2026-09-17 17:36:48,569 WARN o.a.j.p.h.s.HTTPSamplerBase: Existing CookieManager Gestor de Cookies HTTP (Sesión JSESSIONID) superseded by Gestor de Cookies HTTP (Sesión JSESSIONID)
2026-09-17 17:36:48,584 WARN o.a.j.p.h.s.HTTPSamplerBase: Existing CookieManager Gestor de Cookies HTTP (Sesión JSESSIONID) superseded by Gestor de Cookies HTTP (Sesión JSESSIONID)
2026-09-17 17:36:48,775 WARN o.a.j.p.h.s.HTTPSamplerBase: Existing CookieManager Gestor de Cookies HTTP (Sesión JSESSIONID) superseded by Gestor de Cookies HTTP (Sesión JSESSIONID)
2026-09-17 17:36:48,945 WARN o.a.j.p.h.s.HTTPSamplerBase: Existing CookieManager Gestor de Cookies HTTP (Sesión JSESSIONID) superseded by Gestor de Cookies HTTP (Sesión JSESSIONID)
2026-09-17 17:36:49,080 WARN o.a.j.p.h.s.HTTPSamplerBase: Existing CookieManager Gestor de Cookies HTTP (Sesión JSESSIONID) superseded by Gestor de Cookies HTTP (Sesión JSESSIONID)
2026-09-17 17:36:49,083 WARN o.a.j.p.h.s.HTTPSamplerBase: Existing CookieManager Gestor de Cookies HTTP (Sesión JSESSIONID) superseded by Gestor de Cookies HTTP (Sesión JSESSIONID)
2026-09-17 17:36:49,376 WARN o.a.j.p.h.s.HTTPSamplerBase: Existing CookieManager Gestor de Cookies HTTP (Sesión JSESSIONID) superseded by Gestor de Cookies HTTP (Sesión JSESSIONID)
2026-09-17 17:36:49,376 WARN o.a.j.p.h.s.HTTPSamplerBase: Existing CookieManager Gestor de Cookies HTTP (Sesión JSESSIONID) superseded by Gestor de Cookies HTTP (Sesión JSESSIONID)
2026-09-17 17:36:49,435 WARN o.a.j.p.h.s.HTTPSamplerBase: Existing CookieManager Gestor de Cookies HTTP (Sesión JSESSIONID) superseded by Gestor de Cookies HTTP (Sesión JSESSIONID)
2026-09-17 17:36:49,518 WARN o.a.j.p.h.s.HTTPSamplerBase: Existing CookieManager Gestor de Cookies HTTP (Sesión JSESSIONID) superseded by Gestor de Cookies HTTP (Sesión JSESSIONID)
2026-09-17 17:36:49,519 WARN o.a.j.p.h.s.HTTPSamplerBase: Existing CookieManager Gestor de Cookies HTTP (Sesión JSESSIONID) superseded by Gestor de Cookies HTTP (Sesión JSESSIONID)
2026-09-17 17:36:49,521 WARN o.a.j.p.h.s.HTTPSamplerBase: Existing CookieManager Gestor de Cookies HTTP (Sesión JSESSIONID) superseded by Gestor de Cookies HTTP (Sesión JSESSIONID)
2026-09-17 17:36:49,535 WARN o.a.j.p.h.s.HTTPSamplerBase: Existing CookieManager Gestor de Cookies HTTP (Sesión JSESSIONID) superseded by Gestor de Cookies HTTP (Sesión JSESSIONID)
2026-09-17 17:36:49,611 WARN o.a.j.p.h.s.HTTPSamplerBase: Existing CookieManager Gestor de Cookies HTTP (Sesión JSESSIONID) superseded by Gestor de Cookies HTTP (Sesión JSESSIONID)
2026-09-17 17:36:49,612 WARN o.a.j.p.h.s.HTTPSamplerBase: Existing CookieManager Gestor de Cookies HTTP (Sesión JSESSIONID) superseded by Gestor de Cookies HTTP (Sesión JSESSIONID)
2026-09-17 17:36:49,620 WARN o.a.j.p.h.s.HTTPSamplerBase: Existing CookieManager Gestor de Cookies HTTP (Sesión JSESSIONID) superseded by Gestor de Cookies HTTP (Sesión JSESSIONID)
2026-09-17 17:36:49,745 WARN o.a.j.p.h.s.HTTPSamplerBase: Existing CookieManager Gestor de Cookies HTTP (Sesión JSESSIONID) superseded by Gestor de Cookies HTTP (Sesión JSESSIONID)
2026-09-17 17:36:49,745 WARN o.a.j.p.h.s.HTTPSamplerBase: Existing CookieManager Gestor de Cookies HTTP (Sesión JSESSIONID) superseded by Gestor de Cookies HTTP (Sesión JSESSIONID)
2026-09-17 17:36:49,745 WARN o.a.j.p.h.s.HTTPSamplerBase: Existing CookieManager Gestor de Cookies HTTP (Sesión JSESSIONID) superseded by Gestor de Cookies HTTP (Sesión JSESSIONID)
2026-09-17 17:36:50,073 WARN o.a.j.p.h.s.HTTPSamplerBase: Existing CookieManager Gestor de Cookies HTTP (Sesión JSESSIONID) superseded by Gestor de Cookies HTTP (Sesión JSESSIONID)
2026-09-17 17:36:50,828 WARN o.a.j.p.h.s.HTTPSamplerBase: Existing CookieManager Gestor de Cookies HTTP (Sesión JSESSIONID) superseded by Gestor de Cookies HTTP (Sesión JSESSIONID)
2026-09-17 17:36:50,914 WARN o.a.j.p.h.s.HTTPSamplerBase: Existing CookieManager Gestor de Cookies HTTP (Sesión JSESSIONID) superseded by Gestor de Cookies HTTP (Sesión JSESSIONID)
2026-09-17 17:36:50,914 WARN o.a.j.p.h.s.HTTPSamplerBase: Existing CookieManager Gestor de Cookies HTTP (Sesión JSESSIONID) superseded by Gestor de Cookies HTTP (Sesión JSESSIONID)
2026-09-17 17:36:50,916 WARN o.a.j.p.h.s.HTTPSamplerBase: Existing CookieManager Gestor de Cookies HTTP (Sesión JSESSIONID) superseded by Gestor de Cookies HTTP (Sesión JSESSIONID)
2026-09-17 17:36:51,140 WARN o.a.j.p.h.s.HTTPSamplerBase: Existing CookieManager Gestor de Cookies HTTP (Sesión JSESSIONID) superseded by Gestor de Cookies HTTP (Sesión JSESSIONID)
2026-09-17 17:36:51,417 WARN o.a.j.p.h.s.HTTPSamplerBase: Existing CookieManager Gestor de Cookies HTTP (Sesión JSESSIONID) superseded by Gestor de Cookies HTTP (Sesión JSESSIONID)
2026-09-17 17:36:51,417 WARN o.a.j.p.h.s.HTTPSamplerBase: Existing CookieManager Gestor de Cookies HTTP (Sesión JSESSIONID) superseded by Gestor de Cookies HTTP (Sesión JSESSIONID)
2026-09-17 17:36:51,417 WARN o.a.j.p.h.s.HTTPSamplerBase: Existing CookieManager Gestor de Cookies HTTP (Sesión JSESSIONID) superseded by Gestor de Cookies HTTP (Sesión JSESSIONID)
2026-09-17 17:36:51,519 WARN o.a.j.p.h.s.HTTPSamplerBase: Existing CookieManager Gestor de Cookies HTTP (Sesión JSESSIONID) superseded by Gestor de Cookies HTTP (Sesión JSESSIONID)
2026-09-17 17:36:51,815 WARN o.a.j.p.h.s.HTTPSamplerBase: Existing CookieManager Gestor de Cookies HTTP (Sesión JSESSIONID) superseded by Gestor de Cookies HTTP (Sesión JSESSIONID)
2026-09-17 17:36:51,815 WARN o.a.j.p.h.s.HTTPSamplerBase: Existing CookieManager Gestor de Cookies HTTP (Sesión JSESSIONID) superseded by Gestor de Cookies HTTP (Sesión JSESSIONID)
2026-09-17 17:36:51,815 WARN o.a.j.p.h.s.HTTPSamplerBase: Existing CookieManager Gestor de Cookies HTTP (Sesión JSESSIONID) superseded by Gestor de Cookies HTTP (Sesión JSESSIONID)
2026-09-17 17:36:51,820 WARN o.a.j.p.h.s.HTTPSamplerBase: Existing CookieManager Gestor de Cookies HTTP (Sesión JSESSIONID) superseded by Gestor de Cookies HTTP (Sesión JSESSIONID)
2026-09-17 17:36:51,853 WARN o.a.j.p.h.s.HTTPSamplerBase: Existing CookieManager Gestor de Cookies HTTP (Sesión JSESSIONID) superseded by Gestor de Cookies HTTP (Sesión JSESSIONID)
2026-09-17 17:36:51,855 WARN o.a.j.p.h.s.HTTPSamplerBase: Existing CookieManager Gestor de Cookies HTTP (Sesión JSESSIONID) superseded by Gestor de Cookies HTTP (Sesión JSESSIONID)
2026-09-17 17:36:51,855 WARN o.a.j.p.h.s.HTTPSamplerBase: Existing CookieManager Gestor de Cookies HTTP (Sesión JSESSIONID) superseded by Gestor de Cookies HTTP (Sesión JSESSIONID)
2026-09-17 17:36:51,914 WARN o.a.j.p.h.s.HTTPSamplerBase: Existing CookieManager Gestor de Cookies HTTP (Sesión JSESSIONID) superseded by Gestor de Cookies HTTP (Sesión JSESSIONID)
2026-09-17 17:36:51,935 WARN o.a.j.p.h.s.HTTPSamplerBase: Existing CookieManager Gestor de Cookies HTTP (Sesión JSESSIONID) superseded by Gestor de Cookies HTTP (Sesión JSESSIONID)
2026-09-17 17:36:51,935 WARN o.a.j.p.h.s.HTTPSamplerBase: Existing CookieManager Gestor de Cookies HTTP (Sesión JSESSIONID) superseded by Gestor de Cookies HTTP (Sesión JSESSIONID)
2026-09-17 17:36:51,945 WARN o.a.j.p.h.s.HTTPSamplerBase: Existing CookieManager Gestor de Cookies HTTP (Sesión JSESSIONID) superseded by Gestor de Cookies HTTP (Sesión JSESSIONID)
2026-09-17 17:36:52,038 WARN o.a.j.p.h.s.HTTPSamplerBase: Existing CookieManager Gestor de Cookies HTTP (Sesión JSESSIONID) superseded by Gestor de Cookies HTTP (Sesión JSESSIONID)
2026-09-17 17:36:52,045 WARN o.a.j.p.h.s.HTTPSamplerBase: Existing CookieManager Gestor de Cookies HTTP (Sesión JSESSIONID) superseded by Gestor de Cookies HTTP (Sesión JSESSIONID)
2026-09-17 17:36:52,415 WARN o.a.j.p.h.s.HTTPSamplerBase: Existing CookieManager Gestor de Cookies HTTP (Sesión JSESSIONID) superseded by Gestor de Cookies HTTP (Sesión JSESSIONID)
2026-09-17 17:36:52,497 WARN o.a.j.p.h.s.HTTPSamplerBase: Existing CookieManager Gestor de Cookies HTTP (Sesión JSESSIONID) superseded by Gestor de Cookies HTTP (Sesión JSESSIONID)
2026-09-17 17:36:52,608 WARN o.a.j.p.h.s.HTTPSamplerBase: Existing CookieManager Gestor de Cookies HTTP (Sesión JSESSIONID) superseded by Gestor de Cookies HTTP (Sesión JSESSIONID)
2026-09-17 17:36:52,608 WARN o.a.j.p.h.s.HTTPSamplerBase: Existing CookieManager Gestor de Cookies HTTP (Sesión JSESSIONID) superseded by Gestor de Cookies HTTP (Sesión JSESSIONID)
2026-09-17 17:36:52,610 WARN o.a.j.p.h.s.HTTPSamplerBase: Existing CookieManager Gestor de Cookies HTTP (Sesión JSESSIONID) superseded by Gestor de Cookies HTTP (Sesión JSESSIONID)
2026-09-17 17:36:52,815 WARN o.a.j.p.h.s.HTTPSamplerBase: Existing CookieManager Gestor de Cookies HTTP (Sesión JSESSIONID) superseded by Gestor de Cookies HTTP (Sesión JSESSIONID)
2026-09-17 17:36:52,880 WARN o.a.j.p.h.s.HTTPSamplerBase: Existing CookieManager Gestor de Cookies HTTP (Sesión JSESSIONID) superseded by Gestor de Cookies HTTP (Sesión JSESSIONID)
2026-09-17 17:36:52,920 WARN o.a.j.p.h.s.HTTPSamplerBase: Existing CookieManager Gestor de Cookies HTTP (Sesión JSESSIONID) superseded by Gestor de Cookies HTTP (Sesión JSESSIONID)
2026-09-17 17:36:52,920 WARN o.a.j.p.h.s.HTTPSamplerBase: Existing CookieManager Gestor de Cookies HTTP (Sesión JSESSIONID) superseded by Gestor de Cookies HTTP (Sesión JSESSIONID)
2026-09-17 17:36:52,979 WARN o.a.j.p.h.s.HTTPSamplerBase: Existing CookieManager Gestor de Cookies HTTP (Sesión JSESSIONID) superseded by Gestor de Cookies HTTP (Sesión JSESSIONID)
2026-09-17 17:36:52,979 WARN o.a.j.p.h.s.HTTPSamplerBase: Existing CookieManager Gestor de Cookies HTTP (Sesión JSESSIONID) superseded by Gestor de Cookies HTTP (Sesión JSESSIONID)
2026-09-17 17:36:52,980 WARN o.a.j.p.h.s.HTTPSamplerBase: Existing CookieManager Gestor de Cookies HTTP (Sesión JSESSIONID) superseded by Gestor de Cookies HTTP (Sesión JSESSIONID)
2026-09-17 17:36:53,010 WARN o.a.j.p.h.s.HTTPSamplerBase: Existing CookieManager Gestor de Cookies HTTP (Sesión JSESSIONID) superseded by Gestor de Cookies HTTP (Sesión JSESSIONID)
2026-09-17 17:36:53,012 WARN o.a.j.p.h.s.HTTPSamplerBase: Existing CookieManager Gestor de Cookies HTTP (Sesión JSESSIONID) superseded by Gestor de Cookies HTTP (Sesión JSESSIONID)
2026-09-17 17:36:53,013 WARN o.a.j.p.h.s.HTTPSamplerBase: Existing CookieManager Gestor de Cookies HTTP (Sesión JSESSIONID) superseded by Gestor de Cookies HTTP (Sesión JSESSIONID)
2026-09-17 17:36:53,013 WARN o.a.j.p.h.s.HTTPSamplerBase: Existing CookieManager Gestor de Cookies HTTP (Sesión JSESSIONID) superseded by Gestor de Cookies HTTP (Sesión JSESSIONID)
2026-09-17 17:36:53,013 WARN o.a.j.p.h.s.HTTPSamplerBase: Existing CookieManager Gestor de Cookies HTTP (Sesión JSESSIONID) superseded by Gestor de Cookies HTTP (Sesión JSESSIONID)
2026-09-17 17:36:53,014 WARN o.a.j.p.h.s.HTTPSamplerBase: Existing CookieManager Gestor de Cookies HTTP (Sesión JSESSIONID) superseded by Gestor de Cookies HTTP (Sesión JSESSIONID)
2026-09-17 17:36:53,015 WARN o.a.j.p.h.s.HTTPSamplerBase: Existing CookieManager Gestor de Cookies HTTP (Sesión JSESSIONID) superseded by Gestor de Cookies HTTP (Sesión JSESSIONID)
2026-09-17 17:36:53,135 WARN o.a.j.p.h.s.HTTPSamplerBase: Existing CookieManager Gestor de Cookies HTTP (Sesión JSESSIONID) superseded by Gestor de Cookies HTTP (Sesión JSESSIONID)
2026-09-17 17:36:53,153 WARN o.a.j.p.h.s.HTTPSamplerBase: Existing CookieManager Gestor de Cookies HTTP (Sesión JSESSIONID) superseded by Gestor de Cookies HTTP (Sesión JSESSIONID)
2026-09-17 17:36:53,298 WARN o.a.j.p.h.s.HTTPSamplerBase: Existing CookieManager Gestor de Cookies HTTP (Sesión JSESSIONID) superseded by Gestor de Cookies HTTP (Sesión JSESSIONID)
2026-09-17 17:36:53,299 WARN o.a.j.p.h.s.HTTPSamplerBase: Existing CookieManager Gestor de Cookies HTTP (Sesión JSESSIONID) superseded by Gestor de Cookies HTTP (Sesión JSESSIONID)
2026-09-17 17:36:53,303 WARN o.a.j.p.h.s.HTTPSamplerBase: Existing CookieManager Gestor de Cookies HTTP (Sesión JSESSIONID) superseded by Gestor de Cookies HTTP (Sesión JSESSIONID)
2026-09-17 17:36:53,453 WARN o.a.j.p.h.s.HTTPSamplerBase: Existing CookieManager Gestor de Cookies HTTP (Sesión JSESSIONID) superseded by Gestor de Cookies HTTP (Sesión JSESSIONID)
2026-09-17 17:36:53,454 WARN o.a.j.p.h.s.HTTPSamplerBase: Existing CookieManager Gestor de Cookies HTTP (Sesión JSESSIONID) superseded by Gestor de Cookies HTTP (Sesión JSESSIONID)
2026-09-17 17:36:53,852 WARN o.a.j.p.h.s.HTTPSamplerBase: Existing CookieManager Gestor de Cookies HTTP (Sesión JSESSIONID) superseded by Gestor de Cookies HTTP (Sesión JSESSIONID)
2026-09-17 17:36:54,057 WARN o.a.j.p.h.s.HTTPSamplerBase: Existing CookieManager Gestor de Cookies HTTP (Sesión JSESSIONID) superseded by Gestor de Cookies HTTP (Sesión JSESSIONID)
2026-09-17 17:36:54,088 WARN o.a.j.p.h.s.HTTPSamplerBase: Existing CookieManager Gestor de Cookies HTTP (Sesión JSESSIONID) superseded by Gestor de Cookies HTTP (Sesión JSESSIONID)
2026-09-17 17:36:54,141 WARN o.a.j.p.h.s.HTTPSamplerBase: Existing CookieManager Gestor de Cookies HTTP (Sesión JSESSIONID) superseded by Gestor de Cookies HTTP (Sesión JSESSIONID)
2026-09-17 17:36:54,142 WARN o.a.j.p.h.s.HTTPSamplerBase: Existing CookieManager Gestor de Cookies HTTP (Sesión JSESSIONID) superseded by Gestor de Cookies HTTP (Sesión JSESSIONID)
2026-09-17 17:36:54,154 WARN o.a.j.p.h.s.HTTPSamplerBase: Existing CookieManager Gestor de Cookies HTTP (Sesión JSESSIONID) superseded by Gestor de Cookies HTTP (Sesión JSESSIONID)
2026-09-17 17:36:54,184 WARN o.a.j.p.h.s.HTTPSamplerBase: Existing CookieManager Gestor de Cookies HTTP (Sesión JSESSIONID) superseded by Gestor de Cookies HTTP (Sesión JSESSIONID)
2026-09-17 17:36:54,184 WARN o.a.j.p.h.s.HTTPSamplerBase: Existing CookieManager Gestor de Cookies HTTP (Sesión JSESSIONID) superseded by Gestor de Cookies HTTP (Sesión JSESSIONID)
2026-09-17 17:36:54,184 WARN o.a.j.p.h.s.HTTPSamplerBase: Existing CookieManager Gestor de Cookies HTTP (Sesión JSESSIONID) superseded by Gestor de Cookies HTTP (Sesión JSESSIONID)
2026-09-17 17:36:54,291 WARN o.a.j.p.h.s.HTTPSamplerBase: Existing CookieManager Gestor de Cookies HTTP (Sesión JSESSIONID) superseded by Gestor de Cookies HTTP (Sesión JSESSIONID)
2026-09-17 17:36:54,291 WARN o.a.j.p.h.s.HTTPSamplerBase: Existing CookieManager Gestor de Cookies HTTP (Sesión JSESSIONID) superseded by Gestor de Cookies HTTP (Sesión JSESSIONID)
2026-09-17 17:36:54,291 WARN o.a.j.p.h.s.HTTPSamplerBase: Existing CookieManager Gestor de Cookies HTTP (Sesión JSESSIONID) superseded by Gestor de Cookies HTTP (Sesión JSESSIONID)
2026-09-17 17:36:54,291 WARN o.a.j.p.h.s.HTTPSamplerBase: Existing CookieManager Gestor de Cookies HTTP (Sesión JSESSIONID) superseded by Gestor de Cookies HTTP (Sesión JSESSIONID)
2026-09-17 17:36:54,291 WARN o.a.j.p.h.s.HTTPSamplerBase: Existing CookieManager Gestor de Cookies HTTP (Sesión JSESSIONID) superseded by Gestor de Cookies HTTP (Sesión JSESSIONID)
2026-09-17 17:36:54,291 WARN o.a.j.p.h.s.HTTPSamplerBase: Existing CookieManager Gestor de Cookies HTTP (Sesión JSESSIONID) superseded by Gestor de Cookies HTTP (Sesión JSESSIONID)
2026-09-17 17:36:54,291 WARN o.a.j.p.h.s.HTTPSamplerBase: Existing CookieManager Gestor de Cookies HTTP (Sesión JSESSIONID) superseded by Gestor de Cookies HTTP (Sesión JSESSIONID)
2026-09-17 17:36:54,346 WARN o.a.j.p.h.s.HTTPSamplerBase: Existing CookieManager Gestor de Cookies HTTP (Sesión JSESSIONID) superseded by Gestor de Cookies HTTP (Sesión JSESSIONID)
2026-09-17 17:36:54,812 WARN o.a.j.p.h.s.HTTPSamplerBase: Existing CookieManager Gestor de Cookies HTTP (Sesión JSESSIONID) superseded by Gestor de Cookies HTTP (Sesión JSESSIONID)
2026-09-17 17:36:54,820 WARN o.a.j.p.h.s.HTTPSamplerBase: Existing CookieManager Gestor de Cookies HTTP (Sesión JSESSIONID) superseded by Gestor de Cookies HTTP (Sesión JSESSIONID)
2026-09-17 17:36:54,822 WARN o.a.j.p.h.s.HTTPSamplerBase: Existing CookieManager Gestor de Cookies HTTP (Sesión JSESSIONID) superseded by Gestor de Cookies HTTP (Sesión JSESSIONID)
2026-09-17 17:36:54,893 WARN o.a.j.p.h.s.HTTPSamplerBase: Existing CookieManager Gestor de Cookies HTTP (Sesión JSESSIONID) superseded by Gestor de Cookies HTTP (Sesión JSESSIONID)
2026-09-17 17:36:54,959 WARN o.a.j.p.h.s.HTTPSamplerBase: Existing CookieManager Gestor de Cookies HTTP (Sesión JSESSIONID) superseded by Gestor de Cookies HTTP (Sesión JSESSIONID)
2026-09-17 17:36:54,960 WARN o.a.j.p.h.s.HTTPSamplerBase: Existing CookieManager Gestor de Cookies HTTP (Sesión JSESSIONID) superseded by Gestor de Cookies HTTP (Sesión JSESSIONID)
2026-09-17 17:36:55,001 WARN o.a.j.p.h.s.HTTPSamplerBase: Existing CookieManager Gestor de Cookies HTTP (Sesión JSESSIONID) superseded by Gestor de Cookies HTTP (Sesión JSESSIONID)
2026-09-17 17:36:55,147 WARN o.a.j.p.h.s.HTTPSamplerBase: Existing CookieManager Gestor de Cookies HTTP (Sesión JSESSIONID) superseded by Gestor de Cookies HTTP (Sesión JSESSIONID)
2026-09-17 17:36:55,348 WARN o.a.j.p.h.s.HTTPSamplerBase: Existing CookieManager Gestor de Cookies HTTP (Sesión JSESSIONID) superseded by Gestor de Cookies HTTP (Sesión JSESSIONID)
2026-09-17 17:36:55,387 WARN o.a.j.p.h.s.HTTPSamplerBase: Existing CookieManager Gestor de Cookies HTTP (Sesión JSESSIONID) superseded by Gestor de Cookies HTTP (Sesión JSESSIONID)
2026-09-17 17:36:55,401 WARN o.a.j.p.h.s.HTTPSamplerBase: Existing CookieManager Gestor de Cookies HTTP (Sesión JSESSIONID) superseded by Gestor de Cookies HTTP (Sesión JSESSIONID)
2026-09-17 17:36:55,427 WARN o.a.j.p.h.s.HTTPSamplerBase: Existing CookieManager Gestor de Cookies HTTP (Sesión JSESSIONID) superseded by Gestor de Cookies HTTP (Sesión JSESSIONID)
2026-09-17 17:36:55,429 WARN o.a.j.p.h.s.HTTPSamplerBase: Existing CookieManager Gestor de Cookies HTTP (Sesión JSESSIONID) superseded by Gestor de Cookies HTTP (Sesión JSESSIONID)
2026-09-17 17:36:55,585 WARN o.a.j.p.h.s.HTTPSamplerBase: Existing CookieManager Gestor de Cookies HTTP (Sesión JSESSIONID) superseded by Gestor de Cookies HTTP (Sesión JSESSIONID)
2026-09-17 17:36:55,601 WARN o.a.j.p.h.s.HTTPSamplerBase: Existing CookieManager Gestor de Cookies HTTP (Sesión JSESSIONID) superseded by Gestor de Cookies HTTP (Sesión JSESSIONID)
2026-09-17 17:36:55,906 WARN o.a.j.p.h.s.HTTPSamplerBase: Existing CookieManager Gestor de Cookies HTTP (Sesión JSESSIONID) superseded by Gestor de Cookies HTTP (Sesión JSESSIONID)
2026-09-17 17:36:55,906 WARN o.a.j.p.h.s.HTTPSamplerBase: Existing CookieManager Gestor de Cookies HTTP (Sesión JSESSIONID) superseded by Gestor de Cookies HTTP (Sesión JSESSIONID)
2026-09-17 17:36:55,906 WARN o.a.j.p.h.s.HTTPSamplerBase: Existing CookieManager Gestor de Cookies HTTP (Sesión JSESSIONID) superseded by Gestor de Cookies HTTP (Sesión JSESSIONID)
2026-09-17 17:36:55,906 WARN o.a.j.p.h.s.HTTPSamplerBase: Existing CookieManager Gestor de Cookies HTTP (Sesión JSESSIONID) superseded by Gestor de Cookies HTTP (Sesión JSESSIONID)
2026-09-17 17:36:55,948 WARN o.a.j.p.h.s.HTTPSamplerBase: Existing CookieManager Gestor de Cookies HTTP (Sesión JSESSIONID) superseded by Gestor de Cookies HTTP (Sesión JSESSIONID)
2026-09-17 17:36:55,970 WARN o.a.j.p.h.s.HTTPSamplerBase: Existing CookieManager Gestor de Cookies HTTP (Sesión JSESSIONID) superseded by Gestor de Cookies HTTP (Sesión JSESSIONID)
2026-09-17 17:36:55,970 WARN o.a.j.p.h.s.HTTPSamplerBase: Existing CookieManager Gestor de Cookies HTTP (Sesión JSESSIONID) superseded by Gestor de Cookies HTTP (Sesión JSESSIONID)
2026-09-17 17:36:55,971 WARN o.a.j.p.h.s.HTTPSamplerBase: Existing CookieManager Gestor de Cookies HTTP (Sesión JSESSIONID) superseded by Gestor de Cookies HTTP (Sesión JSESSIONID)
2026-09-17 17:36:56,083 WARN o.a.j.p.h.s.HTTPSamplerBase: Existing CookieManager Gestor de Cookies HTTP (Sesión JSESSIONID) superseded by Gestor de Cookies HTTP (Sesión JSESSIONID)
2026-09-17 17:36:56,090 WARN o.a.j.p.h.s.HTTPSamplerBase: Existing CookieManager Gestor de Cookies HTTP (Sesión JSESSIONID) superseded by Gestor de Cookies HTTP (Sesión JSESSIONID)
2026-09-17 17:36:56,102 WARN o.a.j.p.h.s.HTTPSamplerBase: Existing CookieManager Gestor de Cookies HTTP (Sesión JSESSIONID) superseded by Gestor de Cookies HTTP (Sesión JSESSIONID)
2026-09-17 17:36:56,110 WARN o.a.j.p.h.s.HTTPSamplerBase: Existing CookieManager Gestor de Cookies HTTP (Sesión JSESSIONID) superseded by Gestor de Cookies HTTP (Sesión JSESSIONID)
2026-09-17 17:36:56,129 WARN o.a.j.p.h.s.HTTPSamplerBase: Existing CookieManager Gestor de Cookies HTTP (Sesión JSESSIONID) superseded by Gestor de Cookies HTTP (Sesión JSESSIONID)
2026-09-17 17:36:56,132 WARN o.a.j.p.h.s.HTTPSamplerBase: Existing CookieManager Gestor de Cookies HTTP (Sesión JSESSIONID) superseded by Gestor de Cookies HTTP (Sesión JSESSIONID)
2026-09-17 17:36:56,236 WARN o.a.j.p.h.s.HTTPSamplerBase: Existing CookieManager Gestor de Cookies HTTP (Sesión JSESSIONID) superseded by Gestor de Cookies HTTP (Sesión JSESSIONID)
2026-09-17 17:36:56,536 WARN o.a.j.p.h.s.HTTPSamplerBase: Existing CookieManager Gestor de Cookies HTTP (Sesión JSESSIONID) superseded by Gestor de Cookies HTTP (Sesión JSESSIONID)
2026-09-17 17:36:56,536 WARN o.a.j.p.h.s.HTTPSamplerBase: Existing CookieManager Gestor de Cookies HTTP (Sesión JSESSIONID) superseded by Gestor de Cookies HTTP (Sesión JSESSIONID)
2026-09-17 17:36:56,536 WARN o.a.j.p.h.s.HTTPSamplerBase: Existing CookieManager Gestor de Cookies HTTP (Sesión JSESSIONID) superseded by Gestor de Cookies HTTP (Sesión JSESSIONID)
2026-09-17 17:36:56,542 WARN o.a.j.p.h.s.HTTPSamplerBase: Existing CookieManager Gestor de Cookies HTTP (Sesión JSESSIONID) superseded by Gestor de Cookies HTTP (Sesión JSESSIONID)
2026-09-17 17:36:56,542 WARN o.a.j.p.h.s.HTTPSamplerBase: Existing CookieManager Gestor de Cookies HTTP (Sesión JSESSIONID) superseded by Gestor de Cookies HTTP (Sesión JSESSIONID)
2026-09-17 17:36:56,573 WARN o.a.j.p.h.s.HTTPSamplerBase: Existing CookieManager Gestor de Cookies HTTP (Sesión JSESSIONID) superseded by Gestor de Cookies HTTP (Sesión JSESSIONID)
2026-09-17 17:36:56,574 WARN o.a.j.p.h.s.HTTPSamplerBase: Existing CookieManager Gestor de Cookies HTTP (Sesión JSESSIONID) superseded by Gestor de Cookies HTTP (Sesión JSESSIONID)
2026-09-17 17:36:56,575 WARN o.a.j.p.h.s.HTTPSamplerBase: Existing CookieManager Gestor de Cookies HTTP (Sesión JSESSIONID) superseded by Gestor de Cookies HTTP (Sesión JSESSIONID)
2026-09-17 17:36:56,578 WARN o.a.j.p.h.s.HTTPSamplerBase: Existing CookieManager Gestor de Cookies HTTP (Sesión JSESSIONID) superseded by Gestor de Cookies HTTP (Sesión JSESSIONID)
2026-09-17 17:36:56,595 WARN o.a.j.p.h.s.HTTPSamplerBase: Existing CookieManager Gestor de Cookies HTTP (Sesión JSESSIONID) superseded by Gestor de Cookies HTTP (Sesión JSESSIONID)
2026-09-17 17:36:56,765 WARN o.a.j.p.h.s.HTTPSamplerBase: Existing CookieManager Gestor de Cookies HTTP (Sesión JSESSIONID) superseded by Gestor de Cookies HTTP (Sesión JSESSIONID)
2026-09-17 17:36:56,783 WARN o.a.j.p.h.s.HTTPSamplerBase: Existing CookieManager Gestor de Cookies HTTP (Sesión JSESSIONID) superseded by Gestor de Cookies HTTP (Sesión JSESSIONID)
2026-09-17 17:36:56,783 WARN o.a.j.p.h.s.HTTPSamplerBase: Existing CookieManager Gestor de Cookies HTTP (Sesión JSESSIONID) superseded by Gestor de Cookies HTTP (Sesión JSESSIONID)
2026-09-17 17:36:56,784 WARN o.a.j.p.h.s.HTTPSamplerBase: Existing CookieManager Gestor de Cookies HTTP (Sesión JSESSIONID) superseded by Gestor de Cookies HTTP (Sesión JSESSIONID)
2026-09-17 17:36:56,785 WARN o.a.j.p.h.s.HTTPSamplerBase: Existing CookieManager Gestor de Cookies HTTP (Sesión JSESSIONID) superseded by Gestor de Cookies HTTP (Sesión JSESSIONID)
2026-09-17 17:36:56,923 WARN o.a.j.p.h.s.HTTPSamplerBase: Existing CookieManager Gestor de Cookies HTTP (Sesión JSESSIONID) superseded by Gestor de Cookies HTTP (Sesión JSESSIONID)
2026-09-17 17:36:56,923 WARN o.a.j.p.h.s.HTTPSamplerBase: Existing CookieManager Gestor de Cookies HTTP (Sesión JSESSIONID) superseded by Gestor de Cookies HTTP (Sesión JSESSIONID)
2026-09-17 17:36:57,007 WARN o.a.j.p.h.s.HTTPSamplerBase: Existing CookieManager Gestor de Cookies HTTP (Sesión JSESSIONID) superseded by Gestor de Cookies HTTP (Sesión JSESSIONID)
2026-09-17 17:36:57,021 WARN o.a.j.p.h.s.HTTPSamplerBase: Existing CookieManager Gestor de Cookies HTTP (Sesión JSESSIONID) superseded by Gestor de Cookies HTTP (Sesión JSESSIONID)
2026-09-17 17:36:57,022 WARN o.a.j.p.h.s.HTTPSamplerBase: Existing CookieManager Gestor de Cookies HTTP (Sesión JSESSIONID) superseded by Gestor de Cookies HTTP (Sesión JSESSIONID)
2026-09-17 17:36:57,023 WARN o.a.j.p.h.s.HTTPSamplerBase: Existing CookieManager Gestor de Cookies HTTP (Sesión JSESSIONID) superseded by Gestor de Cookies HTTP (Sesión JSESSIONID)
2026-09-17 17:36:57,023 WARN o.a.j.p.h.s.HTTPSamplerBase: Existing CookieManager Gestor de Cookies HTTP (Sesión JSESSIONID) superseded by Gestor de Cookies HTTP (Sesión JSESSIONID)
2026-09-17 17:36:57,113 WARN o.a.j.p.h.s.HTTPSamplerBase: Existing CookieManager Gestor de Cookies HTTP (Sesión JSESSIONID) superseded by Gestor de Cookies HTTP (Sesión JSESSIONID)
2026-09-17 17:36:57,282 WARN o.a.j.p.h.s.HTTPSamplerBase: Existing CookieManager Gestor de Cookies HTTP (Sesión JSESSIONID) superseded by Gestor de Cookies HTTP (Sesión JSESSIONID)
2026-09-17 17:36:57,282 WARN o.a.j.p.h.s.HTTPSamplerBase: Existing CookieManager Gestor de Cookies HTTP (Sesión JSESSIONID) superseded by Gestor de Cookies HTTP (Sesión JSESSIONID)
2026-09-17 17:36:57,282 WARN o.a.j.p.h.s.HTTPSamplerBase: Existing CookieManager Gestor de Cookies HTTP (Sesión JSESSIONID) superseded by Gestor de Cookies HTTP (Sesión JSESSIONID)
2026-09-17 17:36:57,283 WARN o.a.j.p.h.s.HTTPSamplerBase: Existing CookieManager Gestor de Cookies HTTP (Sesión JSESSIONID) superseded by Gestor de Cookies HTTP (Sesión JSESSIONID)
2026-09-17 17:36:57,437 WARN o.a.j.p.h.s.HTTPSamplerBase: Existing CookieManager Gestor de Cookies HTTP (Sesión JSESSIONID) superseded by Gestor de Cookies HTTP (Sesión JSESSIONID)
2026-09-17 17:36:57,441 WARN o.a.j.p.h.s.HTTPSamplerBase: Existing CookieManager Gestor de Cookies HTTP (Sesión JSESSIONID) superseded by Gestor de Cookies HTTP (Sesión JSESSIONID)
2026-09-17 17:36:57,441 WARN o.a.j.p.h.s.HTTPSamplerBase: Existing CookieManager Gestor de Cookies HTTP (Sesión JSESSIONID) superseded by Gestor de Cookies HTTP (Sesión JSESSIONID)
2026-09-17 17:36:57,497 WARN o.a.j.p.h.s.HTTPSamplerBase: Existing CookieManager Gestor de Cookies HTTP (Sesión JSESSIONID) superseded by Gestor de Cookies HTTP (Sesión JSESSIONID)
2026-09-17 17:36:57,502 WARN o.a.j.p.h.s.HTTPSamplerBase: Existing CookieManager Gestor de Cookies HTTP (Sesión JSESSIONID) superseded by Gestor de Cookies HTTP (Sesión JSESSIONID)
2026-09-17 17:36:57,534 WARN o.a.j.p.h.s.HTTPSamplerBase: Existing CookieManager Gestor de Cookies HTTP (Sesión JSESSIONID) superseded by Gestor de Cookies HTTP (Sesión JSESSIONID)
2026-09-17 17:36:57,535 WARN o.a.j.p.h.s.HTTPSamplerBase: Existing CookieManager Gestor de Cookies HTTP (Sesión JSESSIONID) superseded by Gestor de Cookies HTTP (Sesión JSESSIONID)
2026-09-17 17:36:57,694 WARN o.a.j.p.h.s.HTTPSamplerBase: Existing CookieManager Gestor de Cookies HTTP (Sesión JSESSIONID) superseded by Gestor de Cookies HTTP (Sesión JSESSIONID)
2026-09-17 17:36:57,694 WARN o.a.j.p.h.s.HTTPSamplerBase: Existing CookieManager Gestor de Cookies HTTP (Sesión JSESSIONID) superseded by Gestor de Cookies HTTP (Sesión JSESSIONID)
2026-09-17 17:36:57,695 WARN o.a.j.p.h.s.HTTPSamplerBase: Existing CookieManager Gestor de Cookies HTTP (Sesión JSESSIONID) superseded by Gestor de Cookies HTTP (Sesión JSESSIONID)
2026-09-17 17:36:57,695 WARN o.a.j.p.h.s.HTTPSamplerBase: Existing CookieManager Gestor de Cookies HTTP (Sesión JSESSIONID) superseded by Gestor de Cookies HTTP (Sesión JSESSIONID)
2026-09-17 17:36:57,695 WARN o.a.j.p.h.s.HTTPSamplerBase: Existing CookieManager Gestor de Cookies HTTP (Sesión JSESSIONID) superseded by Gestor de Cookies HTTP (Sesión JSESSIONID)
2026-09-17 17:36:57,926 WARN o.a.j.p.h.s.HTTPSamplerBase: Existing CookieManager Gestor de Cookies HTTP (Sesión JSESSIONID) superseded by Gestor de Cookies HTTP (Sesión JSESSIONID)
2026-09-17 17:36:57,926 WARN o.a.j.p.h.s.HTTPSamplerBase: Existing CookieManager Gestor de Cookies HTTP (Sesión JSESSIONID) superseded by Gestor de Cookies HTTP (Sesión JSESSIONID)
2026-09-17 17:36:57,926 WARN o.a.j.p.h.s.HTTPSamplerBase: Existing CookieManager Gestor de Cookies HTTP (Sesión JSESSIONID) superseded by Gestor de Cookies HTTP (Sesión JSESSIONID)
2026-09-17 17:36:57,926 WARN o.a.j.p.h.s.HTTPSamplerBase: Existing CookieManager Gestor de Cookies HTTP (Sesión JSESSIONID) superseded by Gestor de Cookies HTTP (Sesión JSESSIONID)
2026-09-17 17:36:57,926 WARN o.a.j.p.h.s.HTTPSamplerBase: Existing CookieManager Gestor de Cookies HTTP (Sesión JSESSIONID) superseded by Gestor de Cookies HTTP (Sesión JSESSIONID)
2026-09-17 17:36:57,927 WARN o.a.j.p.h.s.HTTPSamplerBase: Existing CookieManager Gestor de Cookies HTTP (Sesión JSESSIONID) superseded by Gestor de Cookies HTTP (Sesión JSESSIONID)
2026-09-17 17:36:57,931 WARN o.a.j.p.h.s.HTTPSamplerBase: Existing CookieManager Gestor de Cookies HTTP (Sesión JSESSIONID) superseded by Gestor de Cookies HTTP (Sesión JSESSIONID)
2026-09-17 17:36:57,932 WARN o.a.j.p.h.s.HTTPSamplerBase: Existing CookieManager Gestor de Cookies HTTP (Sesión JSESSIONID) superseded by Gestor de Cookies HTTP (Sesión JSESSIONID)
2026-09-17 17:36:58,287 WARN o.a.j.p.h.s.HTTPSamplerBase: Existing CookieManager Gestor de Cookies HTTP (Sesión JSESSIONID) superseded by Gestor de Cookies HTTP (Sesión JSESSIONID)
2026-09-17 17:36:58,426 WARN o.a.j.p.h.s.HTTPSamplerBase: Existing CookieManager Gestor de Cookies HTTP (Sesión JSESSIONID) superseded by Gestor de Cookies HTTP (Sesión JSESSIONID)
2026-09-17 17:36:58,426 WARN o.a.j.p.h.s.HTTPSamplerBase: Existing CookieManager Gestor de Cookies HTTP (Sesión JSESSIONID) superseded by Gestor de Cookies HTTP (Sesión JSESSIONID)
2026-09-17 17:36:58,426 WARN o.a.j.p.h.s.HTTPSamplerBase: Existing CookieManager Gestor de Cookies HTTP (Sesión JSESSIONID) superseded by Gestor de Cookies HTTP (Sesión JSESSIONID)
2026-09-17 17:36:58,426 WARN o.a.j.p.h.s.HTTPSamplerBase: Existing CookieManager Gestor de Cookies HTTP (Sesión JSESSIONID) superseded by Gestor de Cookies HTTP (Sesión JSESSIONID)
2026-09-17 17:36:58,442 WARN o.a.j.p.h.s.HTTPSamplerBase: Existing CookieManager Gestor de Cookies HTTP (Sesión JSESSIONID) superseded by Gestor de Cookies HTTP (Sesión JSESSIONID)
2026-09-17 17:36:58,457 WARN o.a.j.p.h.s.HTTPSamplerBase: Existing CookieManager Gestor de Cookies HTTP (Sesión JSESSIONID) superseded by Gestor de Cookies HTTP (Sesión JSESSIONID)
2026-09-17 17:36:58,612 WARN o.a.j.p.h.s.HTTPSamplerBase: Existing CookieManager Gestor de Cookies HTTP (Sesión JSESSIONID) superseded by Gestor de Cookies HTTP (Sesión JSESSIONID)
2026-09-17 17:36:58,612 WARN o.a.j.p.h.s.HTTPSamplerBase: Existing CookieManager Gestor de Cookies HTTP (Sesión JSESSIONID) superseded by Gestor de Cookies HTTP (Sesión JSESSIONID)
2026-09-17 17:36:58,619 WARN o.a.j.p.h.s.HTTPSamplerBase: Existing CookieManager Gestor de Cookies HTTP (Sesión JSESSIONID) superseded by Gestor de Cookies HTTP (Sesión JSESSIONID)
2026-09-17 17:36:58,630 WARN o.a.j.p.h.s.HTTPSamplerBase: Existing CookieManager Gestor de Cookies HTTP (Sesión JSESSIONID) superseded by Gestor de Cookies HTTP (Sesión JSESSIONID)
2026-09-17 17:36:58,631 WARN o.a.j.p.h.s.HTTPSamplerBase: Existing CookieManager Gestor de Cookies HTTP (Sesión JSESSIONID) superseded by Gestor de Cookies HTTP (Sesión JSESSIONID)
2026-09-17 17:36:58,662 WARN o.a.j.p.h.s.HTTPSamplerBase: Existing CookieManager Gestor de Cookies HTTP (Sesión JSESSIONID) superseded by Gestor de Cookies HTTP (Sesión JSESSIONID)
2026-09-17 17:36:58,662 WARN o.a.j.p.h.s.HTTPSamplerBase: Existing CookieManager Gestor de Cookies HTTP (Sesión JSESSIONID) superseded by Gestor de Cookies HTTP (Sesión JSESSIONID)
2026-09-17 17:36:58,682 WARN o.a.j.p.h.s.HTTPSamplerBase: Existing CookieManager Gestor de Cookies HTTP (Sesión JSESSIONID) superseded by Gestor de Cookies HTTP (Sesión JSESSIONID)
2026-09-17 17:36:58,682 WARN o.a.j.p.h.s.HTTPSamplerBase: Existing CookieManager Gestor de Cookies HTTP (Sesión JSESSIONID) superseded by Gestor de Cookies HTTP (Sesión JSESSIONID)
2026-09-17 17:36:58,682 WARN o.a.j.p.h.s.HTTPSamplerBase: Existing CookieManager Gestor de Cookies HTTP (Sesión JSESSIONID) superseded by Gestor de Cookies HTTP (Sesión JSESSIONID)
2026-09-17 17:36:58,683 WARN o.a.j.p.h.s.HTTPSamplerBase: Existing CookieManager Gestor de Cookies HTTP (Sesión JSESSIONID) superseded by Gestor de Cookies HTTP (Sesión JSESSIONID)
2026-09-17 17:36:58,683 WARN o.a.j.p.h.s.HTTPSamplerBase: Existing CookieManager Gestor de Cookies HTTP (Sesión JSESSIONID) superseded by Gestor de Cookies HTTP (Sesión JSESSIONID)
2026-09-17 17:36:58,683 WARN o.a.j.p.h.s.HTTPSamplerBase: Existing CookieManager Gestor de Cookies HTTP (Sesión JSESSIONID) superseded by Gestor de Cookies HTTP (Sesión JSESSIONID)
2026-09-17 17:36:58,685 WARN o.a.j.p.h.s.HTTPSamplerBase: Existing CookieManager Gestor de Cookies HTTP (Sesión JSESSIONID) superseded by Gestor de Cookies HTTP (Sesión JSESSIONID)
2026-09-17 17:36:58,905 WARN o.a.j.p.h.s.HTTPSamplerBase: Existing CookieManager Gestor de Cookies HTTP (Sesión JSESSIONID) superseded by Gestor de Cookies HTTP (Sesión JSESSIONID)
2026-09-17 17:36:58,906 WARN o.a.j.p.h.s.HTTPSamplerBase: Existing CookieManager Gestor de Cookies HTTP (Sesión JSESSIONID) superseded by Gestor de Cookies HTTP (Sesión JSESSIONID)
2026-09-17 17:36:58,906 WARN o.a.j.p.h.s.HTTPSamplerBase: Existing CookieManager Gestor de Cookies HTTP (Sesión JSESSIONID) superseded by Gestor de Cookies HTTP (Sesión JSESSIONID)
2026-09-17 17:36:58,950 WARN o.a.j.p.h.s.HTTPSamplerBase: Existing CookieManager Gestor de Cookies HTTP (Sesión JSESSIONID) superseded by Gestor de Cookies HTTP (Sesión JSESSIONID)
2026-09-17 17:36:59,027 WARN o.a.j.p.h.s.HTTPSamplerBase: Existing CookieManager Gestor de Cookies HTTP (Sesión JSESSIONID) superseded by Gestor de Cookies HTTP (Sesión JSESSIONID)
2026-09-17 17:36:59,027 WARN o.a.j.p.h.s.HTTPSamplerBase: Existing CookieManager Gestor de Cookies HTTP (Sesión JSESSIONID) superseded by Gestor de Cookies HTTP (Sesión JSESSIONID)
2026-09-17 17:36:59,126 WARN o.a.j.p.h.s.HTTPSamplerBase: Existing CookieManager Gestor de Cookies HTTP (Sesión JSESSIONID) superseded by Gestor de Cookies HTTP (Sesión JSESSIONID)
2026-09-17 17:36:59,450 WARN o.a.j.p.h.s.HTTPSamplerBase: Existing CookieManager Gestor de Cookies HTTP (Sesión JSESSIONID) superseded by Gestor de Cookies HTTP (Sesión JSESSIONID)
2026-09-17 17:36:59,450 WARN o.a.j.p.h.s.HTTPSamplerBase: Existing CookieManager Gestor de Cookies HTTP (Sesión JSESSIONID) superseded by Gestor de Cookies HTTP (Sesión JSESSIONID)
2026-09-17 17:36:59,450 WARN o.a.j.p.h.s.HTTPSamplerBase: Existing CookieManager Gestor de Cookies HTTP (Sesión JSESSIONID) superseded by Gestor de Cookies HTTP (Sesión JSESSIONID)
2026-09-17 17:36:59,450 WARN o.a.j.p.h.s.HTTPSamplerBase: Existing CookieManager Gestor de Cookies HTTP (Sesión JSESSIONID) superseded by Gestor de Cookies HTTP (Sesión JSESSIONID)
2026-09-17 17:36:59,487 WARN o.a.j.p.h.s.HTTPSamplerBase: Existing CookieManager Gestor de Cookies HTTP (Sesión JSESSIONID) superseded by Gestor de Cookies HTTP (Sesión JSESSIONID)
2026-09-17 17:36:59,489 WARN o.a.j.p.h.s.HTTPSamplerBase: Existing CookieManager Gestor de Cookies HTTP (Sesión JSESSIONID) superseded by Gestor de Cookies HTTP (Sesión JSESSIONID)
2026-09-17 17:36:59,493 WARN o.a.j.p.h.s.HTTPSamplerBase: Existing CookieManager Gestor de Cookies HTTP (Sesión JSESSIONID) superseded by Gestor de Cookies HTTP (Sesión JSESSIONID)
2026-09-17 17:36:59,497 WARN o.a.j.p.h.s.HTTPSamplerBase: Existing CookieManager Gestor de Cookies HTTP (Sesión JSESSIONID) superseded by Gestor de Cookies HTTP (Sesión JSESSIONID)
2026-09-17 17:36:59,584 WARN o.a.j.p.h.s.HTTPSamplerBase: Existing CookieManager Gestor de Cookies HTTP (Sesión JSESSIONID) superseded by Gestor de Cookies HTTP (Sesión JSESSIONID)
2026-09-17 17:36:59,584 WARN o.a.j.p.h.s.HTTPSamplerBase: Existing CookieManager Gestor de Cookies HTTP (Sesión JSESSIONID) superseded by Gestor de Cookies HTTP (Sesión JSESSIONID)
2026-09-17 17:36:59,584 WARN o.a.j.p.h.s.HTTPSamplerBase: Existing CookieManager Gestor de Cookies HTTP (Sesión JSESSIONID) superseded by Gestor de Cookies HTTP (Sesión JSESSIONID)
2026-09-17 17:36:59,584 WARN o.a.j.p.h.s.HTTPSamplerBase: Existing CookieManager Gestor de Cookies HTTP (Sesión JSESSIONID) superseded by Gestor de Cookies HTTP (Sesión JSESSIONID)
2026-09-17 17:36:59,585 WARN o.a.j.p.h.s.HTTPSamplerBase: Existing CookieManager Gestor de Cookies HTTP (Sesión JSESSIONID) superseded by Gestor de Cookies HTTP (Sesión JSESSIONID)
2026-09-17 17:36:59,593 WARN o.a.j.p.h.s.HTTPSamplerBase: Existing CookieManager Gestor de Cookies HTTP (Sesión JSESSIONID) superseded by Gestor de Cookies HTTP (Sesión JSESSIONID)
2026-09-17 17:36:59,645 WARN o.a.j.p.h.s.HTTPSamplerBase: Existing CookieManager Gestor de Cookies HTTP (Sesión JSESSIONID) superseded by Gestor de Cookies HTTP (Sesión JSESSIONID)
2026-09-17 17:36:59,700 WARN o.a.j.p.h.s.HTTPSamplerBase: Existing CookieManager Gestor de Cookies HTTP (Sesión JSESSIONID) superseded by Gestor de Cookies HTTP (Sesión JSESSIONID)
2026-09-17 17:36:59,725 WARN o.a.j.p.h.s.HTTPSamplerBase: Existing CookieManager Gestor de Cookies HTTP (Sesión JSESSIONID) superseded by Gestor de Cookies HTTP (Sesión JSESSIONID)
2026-09-17 17:36:59,725 WARN o.a.j.p.h.s.HTTPSamplerBase: Existing CookieManager Gestor de Cookies HTTP (Sesión JSESSIONID) superseded by Gestor de Cookies HTTP (Sesión JSESSIONID)
2026-09-17 17:36:59,733 WARN o.a.j.p.h.s.HTTPSamplerBase: Existing CookieManager Gestor de Cookies HTTP (Sesión JSESSIONID) superseded by Gestor de Cookies HTTP (Sesión JSESSIONID)
2026-09-17 17:36:59,733 WARN o.a.j.p.h.s.HTTPSamplerBase: Existing CookieManager Gestor de Cookies HTTP (Sesión JSESSIONID) superseded by Gestor de Cookies HTTP (Sesión JSESSIONID)
2026-09-17 17:36:59,734 WARN o.a.j.p.h.s.HTTPSamplerBase: Existing CookieManager Gestor de Cookies HTTP (Sesión JSESSIONID) superseded by Gestor de Cookies HTTP (Sesión JSESSIONID)
2026-09-17 17:36:59,782 WARN o.a.j.p.h.s.HTTPSamplerBase: Existing CookieManager Gestor de Cookies HTTP (Sesión JSESSIONID) superseded by Gestor de Cookies HTTP (Sesión JSESSIONID)
2026-09-17 17:36:59,783 WARN o.a.j.p.h.s.HTTPSamplerBase: Existing CookieManager Gestor de Cookies HTTP (Sesión JSESSIONID) superseded by Gestor de Cookies HTTP (Sesión JSESSIONID)
2026-09-17 17:36:59,870 WARN o.a.j.p.h.s.HTTPSamplerBase: Existing CookieManager Gestor de Cookies HTTP (Sesión JSESSIONID) superseded by Gestor de Cookies HTTP (Sesión JSESSIONID)
2026-09-17 17:36:59,870 WARN o.a.j.p.h.s.HTTPSamplerBase: Existing CookieManager Gestor de Cookies HTTP (Sesión JSESSIONID) superseded by Gestor de Cookies HTTP (Sesión JSESSIONID)
2026-09-17 17:36:59,870 WARN o.a.j.p.h.s.HTTPSamplerBase: Existing CookieManager Gestor de Cookies HTTP (Sesión JSESSIONID) superseded by Gestor de Cookies HTTP (Sesión JSESSIONID)
2026-09-17 17:36:59,870 WARN o.a.j.p.h.s.HTTPSamplerBase: Existing CookieManager Gestor de Cookies HTTP (Sesión JSESSIONID) superseded by Gestor de Cookies HTTP (Sesión JSESSIONID)
2026-09-17 17:36:59,925 WARN o.a.j.p.h.s.HTTPSamplerBase: Existing CookieManager Gestor de Cookies HTTP (Sesión JSESSIONID) superseded by Gestor de Cookies HTTP (Sesión JSESSIONID)
2026-09-17 17:37:00,070 WARN o.a.j.p.h.s.HTTPSamplerBase: Existing CookieManager Gestor de Cookies HTTP (Sesión JSESSIONID) superseded by Gestor de Cookies HTTP (Sesión JSESSIONID)
2026-09-17 17:37:00,219 WARN o.a.j.p.h.s.HTTPSamplerBase: Existing CookieManager Gestor de Cookies HTTP (Sesión JSESSIONID) superseded by Gestor de Cookies HTTP (Sesión JSESSIONID)
2026-09-17 17:37:00,234 WARN o.a.j.p.h.s.HTTPSamplerBase: Existing CookieManager Gestor de Cookies HTTP (Sesión JSESSIONID) superseded by Gestor de Cookies HTTP (Sesión JSESSIONID)
2026-09-17 17:37:00,240 WARN o.a.j.p.h.s.HTTPSamplerBase: Existing CookieManager Gestor de Cookies HTTP (Sesión JSESSIONID) superseded by Gestor de Cookies HTTP (Sesión JSESSIONID)
2026-09-17 17:37:00,416 WARN o.a.j.p.h.s.HTTPSamplerBase: Existing CookieManager Gestor de Cookies HTTP (Sesión JSESSIONID) superseded by Gestor de Cookies HTTP (Sesión JSESSIONID)
2026-09-17 17:37:00,416 WARN o.a.j.p.h.s.HTTPSamplerBase: Existing CookieManager Gestor de Cookies HTTP (Sesión JSESSIONID) superseded by Gestor de Cookies HTTP (Sesión JSESSIONID)
2026-09-17 17:37:00,416 WARN o.a.j.p.h.s.HTTPSamplerBase: Existing CookieManager Gestor de Cookies HTTP (Sesión JSESSIONID) superseded by Gestor de Cookies HTTP (Sesión JSESSIONID)
2026-09-17 17:37:00,689 WARN o.a.j.p.h.s.HTTPSamplerBase: Existing CookieManager Gestor de Cookies HTTP (Sesión JSESSIONID) superseded by Gestor de Cookies HTTP (Sesión JSESSIONID)
2026-09-17 17:37:00,768 WARN o.a.j.p.h.s.HTTPSamplerBase: Existing CookieManager Gestor de Cookies HTTP (Sesión JSESSIONID) superseded by Gestor de Cookies HTTP (Sesión JSESSIONID)
2026-09-17 17:37:00,791 WARN o.a.j.p.h.s.HTTPSamplerBase: Existing CookieManager Gestor de Cookies HTTP (Sesión JSESSIONID) superseded by Gestor de Cookies HTTP (Sesión JSESSIONID)
2026-09-17 17:37:00,927 WARN o.a.j.p.h.s.HTTPSamplerBase: Existing CookieManager Gestor de Cookies HTTP (Sesión JSESSIONID) superseded by Gestor de Cookies HTTP (Sesión JSESSIONID)
2026-09-17 17:37:00,927 WARN o.a.j.p.h.s.HTTPSamplerBase: Existing CookieManager Gestor de Cookies HTTP (Sesión JSESSIONID) superseded by Gestor de Cookies HTTP (Sesión JSESSIONID)
2026-09-17 17:37:00,927 WARN o.a.j.p.h.s.HTTPSamplerBase: Existing CookieManager Gestor de Cookies HTTP (Sesión JSESSIONID) superseded by Gestor de Cookies HTTP (Sesión JSESSIONID)
2026-09-17 17:37:00,927 WARN o.a.j.p.h.s.HTTPSamplerBase: Existing CookieManager Gestor de Cookies HTTP (Sesión JSESSIONID) superseded by Gestor de Cookies HTTP (Sesión JSESSIONID)
2026-09-17 17:37:00,985 WARN o.a.j.p.h.s.HTTPSamplerBase: Existing CookieManager Gestor de Cookies HTTP (Sesión JSESSIONID) superseded by Gestor de Cookies HTTP (Sesión JSESSIONID)
2026-09-17 17:37:00,987 WARN o.a.j.p.h.s.HTTPSamplerBase: Existing CookieManager Gestor de Cookies HTTP (Sesión JSESSIONID) superseded by Gestor de Cookies HTTP (Sesión JSESSIONID)
2026-09-17 17:37:00,992 WARN o.a.j.p.h.s.HTTPSamplerBase: Existing CookieManager Gestor de Cookies HTTP (Sesión JSESSIONID) superseded by Gestor de Cookies HTTP (Sesión JSESSIONID)
2026-09-17 17:37:00,992 WARN o.a.j.p.h.s.HTTPSamplerBase: Existing CookieManager Gestor de Cookies HTTP (Sesión JSESSIONID) superseded by Gestor de Cookies HTTP (Sesión JSESSIONID)
2026-09-17 17:37:00,993 WARN o.a.j.p.h.s.HTTPSamplerBase: Existing CookieManager Gestor de Cookies HTTP (Sesión JSESSIONID) superseded by Gestor de Cookies HTTP (Sesión JSESSIONID)
2026-09-17 17:37:01,041 WARN o.a.j.p.h.s.HTTPSamplerBase: Existing CookieManager Gestor de Cookies HTTP (Sesión JSESSIONID) superseded by Gestor de Cookies HTTP (Sesión JSESSIONID)
2026-09-17 17:37:01,041 WARN o.a.j.p.h.s.HTTPSamplerBase: Existing CookieManager Gestor de Cookies HTTP (Sesión JSESSIONID) superseded by Gestor de Cookies HTTP (Sesión JSESSIONID)
2026-09-17 17:37:01,054 WARN o.a.j.p.h.s.HTTPSamplerBase: Existing CookieManager Gestor de Cookies HTTP (Sesión JSESSIONID) superseded by Gestor de Cookies HTTP (Sesión JSESSIONID)
2026-09-17 17:37:01,054 WARN o.a.j.p.h.s.HTTPSamplerBase: Existing CookieManager Gestor de Cookies HTTP (Sesión JSESSIONID) superseded by Gestor de Cookies HTTP (Sesión JSESSIONID)
2026-09-17 17:37:01,056 WARN o.a.j.p.h.s.HTTPSamplerBase: Existing CookieManager Gestor de Cookies HTTP (Sesión JSESSIONID) superseded by Gestor de Cookies HTTP (Sesión JSESSIONID)
2026-09-17 17:37:01,152 WARN o.a.j.p.h.s.HTTPSamplerBase: Existing CookieManager Gestor de Cookies HTTP (Sesión JSESSIONID) superseded by Gestor de Cookies HTTP (Sesión JSESSIONID)
2026-09-17 17:37:01,154 WARN o.a.j.p.h.s.HTTPSamplerBase: Existing CookieManager Gestor de Cookies HTTP (Sesión JSESSIONID) superseded by Gestor de Cookies HTTP (Sesión JSESSIONID)
2026-09-17 17:37:01,159 WARN o.a.j.p.h.s.HTTPSamplerBase: Existing CookieManager Gestor de Cookies HTTP (Sesión JSESSIONID) superseded by Gestor de Cookies HTTP (Sesión JSESSIONID)
2026-09-17 17:37:01,264 WARN o.a.j.p.h.s.HTTPSamplerBase: Existing CookieManager Gestor de Cookies HTTP (Sesión JSESSIONID) superseded by Gestor de Cookies HTTP (Sesión JSESSIONID)
2026-09-17 17:37:01,430 WARN o.a.j.p.h.s.HTTPSamplerBase: Existing CookieManager Gestor de Cookies HTTP (Sesión JSESSIONID) superseded by Gestor de Cookies HTTP (Sesión JSESSIONID)
2026-09-17 17:37:01,430 WARN o.a.j.p.h.s.HTTPSamplerBase: Existing CookieManager Gestor de Cookies HTTP (Sesión JSESSIONID) superseded by Gestor de Cookies HTTP (Sesión JSESSIONID)
2026-09-17 17:37:01,506 WARN o.a.j.p.h.s.HTTPSamplerBase: Existing CookieManager Gestor de Cookies HTTP (Sesión JSESSIONID) superseded by Gestor de Cookies HTTP (Sesión JSESSIONID)
2026-09-17 17:37:01,508 WARN o.a.j.p.h.s.HTTPSamplerBase: Existing CookieManager Gestor de Cookies HTTP (Sesión JSESSIONID) superseded by Gestor de Cookies HTTP (Sesión JSESSIONID)
2026-09-17 17:37:01,509 WARN o.a.j.p.h.s.HTTPSamplerBase: Existing CookieManager Gestor de Cookies HTTP (Sesión JSESSIONID) superseded by Gestor de Cookies HTTP (Sesión JSESSIONID)
2026-09-17 17:37:01,518 WARN o.a.j.p.h.s.HTTPSamplerBase: Existing CookieManager Gestor de Cookies HTTP (Sesión JSESSIONID) superseded by Gestor de Cookies HTTP (Sesión JSESSIONID)
2026-09-17 17:37:01,700 WARN o.a.j.p.h.s.HTTPSamplerBase: Existing CookieManager Gestor de Cookies HTTP (Sesión JSESSIONID) superseded by Gestor de Cookies HTTP (Sesión JSESSIONID)
2026-09-17 17:37:01,774 WARN o.a.j.p.h.s.HTTPSamplerBase: Existing CookieManager Gestor de Cookies HTTP (Sesión JSESSIONID) superseded by Gestor de Cookies HTTP (Sesión JSESSIONID)
2026-09-17 17:37:01,789 WARN o.a.j.p.h.s.HTTPSamplerBase: Existing CookieManager Gestor de Cookies HTTP (Sesión JSESSIONID) superseded by Gestor de Cookies HTTP (Sesión JSESSIONID)
2026-09-17 17:37:01,904 WARN o.a.j.p.h.s.HTTPSamplerBase: Existing CookieManager Gestor de Cookies HTTP (Sesión JSESSIONID) superseded by Gestor de Cookies HTTP (Sesión JSESSIONID)
2026-09-17 17:37:01,994 WARN o.a.j.p.h.s.HTTPSamplerBase: Existing CookieManager Gestor de Cookies HTTP (Sesión JSESSIONID) superseded by Gestor de Cookies HTTP (Sesión JSESSIONID)
2026-09-17 17:37:02,109 WARN o.a.j.p.h.s.HTTPSamplerBase: Existing CookieManager Gestor de Cookies HTTP (Sesión JSESSIONID) superseded by Gestor de Cookies HTTP (Sesión JSESSIONID)
2026-09-17 17:37:02,116 WARN o.a.j.p.h.s.HTTPSamplerBase: Existing CookieManager Gestor de Cookies HTTP (Sesión JSESSIONID) superseded by Gestor de Cookies HTTP (Sesión JSESSIONID)
2026-09-17 17:37:02,127 WARN o.a.j.p.h.s.HTTPSamplerBase: Existing CookieManager Gestor de Cookies HTTP (Sesión JSESSIONID) superseded by Gestor de Cookies HTTP (Sesión JSESSIONID)
2026-09-17 17:37:02,140 WARN o.a.j.p.h.s.HTTPSamplerBase: Existing CookieManager Gestor de Cookies HTTP (Sesión JSESSIONID) superseded by Gestor de Cookies HTTP (Sesión JSESSIONID)
2026-09-17 17:37:02,143 WARN o.a.j.p.h.s.HTTPSamplerBase: Existing CookieManager Gestor de Cookies HTTP (Sesión JSESSIONID) superseded by Gestor de Cookies HTTP (Sesión JSESSIONID)
2026-09-17 17:37:02,150 WARN o.a.j.p.h.s.HTTPSamplerBase: Existing CookieManager Gestor de Cookies HTTP (Sesión JSESSIONID) superseded by Gestor de Cookies HTTP (Sesión JSESSIONID)
2026-09-17 17:37:02,226 WARN o.a.j.p.h.s.HTTPSamplerBase: Existing CookieManager Gestor de Cookies HTTP (Sesión JSESSIONID) superseded by Gestor de Cookies HTTP (Sesión JSESSIONID)
2026-09-17 17:37:02,303 WARN o.a.j.p.h.s.HTTPSamplerBase: Existing CookieManager Gestor de Cookies HTTP (Sesión JSESSIONID) superseded by Gestor de Cookies HTTP (Sesión JSESSIONID)
2026-09-17 17:37:02,303 WARN o.a.j.p.h.s.HTTPSamplerBase: Existing CookieManager Gestor de Cookies HTTP (Sesión JSESSIONID) superseded by Gestor de Cookies HTTP (Sesión JSESSIONID)
2026-09-17 17:37:02,304 WARN o.a.j.p.h.s.HTTPSamplerBase: Existing CookieManager Gestor de Cookies HTTP (Sesión JSESSIONID) superseded by Gestor de Cookies HTTP (Sesión JSESSIONID)
2026-09-17 17:37:02,305 WARN o.a.j.p.h.s.HTTPSamplerBase: Existing CookieManager Gestor de Cookies HTTP (Sesión JSESSIONID) superseded by Gestor de Cookies HTTP (Sesión JSESSIONID)
2026-09-17 17:37:02,305 WARN o.a.j.p.h.s.HTTPSamplerBase: Existing CookieManager Gestor de Cookies HTTP (Sesión JSESSIONID) superseded by Gestor de Cookies HTTP (Sesión JSESSIONID)
2026-09-17 17:37:02,305 WARN o.a.j.p.h.s.HTTPSamplerBase: Existing CookieManager Gestor de Cookies HTTP (Sesión JSESSIONID) superseded by Gestor de Cookies HTTP (Sesión JSESSIONID)
2026-09-17 17:37:02,305 WARN o.a.j.p.h.s.HTTPSamplerBase: Existing CookieManager Gestor de Cookies HTTP (Sesión JSESSIONID) superseded by Gestor de Cookies HTTP (Sesión JSESSIONID)
2026-09-17 17:37:02,426 WARN o.a.j.p.h.s.HTTPSamplerBase: Existing CookieManager Gestor de Cookies HTTP (Sesión JSESSIONID) superseded by Gestor de Cookies HTTP (Sesión JSESSIONID)
2026-09-17 17:37:02,430 WARN o.a.j.p.h.s.HTTPSamplerBase: Existing CookieManager Gestor de Cookies HTTP (Sesión JSESSIONID) superseded by Gestor de Cookies HTTP (Sesión JSESSIONID)
2026-09-17 17:37:02,431 WARN o.a.j.p.h.s.HTTPSamplerBase: Existing CookieManager Gestor de Cookies HTTP (Sesión JSESSIONID) superseded by Gestor de Cookies HTTP (Sesión JSESSIONID)
2026-09-17 17:37:02,431 WARN o.a.j.p.h.s.HTTPSamplerBase: Existing CookieManager Gestor de Cookies HTTP (Sesión JSESSIONID) superseded by Gestor de Cookies HTTP (Sesión JSESSIONID)
2026-09-17 17:37:02,431 WARN o.a.j.p.h.s.HTTPSamplerBase: Existing CookieManager Gestor de Cookies HTTP (Sesión JSESSIONID) superseded by Gestor de Cookies HTTP (Sesión JSESSIONID)
2026-09-17 17:37:02,432 WARN o.a.j.p.h.s.HTTPSamplerBase: Existing CookieManager Gestor de Cookies HTTP (Sesión JSESSIONID) superseded by Gestor de Cookies HTTP (Sesión JSESSIONID)
2026-09-17 17:37:02,542 WARN o.a.j.p.h.s.HTTPSamplerBase: Existing CookieManager Gestor de Cookies HTTP (Sesión JSESSIONID) superseded by Gestor de Cookies HTTP (Sesión JSESSIONID)
2026-09-17 17:37:02,646 WARN o.a.j.p.h.s.HTTPSamplerBase: Existing CookieManager Gestor de Cookies HTTP (Sesión JSESSIONID) superseded by Gestor de Cookies HTTP (Sesión JSESSIONID)
2026-09-17 17:37:02,936 WARN o.a.j.p.h.s.HTTPSamplerBase: Existing CookieManager Gestor de Cookies HTTP (Sesión JSESSIONID) superseded by Gestor de Cookies HTTP (Sesión JSESSIONID)
2026-09-17 17:37:03,121 WARN o.a.j.p.h.s.HTTPSamplerBase: Existing CookieManager Gestor de Cookies HTTP (Sesión JSESSIONID) superseded by Gestor de Cookies HTTP (Sesión JSESSIONID)
2026-09-17 17:37:03,130 WARN o.a.j.p.h.s.HTTPSamplerBase: Existing CookieManager Gestor de Cookies HTTP (Sesión JSESSIONID) superseded by Gestor de Cookies HTTP (Sesión JSESSIONID)
2026-09-17 17:37:03,229 WARN o.a.j.p.h.s.HTTPSamplerBase: Existing CookieManager Gestor de Cookies HTTP (Sesión JSESSIONID) superseded by Gestor de Cookies HTTP (Sesión JSESSIONID)
2026-09-17 17:37:03,385 WARN o.a.j.p.h.s.HTTPSamplerBase: Existing CookieManager Gestor de Cookies HTTP (Sesión JSESSIONID) superseded by Gestor de Cookies HTTP (Sesión JSESSIONID)
2026-09-17 17:37:03,396 WARN o.a.j.p.h.s.HTTPSamplerBase: Existing CookieManager Gestor de Cookies HTTP (Sesión JSESSIONID) superseded by Gestor de Cookies HTTP (Sesión JSESSIONID)
2026-09-17 17:37:03,517 WARN o.a.j.p.h.s.HTTPSamplerBase: Existing CookieManager Gestor de Cookies HTTP (Sesión JSESSIONID) superseded by Gestor de Cookies HTTP (Sesión JSESSIONID)
2026-09-17 17:37:03,517 WARN o.a.j.p.h.s.HTTPSamplerBase: Existing CookieManager Gestor de Cookies HTTP (Sesión JSESSIONID) superseded by Gestor de Cookies HTTP (Sesión JSESSIONID)
2026-09-17 17:37:03,517 WARN o.a.j.p.h.s.HTTPSamplerBase: Existing CookieManager Gestor de Cookies HTTP (Sesión JSESSIONID) superseded by Gestor de Cookies HTTP (Sesión JSESSIONID)
2026-09-17 17:37:03,519 WARN o.a.j.p.h.s.HTTPSamplerBase: Existing CookieManager Gestor de Cookies HTTP (Sesión JSESSIONID) superseded by Gestor de Cookies HTTP (Sesión JSESSIONID)
2026-09-17 17:37:03,523 WARN o.a.j.p.h.s.HTTPSamplerBase: Existing CookieManager Gestor de Cookies HTTP (Sesión JSESSIONID) superseded by Gestor de Cookies HTTP (Sesión JSESSIONID)
2026-09-17 17:37:03,523 WARN o.a.j.p.h.s.HTTPSamplerBase: Existing CookieManager Gestor de Cookies HTTP (Sesión JSESSIONID) superseded by Gestor de Cookies HTTP (Sesión JSESSIONID)
2026-09-17 17:37:03,523 WARN o.a.j.p.h.s.HTTPSamplerBase: Existing CookieManager Gestor de Cookies HTTP (Sesión JSESSIONID) superseded by Gestor de Cookies HTTP (Sesión JSESSIONID)
2026-09-17 17:37:03,526 WARN o.a.j.p.h.s.HTTPSamplerBase: Existing CookieManager Gestor de Cookies HTTP (Sesión JSESSIONID) superseded by Gestor de Cookies HTTP (Sesión JSESSIONID)
2026-09-17 17:37:03,526 WARN o.a.j.p.h.s.HTTPSamplerBase: Existing CookieManager Gestor de Cookies HTTP (Sesión JSESSIONID) superseded by Gestor de Cookies HTTP (Sesión JSESSIONID)
2026-09-17 17:37:03,547 WARN o.a.j.p.h.s.HTTPSamplerBase: Existing CookieManager Gestor de Cookies HTTP (Sesión JSESSIONID) superseded by Gestor de Cookies HTTP (Sesión JSESSIONID)
2026-09-17 17:37:03,547 WARN o.a.j.p.h.s.HTTPSamplerBase: Existing CookieManager Gestor de Cookies HTTP (Sesión JSESSIONID) superseded by Gestor de Cookies HTTP (Sesión JSESSIONID)
2026-09-17 17:37:03,555 WARN o.a.j.p.h.s.HTTPSamplerBase: Existing CookieManager Gestor de Cookies HTTP (Sesión JSESSIONID) superseded by Gestor de Cookies HTTP (Sesión JSESSIONID)
2026-09-17 17:37:03,558 WARN o.a.j.p.h.s.HTTPSamplerBase: Existing CookieManager Gestor de Cookies HTTP (Sesión JSESSIONID) superseded by Gestor de Cookies HTTP (Sesión JSESSIONID)
2026-09-17 17:37:03,558 WARN o.a.j.p.h.s.HTTPSamplerBase: Existing CookieManager Gestor de Cookies HTTP (Sesión JSESSIONID) superseded by Gestor de Cookies HTTP (Sesión JSESSIONID)
2026-09-17 17:37:03,628 WARN o.a.j.p.h.s.HTTPSamplerBase: Existing CookieManager Gestor de Cookies HTTP (Sesión JSESSIONID) superseded by Gestor de Cookies HTTP (Sesión JSESSIONID)
2026-09-17 17:37:03,932 WARN o.a.j.p.h.s.HTTPSamplerBase: Existing CookieManager Gestor de Cookies HTTP (Sesión JSESSIONID) superseded by Gestor de Cookies HTTP (Sesión JSESSIONID)
2026-09-17 17:37:03,935 WARN o.a.j.p.h.s.HTTPSamplerBase: Existing CookieManager Gestor de Cookies HTTP (Sesión JSESSIONID) superseded by Gestor de Cookies HTTP (Sesión JSESSIONID)
2026-09-17 17:37:04,047 WARN o.a.j.p.h.s.HTTPSamplerBase: Existing CookieManager Gestor de Cookies HTTP (Sesión JSESSIONID) superseded by Gestor de Cookies HTTP (Sesión JSESSIONID)
2026-09-17 17:37:04,097 WARN o.a.j.p.h.s.HTTPSamplerBase: Existing CookieManager Gestor de Cookies HTTP (Sesión JSESSIONID) superseded by Gestor de Cookies HTTP (Sesión JSESSIONID)
2026-09-17 17:37:04,113 WARN o.a.j.p.h.s.HTTPSamplerBase: Existing CookieManager Gestor de Cookies HTTP (Sesión JSESSIONID) superseded by Gestor de Cookies HTTP (Sesión JSESSIONID)
2026-09-17 17:37:04,114 WARN o.a.j.p.h.s.HTTPSamplerBase: Existing CookieManager Gestor de Cookies HTTP (Sesión JSESSIONID) superseded by Gestor de Cookies HTTP (Sesión JSESSIONID)
2026-09-17 17:37:04,125 WARN o.a.j.p.h.s.HTTPSamplerBase: Existing CookieManager Gestor de Cookies HTTP (Sesión JSESSIONID) superseded by Gestor de Cookies HTTP (Sesión JSESSIONID)
2026-09-17 17:37:04,268 WARN o.a.j.p.h.s.HTTPSamplerBase: Existing CookieManager Gestor de Cookies HTTP (Sesión JSESSIONID) superseded by Gestor de Cookies HTTP (Sesión JSESSIONID)
2026-09-17 17:37:04,545 WARN o.a.j.p.h.s.HTTPSamplerBase: Existing CookieManager Gestor de Cookies HTTP (Sesión JSESSIONID) superseded by Gestor de Cookies HTTP (Sesión JSESSIONID)
2026-09-17 17:37:04,662 WARN o.a.j.p.h.s.HTTPSamplerBase: Existing CookieManager Gestor de Cookies HTTP (Sesión JSESSIONID) superseded by Gestor de Cookies HTTP (Sesión JSESSIONID)
2026-09-17 17:37:04,667 WARN o.a.j.p.h.s.HTTPSamplerBase: Existing CookieManager Gestor de Cookies HTTP (Sesión JSESSIONID) superseded by Gestor de Cookies HTTP (Sesión JSESSIONID)
2026-09-17 17:37:04,668 WARN o.a.j.p.h.s.HTTPSamplerBase: Existing CookieManager Gestor de Cookies HTTP (Sesión JSESSIONID) superseded by Gestor de Cookies HTTP (Sesión JSESSIONID)
2026-09-17 17:37:04,670 WARN o.a.j.p.h.s.HTTPSamplerBase: Existing CookieManager Gestor de Cookies HTTP (Sesión JSESSIONID) superseded by Gestor de Cookies HTTP (Sesión JSESSIONID)
2026-09-17 17:37:04,733 WARN o.a.j.p.h.s.HTTPSamplerBase: Existing CookieManager Gestor de Cookies HTTP (Sesión JSESSIONID) superseded by Gestor de Cookies HTTP (Sesión JSESSIONID)
2026-09-17 17:37:04,899 WARN o.a.j.p.h.s.HTTPSamplerBase: Existing CookieManager Gestor de Cookies HTTP (Sesión JSESSIONID) superseded by Gestor de Cookies HTTP (Sesión JSESSIONID)
2026-09-17 17:37:04,899 WARN o.a.j.p.h.s.HTTPSamplerBase: Existing CookieManager Gestor de Cookies HTTP (Sesión JSESSIONID) superseded by Gestor de Cookies HTTP (Sesión JSESSIONID)
2026-09-17 17:37:05,026 WARN o.a.j.p.h.s.HTTPSamplerBase: Existing CookieManager Gestor de Cookies HTTP (Sesión JSESSIONID) superseded by Gestor de Cookies HTTP (Sesión JSESSIONID)
2026-09-17 17:37:05,112 WARN o.a.j.p.h.s.HTTPSamplerBase: Existing CookieManager Gestor de Cookies HTTP (Sesión JSESSIONID) superseded by Gestor de Cookies HTTP (Sesión JSESSIONID)
2026-09-17 17:37:05,112 WARN o.a.j.p.h.s.HTTPSamplerBase: Existing CookieManager Gestor de Cookies HTTP (Sesión JSESSIONID) superseded by Gestor de Cookies HTTP (Sesión JSESSIONID)
2026-09-17 17:37:05,112 WARN o.a.j.p.h.s.HTTPSamplerBase: Existing CookieManager Gestor de Cookies HTTP (Sesión JSESSIONID) superseded by Gestor de Cookies HTTP (Sesión JSESSIONID)
2026-09-17 17:37:05,113 WARN o.a.j.p.h.s.HTTPSamplerBase: Existing CookieManager Gestor de Cookies HTTP (Sesión JSESSIONID) superseded by Gestor de Cookies HTTP (Sesión JSESSIONID)
2026-09-17 17:37:05,115 WARN o.a.j.p.h.s.HTTPSamplerBase: Existing CookieManager Gestor de Cookies HTTP (Sesión JSESSIONID) superseded by Gestor de Cookies HTTP (Sesión JSESSIONID)
2026-09-17 17:37:05,228 WARN o.a.j.p.h.s.HTTPSamplerBase: Existing CookieManager Gestor de Cookies HTTP (Sesión JSESSIONID) superseded by Gestor de Cookies HTTP (Sesión JSESSIONID)
2026-09-17 17:37:05,302 WARN o.a.j.p.h.s.HTTPSamplerBase: Existing CookieManager Gestor de Cookies HTTP (Sesión JSESSIONID) superseded by Gestor de Cookies HTTP (Sesión JSESSIONID)
2026-09-17 17:37:05,302 WARN o.a.j.p.h.s.HTTPSamplerBase: Existing CookieManager Gestor de Cookies HTTP (Sesión JSESSIONID) superseded by Gestor de Cookies HTTP (Sesión JSESSIONID)
2026-09-17 17:37:05,409 WARN o.a.j.p.h.s.HTTPSamplerBase: Existing CookieManager Gestor de Cookies HTTP (Sesión JSESSIONID) superseded by Gestor de Cookies HTTP (Sesión JSESSIONID)
2026-09-17 17:37:05,410 WARN o.a.j.p.h.s.HTTPSamplerBase: Existing CookieManager Gestor de Cookies HTTP (Sesión JSESSIONID) superseded by Gestor de Cookies HTTP (Sesión JSESSIONID)
2026-09-17 17:37:05,412 WARN o.a.j.p.h.s.HTTPSamplerBase: Existing CookieManager Gestor de Cookies HTTP (Sesión JSESSIONID) superseded by Gestor de Cookies HTTP (Sesión JSESSIONID)
2026-09-17 17:37:05,412 WARN o.a.j.p.h.s.HTTPSamplerBase: Existing CookieManager Gestor de Cookies HTTP (Sesión JSESSIONID) superseded by Gestor de Cookies HTTP (Sesión JSESSIONID)
2026-09-17 17:37:05,413 WARN o.a.j.p.h.s.HTTPSamplerBase: Existing CookieManager Gestor de Cookies HTTP (Sesión JSESSIONID) superseded by Gestor de Cookies HTTP (Sesión JSESSIONID)
2026-09-17 17:37:05,417 WARN o.a.j.p.h.s.HTTPSamplerBase: Existing CookieManager Gestor de Cookies HTTP (Sesión JSESSIONID) superseded by Gestor de Cookies HTTP (Sesión JSESSIONID)
2026-09-17 17:37:05,425 WARN o.a.j.p.h.s.HTTPSamplerBase: Existing CookieManager Gestor de Cookies HTTP (Sesión JSESSIONID) superseded by Gestor de Cookies HTTP (Sesión JSESSIONID)
2026-09-17 17:37:05,775 WARN o.a.j.p.h.s.HTTPSamplerBase: Existing CookieManager Gestor de Cookies HTTP (Sesión JSESSIONID) superseded by Gestor de Cookies HTTP (Sesión JSESSIONID)
2026-09-17 17:37:05,970 WARN o.a.j.p.h.s.HTTPSamplerBase: Existing CookieManager Gestor de Cookies HTTP (Sesión JSESSIONID) superseded by Gestor de Cookies HTTP (Sesión JSESSIONID)
2026-09-17 17:37:06,013 WARN o.a.j.p.h.s.HTTPSamplerBase: Existing CookieManager Gestor de Cookies HTTP (Sesión JSESSIONID) superseded by Gestor de Cookies HTTP (Sesión JSESSIONID)
2026-09-17 17:37:06,018 WARN o.a.j.p.h.s.HTTPSamplerBase: Existing CookieManager Gestor de Cookies HTTP (Sesión JSESSIONID) superseded by Gestor de Cookies HTTP (Sesión JSESSIONID)
2026-09-17 17:37:06,099 WARN o.a.j.p.h.s.HTTPSamplerBase: Existing CookieManager Gestor de Cookies HTTP (Sesión JSESSIONID) superseded by Gestor de Cookies HTTP (Sesión JSESSIONID)
2026-09-17 17:37:06,182 WARN o.a.j.p.h.s.HTTPSamplerBase: Existing CookieManager Gestor de Cookies HTTP (Sesión JSESSIONID) superseded by Gestor de Cookies HTTP (Sesión JSESSIONID)
2026-09-17 17:37:06,270 WARN o.a.j.p.h.s.HTTPSamplerBase: Existing CookieManager Gestor de Cookies HTTP (Sesión JSESSIONID) superseded by Gestor de Cookies HTTP (Sesión JSESSIONID)
2026-09-17 17:37:06,289 WARN o.a.j.p.h.s.HTTPSamplerBase: Existing CookieManager Gestor de Cookies HTTP (Sesión JSESSIONID) superseded by Gestor de Cookies HTTP (Sesión JSESSIONID)
2026-09-17 17:37:06,289 WARN o.a.j.p.h.s.HTTPSamplerBase: Existing CookieManager Gestor de Cookies HTTP (Sesión JSESSIONID) superseded by Gestor de Cookies HTTP (Sesión JSESSIONID)
2026-09-17 17:37:06,291 WARN o.a.j.p.h.s.HTTPSamplerBase: Existing CookieManager Gestor de Cookies HTTP (Sesión JSESSIONID) superseded by Gestor de Cookies HTTP (Sesión JSESSIONID)
2026-09-17 17:37:06,415 WARN o.a.j.p.h.s.HTTPSamplerBase: Existing CookieManager Gestor de Cookies HTTP (Sesión JSESSIONID) superseded by Gestor de Cookies HTTP (Sesión JSESSIONID)
2026-09-17 17:37:06,441 WARN o.a.j.p.h.s.HTTPSamplerBase: Existing CookieManager Gestor de Cookies HTTP (Sesión JSESSIONID) superseded by Gestor de Cookies HTTP (Sesión JSESSIONID)
2026-09-17 17:37:06,441 WARN o.a.j.p.h.s.HTTPSamplerBase: Existing CookieManager Gestor de Cookies HTTP (Sesión JSESSIONID) superseded by Gestor de Cookies HTTP (Sesión JSESSIONID)
2026-09-17 17:37:06,443 WARN o.a.j.p.h.s.HTTPSamplerBase: Existing CookieManager Gestor de Cookies HTTP (Sesión JSESSIONID) superseded by Gestor de Cookies HTTP (Sesión JSESSIONID)
2026-09-17 17:37:06,481 WARN o.a.j.p.h.s.HTTPSamplerBase: Existing CookieManager Gestor de Cookies HTTP (Sesión JSESSIONID) superseded by Gestor de Cookies HTTP (Sesión JSESSIONID)
2026-09-17 17:37:06,483 WARN o.a.j.p.h.s.HTTPSamplerBase: Existing CookieManager Gestor de Cookies HTTP (Sesión JSESSIONID) superseded by Gestor de Cookies HTTP (Sesión JSESSIONID)
2026-09-17 17:37:06,497 WARN o.a.j.p.h.s.HTTPSamplerBase: Existing CookieManager Gestor de Cookies HTTP (Sesión JSESSIONID) superseded by Gestor de Cookies HTTP (Sesión JSESSIONID)
2026-09-17 17:37:06,569 WARN o.a.j.p.h.s.HTTPSamplerBase: Existing CookieManager Gestor de Cookies HTTP (Sesión JSESSIONID) superseded by Gestor de Cookies HTTP (Sesión JSESSIONID)
2026-09-17 17:37:06,570 WARN o.a.j.p.h.s.HTTPSamplerBase: Existing CookieManager Gestor de Cookies HTTP (Sesión JSESSIONID) superseded by Gestor de Cookies HTTP (Sesión JSESSIONID)
2026-09-17 17:37:06,570 WARN o.a.j.p.h.s.HTTPSamplerBase: Existing CookieManager Gestor de Cookies HTTP (Sesión JSESSIONID) superseded by Gestor de Cookies HTTP (Sesión JSESSIONID)
2026-09-17 17:37:06,570 WARN o.a.j.p.h.s.HTTPSamplerBase: Existing CookieManager Gestor de Cookies HTTP (Sesión JSESSIONID) superseded by Gestor de Cookies HTTP (Sesión JSESSIONID)
2026-09-17 17:37:06,627 WARN o.a.j.p.h.s.HTTPSamplerBase: Existing CookieManager Gestor de Cookies HTTP (Sesión JSESSIONID) superseded by Gestor de Cookies HTTP (Sesión JSESSIONID)
2026-09-17 17:37:06,632 WARN o.a.j.p.h.s.HTTPSamplerBase: Existing CookieManager Gestor de Cookies HTTP (Sesión JSESSIONID) superseded by Gestor de Cookies HTTP (Sesión JSESSIONID)
2026-09-17 17:37:06,634 WARN o.a.j.p.h.s.HTTPSamplerBase: Existing CookieManager Gestor de Cookies HTTP (Sesión JSESSIONID) superseded by Gestor de Cookies HTTP (Sesión JSESSIONID)
2026-09-17 17:37:06,688 WARN o.a.j.p.h.s.HTTPSamplerBase: Existing CookieManager Gestor de Cookies HTTP (Sesión JSESSIONID) superseded by Gestor de Cookies HTTP (Sesión JSESSIONID)
2026-09-17 17:37:06,903 WARN o.a.j.p.h.s.HTTPSamplerBase: Existing CookieManager Gestor de Cookies HTTP (Sesión JSESSIONID) superseded by Gestor de Cookies HTTP (Sesión JSESSIONID)
2026-09-17 17:37:06,945 WARN o.a.j.p.h.s.HTTPSamplerBase: Existing CookieManager Gestor de Cookies HTTP (Sesión JSESSIONID) superseded by Gestor de Cookies HTTP (Sesión JSESSIONID)
2026-09-17 17:37:06,946 WARN o.a.j.p.h.s.HTTPSamplerBase: Existing CookieManager Gestor de Cookies HTTP (Sesión JSESSIONID) superseded by Gestor de Cookies HTTP (Sesión JSESSIONID)
2026-09-17 17:37:07,291 WARN o.a.j.p.h.s.HTTPSamplerBase: Existing CookieManager Gestor de Cookies HTTP (Sesión JSESSIONID) superseded by Gestor de Cookies HTTP (Sesión JSESSIONID)
2026-09-17 17:37:07,582 WARN o.a.j.p.h.s.HTTPSamplerBase: Existing CookieManager Gestor de Cookies HTTP (Sesión JSESSIONID) superseded by Gestor de Cookies HTTP (Sesión JSESSIONID)
2026-09-17 17:37:07,583 WARN o.a.j.p.h.s.HTTPSamplerBase: Existing CookieManager Gestor de Cookies HTTP (Sesión JSESSIONID) superseded by Gestor de Cookies HTTP (Sesión JSESSIONID)
2026-09-17 17:37:07,583 WARN o.a.j.p.h.s.HTTPSamplerBase: Existing CookieManager Gestor de Cookies HTTP (Sesión JSESSIONID) superseded by Gestor de Cookies HTTP (Sesión JSESSIONID)
2026-09-17 17:37:07,592 WARN o.a.j.p.h.s.HTTPSamplerBase: Existing CookieManager Gestor de Cookies HTTP (Sesión JSESSIONID) superseded by Gestor de Cookies HTTP (Sesión JSESSIONID)
2026-09-17 17:37:07,672 WARN o.a.j.p.h.s.HTTPSamplerBase: Existing CookieManager Gestor de Cookies HTTP (Sesión JSESSIONID) superseded by Gestor de Cookies HTTP (Sesión JSESSIONID)
2026-09-17 17:37:07,772 WARN o.a.j.p.h.s.HTTPSamplerBase: Existing CookieManager Gestor de Cookies HTTP (Sesión JSESSIONID) superseded by Gestor de Cookies HTTP (Sesión JSESSIONID)
2026-09-17 17:37:07,773 WARN o.a.j.p.h.s.HTTPSamplerBase: Existing CookieManager Gestor de Cookies HTTP (Sesión JSESSIONID) superseded by Gestor de Cookies HTTP (Sesión JSESSIONID)
2026-09-17 17:37:07,774 WARN o.a.j.p.h.s.HTTPSamplerBase: Existing CookieManager Gestor de Cookies HTTP (Sesión JSESSIONID) superseded by Gestor de Cookies HTTP (Sesión JSESSIONID)
2026-09-17 17:37:07,934 WARN o.a.j.p.h.s.HTTPSamplerBase: Existing CookieManager Gestor de Cookies HTTP (Sesión JSESSIONID) superseded by Gestor de Cookies HTTP (Sesión JSESSIONID)
2026-09-17 17:37:07,934 WARN o.a.j.p.h.s.HTTPSamplerBase: Existing CookieManager Gestor de Cookies HTTP (Sesión JSESSIONID) superseded by Gestor de Cookies HTTP (Sesión JSESSIONID)
2026-09-17 17:37:08,104 WARN o.a.j.p.h.s.HTTPSamplerBase: Existing CookieManager Gestor de Cookies HTTP (Sesión JSESSIONID) superseded by Gestor de Cookies HTTP (Sesión JSESSIONID)
2026-09-17 17:37:08,264 WARN o.a.j.p.h.s.HTTPSamplerBase: Existing CookieManager Gestor de Cookies HTTP (Sesión JSESSIONID) superseded by Gestor de Cookies HTTP (Sesión JSESSIONID)
2026-09-17 17:37:08,394 WARN o.a.j.p.h.s.HTTPSamplerBase: Existing CookieManager Gestor de Cookies HTTP (Sesión JSESSIONID) superseded by Gestor de Cookies HTTP (Sesión JSESSIONID)
2026-09-17 17:37:08,394 WARN o.a.j.p.h.s.HTTPSamplerBase: Existing CookieManager Gestor de Cookies HTTP (Sesión JSESSIONID) superseded by Gestor de Cookies HTTP (Sesión JSESSIONID)
2026-09-17 17:37:08,401 WARN o.a.j.p.h.s.HTTPSamplerBase: Existing CookieManager Gestor de Cookies HTTP (Sesión JSESSIONID) superseded by Gestor de Cookies HTTP (Sesión JSESSIONID)
2026-09-17 17:37:08,433 WARN o.a.j.p.h.s.HTTPSamplerBase: Existing CookieManager Gestor de Cookies HTTP (Sesión JSESSIONID) superseded by Gestor de Cookies HTTP (Sesión JSESSIONID)
2026-09-17 17:37:08,536 WARN o.a.j.p.h.s.HTTPSamplerBase: Existing CookieManager Gestor de Cookies HTTP (Sesión JSESSIONID) superseded by Gestor de Cookies HTTP (Sesión JSESSIONID)
2026-09-17 17:37:08,639 WARN o.a.j.p.h.s.HTTPSamplerBase: Existing CookieManager Gestor de Cookies HTTP (Sesión JSESSIONID) superseded by Gestor de Cookies HTTP (Sesión JSESSIONID)
2026-09-17 17:37:08,945 WARN o.a.j.p.h.s.HTTPSamplerBase: Existing CookieManager Gestor de Cookies HTTP (Sesión JSESSIONID) superseded by Gestor de Cookies HTTP (Sesión JSESSIONID)
2026-09-17 17:37:08,945 WARN o.a.j.p.h.s.HTTPSamplerBase: Existing CookieManager Gestor de Cookies HTTP (Sesión JSESSIONID) superseded by Gestor de Cookies HTTP (Sesión JSESSIONID)
2026-09-17 17:37:09,081 WARN o.a.j.p.h.s.HTTPSamplerBase: Existing CookieManager Gestor de Cookies HTTP (Sesión JSESSIONID) superseded by Gestor de Cookies HTTP (Sesión JSESSIONID)
2026-09-17 17:37:09,081 WARN o.a.j.p.h.s.HTTPSamplerBase: Existing CookieManager Gestor de Cookies HTTP (Sesión JSESSIONID) superseded by Gestor de Cookies HTTP (Sesión JSESSIONID)
2026-09-17 17:37:09,184 WARN o.a.j.p.h.s.HTTPSamplerBase: Existing CookieManager Gestor de Cookies HTTP (Sesión JSESSIONID) superseded by Gestor de Cookies HTTP (Sesión JSESSIONID)
2026-09-17 17:37:09,193 WARN o.a.j.p.h.s.HTTPSamplerBase: Existing CookieManager Gestor de Cookies HTTP (Sesión JSESSIONID) superseded by Gestor de Cookies HTTP (Sesión JSESSIONID)
2026-09-17 17:37:09,274 WARN o.a.j.p.h.s.HTTPSamplerBase: Existing CookieManager Gestor de Cookies HTTP (Sesión JSESSIONID) superseded by Gestor de Cookies HTTP (Sesión JSESSIONID)
2026-09-17 17:37:09,276 WARN o.a.j.p.h.s.HTTPSamplerBase: Existing CookieManager Gestor de Cookies HTTP (Sesión JSESSIONID) superseded by Gestor de Cookies HTTP (Sesión JSESSIONID)
2026-09-17 17:37:09,426 WARN o.a.j.p.h.s.HTTPSamplerBase: Existing CookieManager Gestor de Cookies HTTP (Sesión JSESSIONID) superseded by Gestor de Cookies HTTP (Sesión JSESSIONID)
2026-09-17 17:37:09,453 WARN o.a.j.p.h.s.HTTPSamplerBase: Existing CookieManager Gestor de Cookies HTTP (Sesión JSESSIONID) superseded by Gestor de Cookies HTTP (Sesión JSESSIONID)
2026-09-17 17:37:09,460 WARN o.a.j.p.h.s.HTTPSamplerBase: Existing CookieManager Gestor de Cookies HTTP (Sesión JSESSIONID) superseded by Gestor de Cookies HTTP (Sesión JSESSIONID)
2026-09-17 17:37:09,473 WARN o.a.j.p.h.s.HTTPSamplerBase: Existing CookieManager Gestor de Cookies HTTP (Sesión JSESSIONID) superseded by Gestor de Cookies HTTP (Sesión JSESSIONID)
2026-09-17 17:37:09,475 WARN o.a.j.p.h.s.HTTPSamplerBase: Existing CookieManager Gestor de Cookies HTTP (Sesión JSESSIONID) superseded by Gestor de Cookies HTTP (Sesión JSESSIONID)
2026-09-17 17:37:09,544 WARN o.a.j.p.h.s.HTTPSamplerBase: Existing CookieManager Gestor de Cookies HTTP (Sesión JSESSIONID) superseded by Gestor de Cookies HTTP (Sesión JSESSIONID)
2026-09-17 17:37:09,544 WARN o.a.j.p.h.s.HTTPSamplerBase: Existing CookieManager Gestor de Cookies HTTP (Sesión JSESSIONID) superseded by Gestor de Cookies HTTP (Sesión JSESSIONID)
2026-09-17 17:37:09,554 WARN o.a.j.p.h.s.HTTPSamplerBase: Existing CookieManager Gestor de Cookies HTTP (Sesión JSESSIONID) superseded by Gestor de Cookies HTTP (Sesión JSESSIONID)
2026-09-17 17:37:09,556 WARN o.a.j.p.h.s.HTTPSamplerBase: Existing CookieManager Gestor de Cookies HTTP (Sesión JSESSIONID) superseded by Gestor de Cookies HTTP (Sesión JSESSIONID)
2026-09-17 17:37:09,557 WARN o.a.j.p.h.s.HTTPSamplerBase: Existing CookieManager Gestor de Cookies HTTP (Sesión JSESSIONID) superseded by Gestor de Cookies HTTP (Sesión JSESSIONID)
2026-09-17 17:37:09,557 WARN o.a.j.p.h.s.HTTPSamplerBase: Existing CookieManager Gestor de Cookies HTTP (Sesión JSESSIONID) superseded by Gestor de Cookies HTTP (Sesión JSESSIONID)
2026-09-17 17:37:09,558 WARN o.a.j.p.h.s.HTTPSamplerBase: Existing CookieManager Gestor de Cookies HTTP (Sesión JSESSIONID) superseded by Gestor de Cookies HTTP (Sesión JSESSIONID)
2026-09-17 17:37:09,627 WARN o.a.j.p.h.s.HTTPSamplerBase: Existing CookieManager Gestor de Cookies HTTP (Sesión JSESSIONID) superseded by Gestor de Cookies HTTP (Sesión JSESSIONID)
2026-09-17 17:37:09,639 WARN o.a.j.p.h.s.HTTPSamplerBase: Existing CookieManager Gestor de Cookies HTTP (Sesión JSESSIONID) superseded by Gestor de Cookies HTTP (Sesión JSESSIONID)
2026-09-17 17:37:09,690 WARN o.a.j.p.h.s.HTTPSamplerBase: Existing CookieManager Gestor de Cookies HTTP (Sesión JSESSIONID) superseded by Gestor de Cookies HTTP (Sesión JSESSIONID)
2026-09-17 17:37:09,716 WARN o.a.j.p.h.s.HTTPSamplerBase: Existing CookieManager Gestor de Cookies HTTP (Sesión JSESSIONID) superseded by Gestor de Cookies HTTP (Sesión JSESSIONID)
2026-09-17 17:37:09,808 WARN o.a.j.p.h.s.HTTPSamplerBase: Existing CookieManager Gestor de Cookies HTTP (Sesión JSESSIONID) superseded by Gestor de Cookies HTTP (Sesión JSESSIONID)
2026-09-17 17:37:09,940 WARN o.a.j.p.h.s.HTTPSamplerBase: Existing CookieManager Gestor de Cookies HTTP (Sesión JSESSIONID) superseded by Gestor de Cookies HTTP (Sesión JSESSIONID)
2026-09-17 17:37:09,940 WARN o.a.j.p.h.s.HTTPSamplerBase: Existing CookieManager Gestor de Cookies HTTP (Sesión JSESSIONID) superseded by Gestor de Cookies HTTP (Sesión JSESSIONID)
2026-09-17 17:37:09,940 WARN o.a.j.p.h.s.HTTPSamplerBase: Existing CookieManager Gestor de Cookies HTTP (Sesión JSESSIONID) superseded by Gestor de Cookies HTTP (Sesión JSESSIONID)
2026-09-17 17:37:09,940 WARN o.a.j.p.h.s.HTTPSamplerBase: Existing CookieManager Gestor de Cookies HTTP (Sesión JSESSIONID) superseded by Gestor de Cookies HTTP (Sesión JSESSIONID)
2026-09-17 17:37:09,940 WARN o.a.j.p.h.s.HTTPSamplerBase: Existing CookieManager Gestor de Cookies HTTP (Sesión JSESSIONID) superseded by Gestor de Cookies HTTP (Sesión JSESSIONID)
2026-09-17 17:37:10,052 WARN o.a.j.p.h.s.HTTPSamplerBase: Existing CookieManager Gestor de Cookies HTTP (Sesión JSESSIONID) superseded by Gestor de Cookies HTTP (Sesión JSESSIONID)
2026-09-17 17:37:10,149 WARN o.a.j.p.h.s.HTTPSamplerBase: Existing CookieManager Gestor de Cookies HTTP (Sesión JSESSIONID) superseded by Gestor de Cookies HTTP (Sesión JSESSIONID)
2026-09-17 17:37:10,151 WARN o.a.j.p.h.s.HTTPSamplerBase: Existing CookieManager Gestor de Cookies HTTP (Sesión JSESSIONID) superseded by Gestor de Cookies HTTP (Sesión JSESSIONID)
2026-09-17 17:37:10,563 WARN o.a.j.p.h.s.HTTPSamplerBase: Existing CookieManager Gestor de Cookies HTTP (Sesión JSESSIONID) superseded by Gestor de Cookies HTTP (Sesión JSESSIONID)
2026-09-17 17:37:10,848 WARN o.a.j.p.h.s.HTTPSamplerBase: Existing CookieManager Gestor de Cookies HTTP (Sesión JSESSIONID) superseded by Gestor de Cookies HTTP (Sesión JSESSIONID)
2026-09-17 17:37:10,965 WARN o.a.j.p.h.s.HTTPSamplerBase: Existing CookieManager Gestor de Cookies HTTP (Sesión JSESSIONID) superseded by Gestor de Cookies HTTP (Sesión JSESSIONID)
2026-09-17 17:37:11,094 WARN o.a.j.p.h.s.HTTPSamplerBase: Existing CookieManager Gestor de Cookies HTTP (Sesión JSESSIONID) superseded by Gestor de Cookies HTTP (Sesión JSESSIONID)
2026-09-17 17:37:11,095 WARN o.a.j.p.h.s.HTTPSamplerBase: Existing CookieManager Gestor de Cookies HTTP (Sesión JSESSIONID) superseded by Gestor de Cookies HTTP (Sesión JSESSIONID)
2026-09-17 17:37:11,110 WARN o.a.j.p.h.s.HTTPSamplerBase: Existing CookieManager Gestor de Cookies HTTP (Sesión JSESSIONID) superseded by Gestor de Cookies HTTP (Sesión JSESSIONID)
2026-09-17 17:37:11,110 WARN o.a.j.p.h.s.HTTPSamplerBase: Existing CookieManager Gestor de Cookies HTTP (Sesión JSESSIONID) superseded by Gestor de Cookies HTTP (Sesión JSESSIONID)
2026-09-17 17:37:11,449 WARN o.a.j.p.h.s.HTTPSamplerBase: Existing CookieManager Gestor de Cookies HTTP (Sesión JSESSIONID) superseded by Gestor de Cookies HTTP (Sesión JSESSIONID)
2026-09-17 17:37:11,516 WARN o.a.j.p.h.s.HTTPSamplerBase: Existing CookieManager Gestor de Cookies HTTP (Sesión JSESSIONID) superseded by Gestor de Cookies HTTP (Sesión JSESSIONID)
2026-09-17 17:37:11,518 WARN o.a.j.p.h.s.HTTPSamplerBase: Existing CookieManager Gestor de Cookies HTTP (Sesión JSESSIONID) superseded by Gestor de Cookies HTTP (Sesión JSESSIONID)
2026-09-17 17:37:11,545 WARN o.a.j.p.h.s.HTTPSamplerBase: Existing CookieManager Gestor de Cookies HTTP (Sesión JSESSIONID) superseded by Gestor de Cookies HTTP (Sesión JSESSIONID)
2026-09-17 17:37:11,546 WARN o.a.j.p.h.s.HTTPSamplerBase: Existing CookieManager Gestor de Cookies HTTP (Sesión JSESSIONID) superseded by Gestor de Cookies HTTP (Sesión JSESSIONID)
2026-09-17 17:37:11,632 WARN o.a.j.p.h.s.HTTPSamplerBase: Existing CookieManager Gestor de Cookies HTTP (Sesión JSESSIONID) superseded by Gestor de Cookies HTTP (Sesión JSESSIONID)
2026-09-17 17:37:11,706 WARN o.a.j.p.h.s.HTTPSamplerBase: Existing CookieManager Gestor de Cookies HTTP (Sesión JSESSIONID) superseded by Gestor de Cookies HTTP (Sesión JSESSIONID)
2026-09-17 17:37:11,710 WARN o.a.j.p.h.s.HTTPSamplerBase: Existing CookieManager Gestor de Cookies HTTP (Sesión JSESSIONID) superseded by Gestor de Cookies HTTP (Sesión JSESSIONID)
2026-09-17 17:37:11,786 WARN o.a.j.p.h.s.HTTPSamplerBase: Existing CookieManager Gestor de Cookies HTTP (Sesión JSESSIONID) superseded by Gestor de Cookies HTTP (Sesión JSESSIONID)
2026-09-17 17:37:11,857 WARN o.a.j.p.h.s.HTTPSamplerBase: Existing CookieManager Gestor de Cookies HTTP (Sesión JSESSIONID) superseded by Gestor de Cookies HTTP (Sesión JSESSIONID)
2026-09-17 17:37:12,064 WARN o.a.j.p.h.s.HTTPSamplerBase: Existing CookieManager Gestor de Cookies HTTP (Sesión JSESSIONID) superseded by Gestor de Cookies HTTP (Sesión JSESSIONID)
2026-09-17 17:37:12,197 WARN o.a.j.p.h.s.HTTPSamplerBase: Existing CookieManager Gestor de Cookies HTTP (Sesión JSESSIONID) superseded by Gestor de Cookies HTTP (Sesión JSESSIONID)
2026-09-17 17:37:12,277 WARN o.a.j.p.h.s.HTTPSamplerBase: Existing CookieManager Gestor de Cookies HTTP (Sesión JSESSIONID) superseded by Gestor de Cookies HTTP (Sesión JSESSIONID)
2026-09-17 17:37:12,277 WARN o.a.j.p.h.s.HTTPSamplerBase: Existing CookieManager Gestor de Cookies HTTP (Sesión JSESSIONID) superseded by Gestor de Cookies HTTP (Sesión JSESSIONID)
2026-09-17 17:37:12,574 WARN o.a.j.p.h.s.HTTPSamplerBase: Existing CookieManager Gestor de Cookies HTTP (Sesión JSESSIONID) superseded by Gestor de Cookies HTTP (Sesión JSESSIONID)
2026-09-17 17:37:12,638 WARN o.a.j.p.h.s.HTTPSamplerBase: Existing CookieManager Gestor de Cookies HTTP (Sesión JSESSIONID) superseded by Gestor de Cookies HTTP (Sesión JSESSIONID)
2026-09-17 17:37:12,641 WARN o.a.j.p.h.s.HTTPSamplerBase: Existing CookieManager Gestor de Cookies HTTP (Sesión JSESSIONID) superseded by Gestor de Cookies HTTP (Sesión JSESSIONID)
2026-09-17 17:37:12,643 WARN o.a.j.p.h.s.HTTPSamplerBase: Existing CookieManager Gestor de Cookies HTTP (Sesión JSESSIONID) superseded by Gestor de Cookies HTTP (Sesión JSESSIONID)
2026-09-17 17:37:12,670 WARN o.a.j.p.h.s.HTTPSamplerBase: Existing CookieManager Gestor de Cookies HTTP (Sesión JSESSIONID) superseded by Gestor de Cookies HTTP (Sesión JSESSIONID)
2026-09-17 17:37:12,678 WARN o.a.j.p.h.s.HTTPSamplerBase: Existing CookieManager Gestor de Cookies HTTP (Sesión JSESSIONID) superseded by Gestor de Cookies HTTP (Sesión JSESSIONID)
2026-09-17 17:37:12,678 WARN o.a.j.p.h.s.HTTPSamplerBase: Existing CookieManager Gestor de Cookies HTTP (Sesión JSESSIONID) superseded by Gestor de Cookies HTTP (Sesión JSESSIONID)
2026-09-17 17:37:12,678 WARN o.a.j.p.h.s.HTTPSamplerBase: Existing CookieManager Gestor de Cookies HTTP (Sesión JSESSIONID) superseded by Gestor de Cookies HTTP (Sesión JSESSIONID)
2026-09-17 17:37:12,680 WARN o.a.j.p.h.s.HTTPSamplerBase: Existing CookieManager Gestor de Cookies HTTP (Sesión JSESSIONID) superseded by Gestor de Cookies HTTP (Sesión JSESSIONID)
2026-09-17 17:37:12,687 WARN o.a.j.p.h.s.HTTPSamplerBase: Existing CookieManager Gestor de Cookies HTTP (Sesión JSESSIONID) superseded by Gestor de Cookies HTTP (Sesión JSESSIONID)
2026-09-17 17:37:12,687 WARN o.a.j.p.h.s.HTTPSamplerBase: Existing CookieManager Gestor de Cookies HTTP (Sesión JSESSIONID) superseded by Gestor de Cookies HTTP (Sesión JSESSIONID)
2026-09-17 17:37:12,689 WARN o.a.j.p.h.s.HTTPSamplerBase: Existing CookieManager Gestor de Cookies HTTP (Sesión JSESSIONID) superseded by Gestor de Cookies HTTP (Sesión JSESSIONID)
2026-09-17 17:37:12,694 WARN o.a.j.p.h.s.HTTPSamplerBase: Existing CookieManager Gestor de Cookies HTTP (Sesión JSESSIONID) superseded by Gestor de Cookies HTTP (Sesión JSESSIONID)
2026-09-17 17:37:12,729 WARN o.a.j.p.h.s.HTTPSamplerBase: Existing CookieManager Gestor de Cookies HTTP (Sesión JSESSIONID) superseded by Gestor de Cookies HTTP (Sesión JSESSIONID)
2026-09-17 17:37:12,796 WARN o.a.j.p.h.s.HTTPSamplerBase: Existing CookieManager Gestor de Cookies HTTP (Sesión JSESSIONID) superseded by Gestor de Cookies HTTP (Sesión JSESSIONID)
2026-09-17 17:37:12,799 WARN o.a.j.p.h.s.HTTPSamplerBase: Existing CookieManager Gestor de Cookies HTTP (Sesión JSESSIONID) superseded by Gestor de Cookies HTTP (Sesión JSESSIONID)
2026-09-17 17:37:12,799 WARN o.a.j.p.h.s.HTTPSamplerBase: Existing CookieManager Gestor de Cookies HTTP (Sesión JSESSIONID) superseded by Gestor de Cookies HTTP (Sesión JSESSIONID)
2026-09-17 17:37:12,963 WARN o.a.j.p.h.s.HTTPSamplerBase: Existing CookieManager Gestor de Cookies HTTP (Sesión JSESSIONID) superseded by Gestor de Cookies HTTP (Sesión JSESSIONID)
2026-09-17 17:37:13,299 WARN o.a.j.p.h.s.HTTPSamplerBase: Existing CookieManager Gestor de Cookies HTTP (Sesión JSESSIONID) superseded by Gestor de Cookies HTTP (Sesión JSESSIONID)
2026-09-17 17:37:13,443 WARN o.a.j.p.h.s.HTTPSamplerBase: Existing CookieManager Gestor de Cookies HTTP (Sesión JSESSIONID) superseded by Gestor de Cookies HTTP (Sesión JSESSIONID)
2026-09-17 17:37:13,566 WARN o.a.j.p.h.s.HTTPSamplerBase: Existing CookieManager Gestor de Cookies HTTP (Sesión JSESSIONID) superseded by Gestor de Cookies HTTP (Sesión JSESSIONID)
2026-09-17 17:37:13,566 WARN o.a.j.p.h.s.HTTPSamplerBase: Existing CookieManager Gestor de Cookies HTTP (Sesión JSESSIONID) superseded by Gestor de Cookies HTTP (Sesión JSESSIONID)
2026-09-17 17:37:13,566 WARN o.a.j.p.h.s.HTTPSamplerBase: Existing CookieManager Gestor de Cookies HTTP (Sesión JSESSIONID) superseded by Gestor de Cookies HTTP (Sesión JSESSIONID)
2026-09-17 17:37:13,567 WARN o.a.j.p.h.s.HTTPSamplerBase: Existing CookieManager Gestor de Cookies HTTP (Sesión JSESSIONID) superseded by Gestor de Cookies HTTP (Sesión JSESSIONID)
2026-09-17 17:37:13,567 WARN o.a.j.p.h.s.HTTPSamplerBase: Existing CookieManager Gestor de Cookies HTTP (Sesión JSESSIONID) superseded by Gestor de Cookies HTTP (Sesión JSESSIONID)
2026-09-17 17:37:13,666 WARN o.a.j.p.h.s.HTTPSamplerBase: Existing CookieManager Gestor de Cookies HTTP (Sesión JSESSIONID) superseded by Gestor de Cookies HTTP (Sesión JSESSIONID)
2026-09-17 17:37:13,676 WARN o.a.j.p.h.s.HTTPSamplerBase: Existing CookieManager Gestor de Cookies HTTP (Sesión JSESSIONID) superseded by Gestor de Cookies HTTP (Sesión JSESSIONID)
2026-09-17 17:37:13,678 WARN o.a.j.p.h.s.HTTPSamplerBase: Existing CookieManager Gestor de Cookies HTTP (Sesión JSESSIONID) superseded by Gestor de Cookies HTTP (Sesión JSESSIONID)
2026-09-17 17:37:13,779 WARN o.a.j.p.h.s.HTTPSamplerBase: Existing CookieManager Gestor de Cookies HTTP (Sesión JSESSIONID) superseded by Gestor de Cookies HTTP (Sesión JSESSIONID)
2026-09-17 17:37:13,821 WARN o.a.j.p.h.s.HTTPSamplerBase: Existing CookieManager Gestor de Cookies HTTP (Sesión JSESSIONID) superseded by Gestor de Cookies HTTP (Sesión JSESSIONID)
2026-09-17 17:37:13,962 WARN o.a.j.p.h.s.HTTPSamplerBase: Existing CookieManager Gestor de Cookies HTTP (Sesión JSESSIONID) superseded by Gestor de Cookies HTTP (Sesión JSESSIONID)
2026-09-17 17:37:13,962 WARN o.a.j.p.h.s.HTTPSamplerBase: Existing CookieManager Gestor de Cookies HTTP (Sesión JSESSIONID) superseded by Gestor de Cookies HTTP (Sesión JSESSIONID)
2026-09-17 17:37:13,962 WARN o.a.j.p.h.s.HTTPSamplerBase: Existing CookieManager Gestor de Cookies HTTP (Sesión JSESSIONID) superseded by Gestor de Cookies HTTP (Sesión JSESSIONID)
2026-09-17 17:37:13,963 WARN o.a.j.p.h.s.HTTPSamplerBase: Existing CookieManager Gestor de Cookies HTTP (Sesión JSESSIONID) superseded by Gestor de Cookies HTTP (Sesión JSESSIONID)
2026-09-17 17:37:13,963 WARN o.a.j.p.h.s.HTTPSamplerBase: Existing CookieManager Gestor de Cookies HTTP (Sesión JSESSIONID) superseded by Gestor de Cookies HTTP (Sesión JSESSIONID)
2026-09-17 17:37:13,977 WARN o.a.j.p.h.s.HTTPSamplerBase: Existing CookieManager Gestor de Cookies HTTP (Sesión JSESSIONID) superseded by Gestor de Cookies HTTP (Sesión JSESSIONID)
2026-09-17 17:37:13,977 WARN o.a.j.p.h.s.HTTPSamplerBase: Existing CookieManager Gestor de Cookies HTTP (Sesión JSESSIONID) superseded by Gestor de Cookies HTTP (Sesión JSESSIONID)
2026-09-17 17:37:14,041 WARN o.a.j.p.h.s.HTTPSamplerBase: Existing CookieManager Gestor de Cookies HTTP (Sesión JSESSIONID) superseded by Gestor de Cookies HTTP (Sesión JSESSIONID)
2026-09-17 17:37:14,124 WARN o.a.j.p.h.s.HTTPSamplerBase: Existing CookieManager Gestor de Cookies HTTP (Sesión JSESSIONID) superseded by Gestor de Cookies HTTP (Sesión JSESSIONID)
2026-09-17 17:37:14,125 WARN o.a.j.p.h.s.HTTPSamplerBase: Existing CookieManager Gestor de Cookies HTTP (Sesión JSESSIONID) superseded by Gestor de Cookies HTTP (Sesión JSESSIONID)
2026-09-17 17:37:14,128 WARN o.a.j.p.h.s.HTTPSamplerBase: Existing CookieManager Gestor de Cookies HTTP (Sesión JSESSIONID) superseded by Gestor de Cookies HTTP (Sesión JSESSIONID)
2026-09-17 17:37:14,314 WARN o.a.j.p.h.s.HTTPSamplerBase: Existing CookieManager Gestor de Cookies HTTP (Sesión JSESSIONID) superseded by Gestor de Cookies HTTP (Sesión JSESSIONID)
2026-09-17 17:37:14,474 WARN o.a.j.p.h.s.HTTPSamplerBase: Existing CookieManager Gestor de Cookies HTTP (Sesión JSESSIONID) superseded by Gestor de Cookies HTTP (Sesión JSESSIONID)
2026-09-17 17:37:14,534 WARN o.a.j.p.h.s.HTTPSamplerBase: Existing CookieManager Gestor de Cookies HTTP (Sesión JSESSIONID) superseded by Gestor de Cookies HTTP (Sesión JSESSIONID)
2026-09-17 17:37:14,654 WARN o.a.j.p.h.s.HTTPSamplerBase: Existing CookieManager Gestor de Cookies HTTP (Sesión JSESSIONID) superseded by Gestor de Cookies HTTP (Sesión JSESSIONID)
2026-09-17 17:37:14,654 WARN o.a.j.p.h.s.HTTPSamplerBase: Existing CookieManager Gestor de Cookies HTTP (Sesión JSESSIONID) superseded by Gestor de Cookies HTTP (Sesión JSESSIONID)
2026-09-17 17:37:14,654 WARN o.a.j.p.h.s.HTTPSamplerBase: Existing CookieManager Gestor de Cookies HTTP (Sesión JSESSIONID) superseded by Gestor de Cookies HTTP (Sesión JSESSIONID)
2026-09-17 17:37:14,736 WARN o.a.j.p.h.s.HTTPSamplerBase: Existing CookieManager Gestor de Cookies HTTP (Sesión JSESSIONID) superseded by Gestor de Cookies HTTP (Sesión JSESSIONID)
2026-09-17 17:37:14,737 WARN o.a.j.p.h.s.HTTPSamplerBase: Existing CookieManager Gestor de Cookies HTTP (Sesión JSESSIONID) superseded by Gestor de Cookies HTTP (Sesión JSESSIONID)
2026-09-17 17:37:14,764 WARN o.a.j.p.h.s.HTTPSamplerBase: Existing CookieManager Gestor de Cookies HTTP (Sesión JSESSIONID) superseded by Gestor de Cookies HTTP (Sesión JSESSIONID)
2026-09-17 17:37:14,774 WARN o.a.j.p.h.s.HTTPSamplerBase: Existing CookieManager Gestor de Cookies HTTP (Sesión JSESSIONID) superseded by Gestor de Cookies HTTP (Sesión JSESSIONID)
2026-09-17 17:37:14,956 WARN o.a.j.p.h.s.HTTPSamplerBase: Existing CookieManager Gestor de Cookies HTTP (Sesión JSESSIONID) superseded by Gestor de Cookies HTTP (Sesión JSESSIONID)
2026-09-17 17:37:15,023 WARN o.a.j.p.h.s.HTTPSamplerBase: Existing CookieManager Gestor de Cookies HTTP (Sesión JSESSIONID) superseded by Gestor de Cookies HTTP (Sesión JSESSIONID)
2026-09-17 17:37:15,023 WARN o.a.j.p.h.s.HTTPSamplerBase: Existing CookieManager Gestor de Cookies HTTP (Sesión JSESSIONID) superseded by Gestor de Cookies HTTP (Sesión JSESSIONID)
2026-09-17 17:37:15,029 WARN o.a.j.p.h.s.HTTPSamplerBase: Existing CookieManager Gestor de Cookies HTTP (Sesión JSESSIONID) superseded by Gestor de Cookies HTTP (Sesión JSESSIONID)
2026-09-17 17:37:15,053 WARN o.a.j.p.h.s.HTTPSamplerBase: Existing CookieManager Gestor de Cookies HTTP (Sesión JSESSIONID) superseded by Gestor de Cookies HTTP (Sesión JSESSIONID)
2026-09-17 17:37:15,240 WARN o.a.j.p.h.s.HTTPSamplerBase: Existing CookieManager Gestor de Cookies HTTP (Sesión JSESSIONID) superseded by Gestor de Cookies HTTP (Sesión JSESSIONID)
2026-09-17 17:37:15,307 WARN o.a.j.p.h.s.HTTPSamplerBase: Existing CookieManager Gestor de Cookies HTTP (Sesión JSESSIONID) superseded by Gestor de Cookies HTTP (Sesión JSESSIONID)
2026-09-17 17:37:15,318 WARN o.a.j.p.h.s.HTTPSamplerBase: Existing CookieManager Gestor de Cookies HTTP (Sesión JSESSIONID) superseded by Gestor de Cookies HTTP (Sesión JSESSIONID)
2026-09-17 17:37:15,319 WARN o.a.j.p.h.s.HTTPSamplerBase: Existing CookieManager Gestor de Cookies HTTP (Sesión JSESSIONID) superseded by Gestor de Cookies HTTP (Sesión JSESSIONID)
2026-09-17 17:37:15,477 WARN o.a.j.p.h.s.HTTPSamplerBase: Existing CookieManager Gestor de Cookies HTTP (Sesión JSESSIONID) superseded by Gestor de Cookies HTTP (Sesión JSESSIONID)
2026-09-17 17:37:15,477 WARN o.a.j.p.h.s.HTTPSamplerBase: Existing CookieManager Gestor de Cookies HTTP (Sesión JSESSIONID) superseded by Gestor de Cookies HTTP (Sesión JSESSIONID)
2026-09-17 17:37:15,495 WARN o.a.j.p.h.s.HTTPSamplerBase: Existing CookieManager Gestor de Cookies HTTP (Sesión JSESSIONID) superseded by Gestor de Cookies HTTP (Sesión JSESSIONID)
2026-09-17 17:37:15,506 WARN o.a.j.p.h.s.HTTPSamplerBase: Existing CookieManager Gestor de Cookies HTTP (Sesión JSESSIONID) superseded by Gestor de Cookies HTTP (Sesión JSESSIONID)
2026-09-17 17:37:15,508 WARN o.a.j.p.h.s.HTTPSamplerBase: Existing CookieManager Gestor de Cookies HTTP (Sesión JSESSIONID) superseded by Gestor de Cookies HTTP (Sesión JSESSIONID)
2026-09-17 17:37:15,598 WARN o.a.j.p.h.s.HTTPSamplerBase: Existing CookieManager Gestor de Cookies HTTP (Sesión JSESSIONID) superseded by Gestor de Cookies HTTP (Sesión JSESSIONID)
2026-09-17 17:37:15,621 WARN o.a.j.p.h.s.HTTPSamplerBase: Existing CookieManager Gestor de Cookies HTTP (Sesión JSESSIONID) superseded by Gestor de Cookies HTTP (Sesión JSESSIONID)
2026-09-17 17:37:15,628 WARN o.a.j.p.h.s.HTTPSamplerBase: Existing CookieManager Gestor de Cookies HTTP (Sesión JSESSIONID) superseded by Gestor de Cookies HTTP (Sesión JSESSIONID)
2026-09-17 17:37:15,648 WARN o.a.j.p.h.s.HTTPSamplerBase: Existing CookieManager Gestor de Cookies HTTP (Sesión JSESSIONID) superseded by Gestor de Cookies HTTP (Sesión JSESSIONID)
2026-09-17 17:37:15,649 WARN o.a.j.p.h.s.HTTPSamplerBase: Existing CookieManager Gestor de Cookies HTTP (Sesión JSESSIONID) superseded by Gestor de Cookies HTTP (Sesión JSESSIONID)
2026-09-17 17:37:15,649 WARN o.a.j.p.h.s.HTTPSamplerBase: Existing CookieManager Gestor de Cookies HTTP (Sesión JSESSIONID) superseded by Gestor de Cookies HTTP (Sesión JSESSIONID)
2026-09-17 17:37:15,651 WARN o.a.j.p.h.s.HTTPSamplerBase: Existing CookieManager Gestor de Cookies HTTP (Sesión JSESSIONID) superseded by Gestor de Cookies HTTP (Sesión JSESSIONID)
2026-09-17 17:37:15,712 WARN o.a.j.p.h.s.HTTPSamplerBase: Existing CookieManager Gestor de Cookies HTTP (Sesión JSESSIONID) superseded by Gestor de Cookies HTTP (Sesión JSESSIONID)
2026-09-17 17:37:15,792 WARN o.a.j.p.h.s.HTTPSamplerBase: Existing CookieManager Gestor de Cookies HTTP (Sesión JSESSIONID) superseded by Gestor de Cookies HTTP (Sesión JSESSIONID)
2026-09-17 17:37:15,985 WARN o.a.j.p.h.s.HTTPSamplerBase: Existing CookieManager Gestor de Cookies HTTP (Sesión JSESSIONID) superseded by Gestor de Cookies HTTP (Sesión JSESSIONID)
2026-09-17 17:37:16,497 WARN o.a.j.p.h.s.HTTPSamplerBase: Existing CookieManager Gestor de Cookies HTTP (Sesión JSESSIONID) superseded by Gestor de Cookies HTTP (Sesión JSESSIONID)
2026-09-17 17:37:16,502 WARN o.a.j.p.h.s.HTTPSamplerBase: Existing CookieManager Gestor de Cookies HTTP (Sesión JSESSIONID) superseded by Gestor de Cookies HTTP (Sesión JSESSIONID)
2026-09-17 17:37:16,567 WARN o.a.j.p.h.s.HTTPSamplerBase: Existing CookieManager Gestor de Cookies HTTP (Sesión JSESSIONID) superseded by Gestor de Cookies HTTP (Sesión JSESSIONID)
2026-09-17 17:37:16,720 WARN o.a.j.p.h.s.HTTPSamplerBase: Existing CookieManager Gestor de Cookies HTTP (Sesión JSESSIONID) superseded by Gestor de Cookies HTTP (Sesión JSESSIONID)
2026-09-17 17:37:16,720 WARN o.a.j.p.h.s.HTTPSamplerBase: Existing CookieManager Gestor de Cookies HTTP (Sesión JSESSIONID) superseded by Gestor de Cookies HTTP (Sesión JSESSIONID)
2026-09-17 17:37:16,727 WARN o.a.j.p.h.s.HTTPSamplerBase: Existing CookieManager Gestor de Cookies HTTP (Sesión JSESSIONID) superseded by Gestor de Cookies HTTP (Sesión JSESSIONID)
2026-09-17 17:37:16,820 WARN o.a.j.p.h.s.HTTPSamplerBase: Existing CookieManager Gestor de Cookies HTTP (Sesión JSESSIONID) superseded by Gestor de Cookies HTTP (Sesión JSESSIONID)
2026-09-17 17:37:16,827 WARN o.a.j.p.h.s.HTTPSamplerBase: Existing CookieManager Gestor de Cookies HTTP (Sesión JSESSIONID) superseded by Gestor de Cookies HTTP (Sesión JSESSIONID)
2026-09-17 17:37:16,829 WARN o.a.j.p.h.s.HTTPSamplerBase: Existing CookieManager Gestor de Cookies HTTP (Sesión JSESSIONID) superseded by Gestor de Cookies HTTP (Sesión JSESSIONID)
2026-09-17 17:37:16,980 WARN o.a.j.p.h.s.HTTPSamplerBase: Existing CookieManager Gestor de Cookies HTTP (Sesión JSESSIONID) superseded by Gestor de Cookies HTTP (Sesión JSESSIONID)
2026-09-17 17:37:17,087 WARN o.a.j.p.h.s.HTTPSamplerBase: Existing CookieManager Gestor de Cookies HTTP (Sesión JSESSIONID) superseded by Gestor de Cookies HTTP (Sesión JSESSIONID)
2026-09-17 17:37:17,103 WARN o.a.j.p.h.s.HTTPSamplerBase: Existing CookieManager Gestor de Cookies HTTP (Sesión JSESSIONID) superseded by Gestor de Cookies HTTP (Sesión JSESSIONID)
2026-09-17 17:37:17,107 WARN o.a.j.p.h.s.HTTPSamplerBase: Existing CookieManager Gestor de Cookies HTTP (Sesión JSESSIONID) superseded by Gestor de Cookies HTTP (Sesión JSESSIONID)
2026-09-17 17:37:17,132 WARN o.a.j.p.h.s.HTTPSamplerBase: Existing CookieManager Gestor de Cookies HTTP (Sesión JSESSIONID) superseded by Gestor de Cookies HTTP (Sesión JSESSIONID)
2026-09-17 17:37:17,184 WARN o.a.j.p.h.s.HTTPSamplerBase: Existing CookieManager Gestor de Cookies HTTP (Sesión JSESSIONID) superseded by Gestor de Cookies HTTP (Sesión JSESSIONID)
2026-09-17 17:37:17,192 WARN o.a.j.p.h.s.HTTPSamplerBase: Existing CookieManager Gestor de Cookies HTTP (Sesión JSESSIONID) superseded by Gestor de Cookies HTTP (Sesión JSESSIONID)
2026-09-17 17:37:17,192 WARN o.a.j.p.h.s.HTTPSamplerBase: Existing CookieManager Gestor de Cookies HTTP (Sesión JSESSIONID) superseded by Gestor de Cookies HTTP (Sesión JSESSIONID)
2026-09-17 17:37:17,192 WARN o.a.j.p.h.s.HTTPSamplerBase: Existing CookieManager Gestor de Cookies HTTP (Sesión JSESSIONID) superseded by Gestor de Cookies HTTP (Sesión JSESSIONID)
2026-09-17 17:37:17,195 WARN o.a.j.p.h.s.HTTPSamplerBase: Existing CookieManager Gestor de Cookies HTTP (Sesión JSESSIONID) superseded by Gestor de Cookies HTTP (Sesión JSESSIONID)
2026-09-17 17:37:17,195 WARN o.a.j.p.h.s.HTTPSamplerBase: Existing CookieManager Gestor de Cookies HTTP (Sesión JSESSIONID) superseded by Gestor de Cookies HTTP (Sesión JSESSIONID)
2026-09-17 17:37:17,215 WARN o.a.j.p.h.s.HTTPSamplerBase: Existing CookieManager Gestor de Cookies HTTP (Sesión JSESSIONID) superseded by Gestor de Cookies HTTP (Sesión JSESSIONID)
2026-09-17 17:37:17,215 WARN o.a.j.p.h.s.HTTPSamplerBase: Existing CookieManager Gestor de Cookies HTTP (Sesión JSESSIONID) superseded by Gestor de Cookies HTTP (Sesión JSESSIONID)
2026-09-17 17:37:17,215 WARN o.a.j.p.h.s.HTTPSamplerBase: Existing CookieManager Gestor de Cookies HTTP (Sesión JSESSIONID) superseded by Gestor de Cookies HTTP (Sesión JSESSIONID)
2026-09-17 17:37:17,215 WARN o.a.j.p.h.s.HTTPSamplerBase: Existing CookieManager Gestor de Cookies HTTP (Sesión JSESSIONID) superseded by Gestor de Cookies HTTP (Sesión JSESSIONID)
2026-09-17 17:37:17,227 WARN o.a.j.p.h.s.HTTPSamplerBase: Existing CookieManager Gestor de Cookies HTTP (Sesión JSESSIONID) superseded by Gestor de Cookies HTTP (Sesión JSESSIONID)
2026-09-17 17:37:17,229 WARN o.a.j.p.h.s.HTTPSamplerBase: Existing CookieManager Gestor de Cookies HTTP (Sesión JSESSIONID) superseded by Gestor de Cookies HTTP (Sesión JSESSIONID)
2026-09-17 17:37:17,336 WARN o.a.j.p.h.s.HTTPSamplerBase: Existing CookieManager Gestor de Cookies HTTP (Sesión JSESSIONID) superseded by Gestor de Cookies HTTP (Sesión JSESSIONID)
2026-09-17 17:37:17,475 WARN o.a.j.p.h.s.HTTPSamplerBase: Existing CookieManager Gestor de Cookies HTTP (Sesión JSESSIONID) superseded by Gestor de Cookies HTTP (Sesión JSESSIONID)
2026-09-17 17:37:17,476 WARN o.a.j.p.h.s.HTTPSamplerBase: Existing CookieManager Gestor de Cookies HTTP (Sesión JSESSIONID) superseded by Gestor de Cookies HTTP (Sesión JSESSIONID)
2026-09-17 17:37:17,476 WARN o.a.j.p.h.s.HTTPSamplerBase: Existing CookieManager Gestor de Cookies HTTP (Sesión JSESSIONID) superseded by Gestor de Cookies HTTP (Sesión JSESSIONID)
2026-09-17 17:37:17,476 WARN o.a.j.p.h.s.HTTPSamplerBase: Existing CookieManager Gestor de Cookies HTTP (Sesión JSESSIONID) superseded by Gestor de Cookies HTTP (Sesión JSESSIONID)
2026-09-17 17:37:17,476 WARN o.a.j.p.h.s.HTTPSamplerBase: Existing CookieManager Gestor de Cookies HTTP (Sesión JSESSIONID) superseded by Gestor de Cookies HTTP (Sesión JSESSIONID)
2026-09-17 17:37:17,792 WARN o.a.j.p.h.s.HTTPSamplerBase: Existing CookieManager Gestor de Cookies HTTP (Sesión JSESSIONID) superseded by Gestor de Cookies HTTP (Sesión JSESSIONID)
2026-09-17 17:37:17,792 WARN o.a.j.p.h.s.HTTPSamplerBase: Existing CookieManager Gestor de Cookies HTTP (Sesión JSESSIONID) superseded by Gestor de Cookies HTTP (Sesión JSESSIONID)
2026-09-17 17:37:17,792 WARN o.a.j.p.h.s.HTTPSamplerBase: Existing CookieManager Gestor de Cookies HTTP (Sesión JSESSIONID) superseded by Gestor de Cookies HTTP (Sesión JSESSIONID)
2026-09-17 17:37:17,797 WARN o.a.j.p.h.s.HTTPSamplerBase: Existing CookieManager Gestor de Cookies HTTP (Sesión JSESSIONID) superseded by Gestor de Cookies HTTP (Sesión JSESSIONID)
2026-09-17 17:37:17,996 WARN o.a.j.p.h.s.HTTPSamplerBase: Existing CookieManager Gestor de Cookies HTTP (Sesión JSESSIONID) superseded by Gestor de Cookies HTTP (Sesión JSESSIONID)
2026-09-17 17:37:17,999 WARN o.a.j.p.h.s.HTTPSamplerBase: Existing CookieManager Gestor de Cookies HTTP (Sesión JSESSIONID) superseded by Gestor de Cookies HTTP (Sesión JSESSIONID)
2026-09-17 17:37:18,044 WARN o.a.j.p.h.s.HTTPSamplerBase: Existing CookieManager Gestor de Cookies HTTP (Sesión JSESSIONID) superseded by Gestor de Cookies HTTP (Sesión JSESSIONID)
2026-09-17 17:37:18,048 WARN o.a.j.p.h.s.HTTPSamplerBase: Existing CookieManager Gestor de Cookies HTTP (Sesión JSESSIONID) superseded by Gestor de Cookies HTTP (Sesión JSESSIONID)
2026-09-17 17:37:18,049 WARN o.a.j.p.h.s.HTTPSamplerBase: Existing CookieManager Gestor de Cookies HTTP (Sesión JSESSIONID) superseded by Gestor de Cookies HTTP (Sesión JSESSIONID)
2026-09-17 17:37:18,128 WARN o.a.j.p.h.s.HTTPSamplerBase: Existing CookieManager Gestor de Cookies HTTP (Sesión JSESSIONID) superseded by Gestor de Cookies HTTP (Sesión JSESSIONID)
2026-09-17 17:37:18,181 WARN o.a.j.p.h.s.HTTPSamplerBase: Existing CookieManager Gestor de Cookies HTTP (Sesión JSESSIONID) superseded by Gestor de Cookies HTTP (Sesión JSESSIONID)
2026-09-17 17:37:18,216 WARN o.a.j.p.h.s.HTTPSamplerBase: Existing CookieManager Gestor de Cookies HTTP (Sesión JSESSIONID) superseded by Gestor de Cookies HTTP (Sesión JSESSIONID)
2026-09-17 17:37:18,225 WARN o.a.j.p.h.s.HTTPSamplerBase: Existing CookieManager Gestor de Cookies HTTP (Sesión JSESSIONID) superseded by Gestor de Cookies HTTP (Sesión JSESSIONID)
2026-09-17 17:37:18,225 WARN o.a.j.p.h.s.HTTPSamplerBase: Existing CookieManager Gestor de Cookies HTTP (Sesión JSESSIONID) superseded by Gestor de Cookies HTTP (Sesión JSESSIONID)
2026-09-17 17:37:18,273 WARN o.a.j.p.h.s.HTTPSamplerBase: Existing CookieManager Gestor de Cookies HTTP (Sesión JSESSIONID) superseded by Gestor de Cookies HTTP (Sesión JSESSIONID)
2026-09-17 17:37:18,344 WARN o.a.j.p.h.s.HTTPSamplerBase: Existing CookieManager Gestor de Cookies HTTP (Sesión JSESSIONID) superseded by Gestor de Cookies HTTP (Sesión JSESSIONID)
2026-09-17 17:37:18,361 WARN o.a.j.p.h.s.HTTPSamplerBase: Existing CookieManager Gestor de Cookies HTTP (Sesión JSESSIONID) superseded by Gestor de Cookies HTTP (Sesión JSESSIONID)
2026-09-17 17:37:18,370 WARN o.a.j.p.h.s.HTTPSamplerBase: Existing CookieManager Gestor de Cookies HTTP (Sesión JSESSIONID) superseded by Gestor de Cookies HTTP (Sesión JSESSIONID)
2026-09-17 17:37:18,491 WARN o.a.j.p.h.s.HTTPSamplerBase: Existing CookieManager Gestor de Cookies HTTP (Sesión JSESSIONID) superseded by Gestor de Cookies HTTP (Sesión JSESSIONID)
2026-09-17 17:37:18,491 WARN o.a.j.p.h.s.HTTPSamplerBase: Existing CookieManager Gestor de Cookies HTTP (Sesión JSESSIONID) superseded by Gestor de Cookies HTTP (Sesión JSESSIONID)
2026-09-17 17:37:18,491 WARN o.a.j.p.h.s.HTTPSamplerBase: Existing CookieManager Gestor de Cookies HTTP (Sesión JSESSIONID) superseded by Gestor de Cookies HTTP (Sesión JSESSIONID)
2026-09-17 17:37:18,491 WARN o.a.j.p.h.s.HTTPSamplerBase: Existing CookieManager Gestor de Cookies HTTP (Sesión JSESSIONID) superseded by Gestor de Cookies HTTP (Sesión JSESSIONID)
2026-09-17 17:37:18,491 WARN o.a.j.p.h.s.HTTPSamplerBase: Existing CookieManager Gestor de Cookies HTTP (Sesión JSESSIONID) superseded by Gestor de Cookies HTTP (Sesión JSESSIONID)
2026-09-17 17:37:18,491 WARN o.a.j.p.h.s.HTTPSamplerBase: Existing CookieManager Gestor de Cookies HTTP (Sesión JSESSIONID) superseded by Gestor de Cookies HTTP (Sesión JSESSIONID)
2026-09-17 17:37:18,491 WARN o.a.j.p.h.s.HTTPSamplerBase: Existing CookieManager Gestor de Cookies HTTP (Sesión JSESSIONID) superseded by Gestor de Cookies HTTP (Sesión JSESSIONID)
2026-09-17 17:37:18,538 WARN o.a.j.p.h.s.HTTPSamplerBase: Existing CookieManager Gestor de Cookies HTTP (Sesión JSESSIONID) superseded by Gestor de Cookies HTTP (Sesión JSESSIONID)
2026-09-17 17:37:18,540 WARN o.a.j.p.h.s.HTTPSamplerBase: Existing CookieManager Gestor de Cookies HTTP (Sesión JSESSIONID) superseded by Gestor de Cookies HTTP (Sesión JSESSIONID)
2026-09-17 17:37:18,540 WARN o.a.j.p.h.s.HTTPSamplerBase: Existing CookieManager Gestor de Cookies HTTP (Sesión JSESSIONID) superseded by Gestor de Cookies HTTP (Sesión JSESSIONID)
2026-09-17 17:37:18,540 WARN o.a.j.p.h.s.HTTPSamplerBase: Existing CookieManager Gestor de Cookies HTTP (Sesión JSESSIONID) superseded by Gestor de Cookies HTTP (Sesión JSESSIONID)
2026-09-17 17:37:18,602 WARN o.a.j.p.h.s.HTTPSamplerBase: Existing CookieManager Gestor de Cookies HTTP (Sesión JSESSIONID) superseded by Gestor de Cookies HTTP (Sesión JSESSIONID)
2026-09-17 17:37:18,635 WARN o.a.j.p.h.s.HTTPSamplerBase: Existing CookieManager Gestor de Cookies HTTP (Sesión JSESSIONID) superseded by Gestor de Cookies HTTP (Sesión JSESSIONID)
2026-09-17 17:37:18,635 WARN o.a.j.p.h.s.HTTPSamplerBase: Existing CookieManager Gestor de Cookies HTTP (Sesión JSESSIONID) superseded by Gestor de Cookies HTTP (Sesión JSESSIONID)
2026-09-17 17:37:18,636 WARN o.a.j.p.h.s.HTTPSamplerBase: Existing CookieManager Gestor de Cookies HTTP (Sesión JSESSIONID) superseded by Gestor de Cookies HTTP (Sesión JSESSIONID)
2026-09-17 17:37:18,783 WARN o.a.j.p.h.s.HTTPSamplerBase: Existing CookieManager Gestor de Cookies HTTP (Sesión JSESSIONID) superseded by Gestor de Cookies HTTP (Sesión JSESSIONID)
2026-09-17 17:37:18,791 WARN o.a.j.p.h.s.HTTPSamplerBase: Existing CookieManager Gestor de Cookies HTTP (Sesión JSESSIONID) superseded by Gestor de Cookies HTTP (Sesión JSESSIONID)
2026-09-17 17:37:18,808 WARN o.a.j.p.h.s.HTTPSamplerBase: Existing CookieManager Gestor de Cookies HTTP (Sesión JSESSIONID) superseded by Gestor de Cookies HTTP (Sesión JSESSIONID)
2026-09-17 17:37:19,299 WARN o.a.j.p.h.s.HTTPSamplerBase: Existing CookieManager Gestor de Cookies HTTP (Sesión JSESSIONID) superseded by Gestor de Cookies HTTP (Sesión JSESSIONID)
2026-09-17 17:37:19,517 WARN o.a.j.p.h.s.HTTPSamplerBase: Existing CookieManager Gestor de Cookies HTTP (Sesión JSESSIONID) superseded by Gestor de Cookies HTTP (Sesión JSESSIONID)
2026-09-17 17:37:19,518 WARN o.a.j.p.h.s.HTTPSamplerBase: Existing CookieManager Gestor de Cookies HTTP (Sesión JSESSIONID) superseded by Gestor de Cookies HTTP (Sesión JSESSIONID)
2026-09-17 17:37:19,563 WARN o.a.j.p.h.s.HTTPSamplerBase: Existing CookieManager Gestor de Cookies HTTP (Sesión JSESSIONID) superseded by Gestor de Cookies HTTP (Sesión JSESSIONID)
2026-09-17 17:37:19,636 WARN o.a.j.p.h.s.HTTPSamplerBase: Existing CookieManager Gestor de Cookies HTTP (Sesión JSESSIONID) superseded by Gestor de Cookies HTTP (Sesión JSESSIONID)
2026-09-17 17:37:19,645 WARN o.a.j.p.h.s.HTTPSamplerBase: Existing CookieManager Gestor de Cookies HTTP (Sesión JSESSIONID) superseded by Gestor de Cookies HTTP (Sesión JSESSIONID)
2026-09-17 17:37:19,660 WARN o.a.j.p.h.s.HTTPSamplerBase: Existing CookieManager Gestor de Cookies HTTP (Sesión JSESSIONID) superseded by Gestor de Cookies HTTP (Sesión JSESSIONID)
2026-09-17 17:37:19,732 WARN o.a.j.p.h.s.HTTPSamplerBase: Existing CookieManager Gestor de Cookies HTTP (Sesión JSESSIONID) superseded by Gestor de Cookies HTTP (Sesión JSESSIONID)
2026-09-17 17:37:19,751 WARN o.a.j.p.h.s.HTTPSamplerBase: Existing CookieManager Gestor de Cookies HTTP (Sesión JSESSIONID) superseded by Gestor de Cookies HTTP (Sesión JSESSIONID)
2026-09-17 17:37:19,754 WARN o.a.j.p.h.s.HTTPSamplerBase: Existing CookieManager Gestor de Cookies HTTP (Sesión JSESSIONID) superseded by Gestor de Cookies HTTP (Sesión JSESSIONID)
2026-09-17 17:37:19,768 WARN o.a.j.p.h.s.HTTPSamplerBase: Existing CookieManager Gestor de Cookies HTTP (Sesión JSESSIONID) superseded by Gestor de Cookies HTTP (Sesión JSESSIONID)
2026-09-17 17:37:19,768 WARN o.a.j.p.h.s.HTTPSamplerBase: Existing CookieManager Gestor de Cookies HTTP (Sesión JSESSIONID) superseded by Gestor de Cookies HTTP (Sesión JSESSIONID)
2026-09-17 17:37:19,844 WARN o.a.j.p.h.s.HTTPSamplerBase: Existing CookieManager Gestor de Cookies HTTP (Sesión JSESSIONID) superseded by Gestor de Cookies HTTP (Sesión JSESSIONID)
2026-09-17 17:37:19,990 WARN o.a.j.p.h.s.HTTPSamplerBase: Existing CookieManager Gestor de Cookies HTTP (Sesión JSESSIONID) superseded by Gestor de Cookies HTTP (Sesión JSESSIONID)
2026-09-17 17:37:19,990 WARN o.a.j.p.h.s.HTTPSamplerBase: Existing CookieManager Gestor de Cookies HTTP (Sesión JSESSIONID) superseded by Gestor de Cookies HTTP (Sesión JSESSIONID)
2026-09-17 17:37:19,990 WARN o.a.j.p.h.s.HTTPSamplerBase: Existing CookieManager Gestor de Cookies HTTP (Sesión JSESSIONID) superseded by Gestor de Cookies HTTP (Sesión JSESSIONID)
2026-09-17 17:37:19,990 WARN o.a.j.p.h.s.HTTPSamplerBase: Existing CookieManager Gestor de Cookies HTTP (Sesión JSESSIONID) superseded by Gestor de Cookies HTTP (Sesión JSESSIONID)
2026-09-17 17:37:20,059 WARN o.a.j.p.h.s.HTTPSamplerBase: Existing CookieManager Gestor de Cookies HTTP (Sesión JSESSIONID) superseded by Gestor de Cookies HTTP (Sesión JSESSIONID)
2026-09-17 17:37:20,059 WARN o.a.j.p.h.s.HTTPSamplerBase: Existing CookieManager Gestor de Cookies HTTP (Sesión JSESSIONID) superseded by Gestor de Cookies HTTP (Sesión JSESSIONID)
2026-09-17 17:37:20,118 WARN o.a.j.p.h.s.HTTPSamplerBase: Existing CookieManager Gestor de Cookies HTTP (Sesión JSESSIONID) superseded by Gestor de Cookies HTTP (Sesión JSESSIONID)
2026-09-17 17:37:20,120 WARN o.a.j.p.h.s.HTTPSamplerBase: Existing CookieManager Gestor de Cookies HTTP (Sesión JSESSIONID) superseded by Gestor de Cookies HTTP (Sesión JSESSIONID)
2026-09-17 17:37:20,121 WARN o.a.j.p.h.s.HTTPSamplerBase: Existing CookieManager Gestor de Cookies HTTP (Sesión JSESSIONID) superseded by Gestor de Cookies HTTP (Sesión JSESSIONID)
2026-09-17 17:37:20,121 WARN o.a.j.p.h.s.HTTPSamplerBase: Existing CookieManager Gestor de Cookies HTTP (Sesión JSESSIONID) superseded by Gestor de Cookies HTTP (Sesión JSESSIONID)
2026-09-17 17:37:20,219 WARN o.a.j.p.h.s.HTTPSamplerBase: Existing CookieManager Gestor de Cookies HTTP (Sesión JSESSIONID) superseded by Gestor de Cookies HTTP (Sesión JSESSIONID)
2026-09-17 17:37:20,272 WARN o.a.j.p.h.s.HTTPSamplerBase: Existing CookieManager Gestor de Cookies HTTP (Sesión JSESSIONID) superseded by Gestor de Cookies HTTP (Sesión JSESSIONID)
2026-09-17 17:37:20,280 WARN o.a.j.p.h.s.HTTPSamplerBase: Existing CookieManager Gestor de Cookies HTTP (Sesión JSESSIONID) superseded by Gestor de Cookies HTTP (Sesión JSESSIONID)
2026-09-17 17:37:20,280 WARN o.a.j.p.h.s.HTTPSamplerBase: Existing CookieManager Gestor de Cookies HTTP (Sesión JSESSIONID) superseded by Gestor de Cookies HTTP (Sesión JSESSIONID)
2026-09-17 17:37:20,347 WARN o.a.j.p.h.s.HTTPSamplerBase: Existing CookieManager Gestor de Cookies HTTP (Sesión JSESSIONID) superseded by Gestor de Cookies HTTP (Sesión JSESSIONID)
2026-09-17 17:37:20,348 WARN o.a.j.p.h.s.HTTPSamplerBase: Existing CookieManager Gestor de Cookies HTTP (Sesión JSESSIONID) superseded by Gestor de Cookies HTTP (Sesión JSESSIONID)
2026-09-17 17:37:20,498 WARN o.a.j.p.h.s.HTTPSamplerBase: Existing CookieManager Gestor de Cookies HTTP (Sesión JSESSIONID) superseded by Gestor de Cookies HTTP (Sesión JSESSIONID)
2026-09-17 17:37:20,498 WARN o.a.j.p.h.s.HTTPSamplerBase: Existing CookieManager Gestor de Cookies HTTP (Sesión JSESSIONID) superseded by Gestor de Cookies HTTP (Sesión JSESSIONID)
2026-09-17 17:37:20,548 WARN o.a.j.p.h.s.HTTPSamplerBase: Existing CookieManager Gestor de Cookies HTTP (Sesión JSESSIONID) superseded by Gestor de Cookies HTTP (Sesión JSESSIONID)
2026-09-17 17:37:20,549 WARN o.a.j.p.h.s.HTTPSamplerBase: Existing CookieManager Gestor de Cookies HTTP (Sesión JSESSIONID) superseded by Gestor de Cookies HTTP (Sesión JSESSIONID)
2026-09-17 17:37:20,755 WARN o.a.j.p.h.s.HTTPSamplerBase: Existing CookieManager Gestor de Cookies HTTP (Sesión JSESSIONID) superseded by Gestor de Cookies HTTP (Sesión JSESSIONID)
2026-09-17 17:37:20,984 WARN o.a.j.p.h.s.HTTPSamplerBase: Existing CookieManager Gestor de Cookies HTTP (Sesión JSESSIONID) superseded by Gestor de Cookies HTTP (Sesión JSESSIONID)
2026-09-17 17:37:20,984 WARN o.a.j.p.h.s.HTTPSamplerBase: Existing CookieManager Gestor de Cookies HTTP (Sesión JSESSIONID) superseded by Gestor de Cookies HTTP (Sesión JSESSIONID)
2026-09-17 17:37:20,984 WARN o.a.j.p.h.s.HTTPSamplerBase: Existing CookieManager Gestor de Cookies HTTP (Sesión JSESSIONID) superseded by Gestor de Cookies HTTP (Sesión JSESSIONID)
2026-09-17 17:37:20,984 WARN o.a.j.p.h.s.HTTPSamplerBase: Existing CookieManager Gestor de Cookies HTTP (Sesión JSESSIONID) superseded by Gestor de Cookies HTTP (Sesión JSESSIONID)
2026-09-17 17:37:20,984 WARN o.a.j.p.h.s.HTTPSamplerBase: Existing CookieManager Gestor de Cookies HTTP (Sesión JSESSIONID) superseded by Gestor de Cookies HTTP (Sesión JSESSIONID)
2026-09-17 17:37:20,985 WARN o.a.j.p.h.s.HTTPSamplerBase: Existing CookieManager Gestor de Cookies HTTP (Sesión JSESSIONID) superseded by Gestor de Cookies HTTP (Sesión JSESSIONID)
2026-09-17 17:37:20,985 WARN o.a.j.p.h.s.HTTPSamplerBase: Existing CookieManager Gestor de Cookies HTTP (Sesión JSESSIONID) superseded by Gestor de Cookies HTTP (Sesión JSESSIONID)
2026-09-17 17:37:20,985 WARN o.a.j.p.h.s.HTTPSamplerBase: Existing CookieManager Gestor de Cookies HTTP (Sesión JSESSIONID) superseded by Gestor de Cookies HTTP (Sesión JSESSIONID)
2026-09-17 17:37:20,985 WARN o.a.j.p.h.s.HTTPSamplerBase: Existing CookieManager Gestor de Cookies HTTP (Sesión JSESSIONID) superseded by Gestor de Cookies HTTP (Sesión JSESSIONID)
2026-09-17 17:37:20,985 WARN o.a.j.p.h.s.HTTPSamplerBase: Existing CookieManager Gestor de Cookies HTTP (Sesión JSESSIONID) superseded by Gestor de Cookies HTTP (Sesión JSESSIONID)
2026-09-17 17:37:21,097 WARN o.a.j.p.h.s.HTTPSamplerBase: Existing CookieManager Gestor de Cookies HTTP (Sesión JSESSIONID) superseded by Gestor de Cookies HTTP (Sesión JSESSIONID)
2026-09-17 17:37:21,155 WARN o.a.j.p.h.s.HTTPSamplerBase: Existing CookieManager Gestor de Cookies HTTP (Sesión JSESSIONID) superseded by Gestor de Cookies HTTP (Sesión JSESSIONID)
2026-09-17 17:37:21,181 WARN o.a.j.p.h.s.HTTPSamplerBase: Existing CookieManager Gestor de Cookies HTTP (Sesión JSESSIONID) superseded by Gestor de Cookies HTTP (Sesión JSESSIONID)
2026-09-17 17:37:21,186 WARN o.a.j.p.h.s.HTTPSamplerBase: Existing CookieManager Gestor de Cookies HTTP (Sesión JSESSIONID) superseded by Gestor de Cookies HTTP (Sesión JSESSIONID)
2026-09-17 17:37:21,188 WARN o.a.j.p.h.s.HTTPSamplerBase: Existing CookieManager Gestor de Cookies HTTP (Sesión JSESSIONID) superseded by Gestor de Cookies HTTP (Sesión JSESSIONID)
2026-09-17 17:37:21,221 WARN o.a.j.p.h.s.HTTPSamplerBase: Existing CookieManager Gestor de Cookies HTTP (Sesión JSESSIONID) superseded by Gestor de Cookies HTTP (Sesión JSESSIONID)
2026-09-17 17:37:21,222 WARN o.a.j.p.h.s.HTTPSamplerBase: Existing CookieManager Gestor de Cookies HTTP (Sesión JSESSIONID) superseded by Gestor de Cookies HTTP (Sesión JSESSIONID)
2026-09-17 17:37:21,318 WARN o.a.j.p.h.s.HTTPSamplerBase: Existing CookieManager Gestor de Cookies HTTP (Sesión JSESSIONID) superseded by Gestor de Cookies HTTP (Sesión JSESSIONID)
2026-09-17 17:37:21,467 WARN o.a.j.p.h.s.HTTPSamplerBase: Existing CookieManager Gestor de Cookies HTTP (Sesión JSESSIONID) superseded by Gestor de Cookies HTTP (Sesión JSESSIONID)
2026-09-17 17:37:21,467 WARN o.a.j.p.h.s.HTTPSamplerBase: Existing CookieManager Gestor de Cookies HTTP (Sesión JSESSIONID) superseded by Gestor de Cookies HTTP (Sesión JSESSIONID)
2026-09-17 17:37:21,785 WARN o.a.j.p.h.s.HTTPSamplerBase: Existing CookieManager Gestor de Cookies HTTP (Sesión JSESSIONID) superseded by Gestor de Cookies HTTP (Sesión JSESSIONID)
2026-09-17 17:37:22,003 WARN o.a.j.p.h.s.HTTPSamplerBase: Existing CookieManager Gestor de Cookies HTTP (Sesión JSESSIONID) superseded by Gestor de Cookies HTTP (Sesión JSESSIONID)
2026-09-17 17:37:22,003 WARN o.a.j.p.h.s.HTTPSamplerBase: Existing CookieManager Gestor de Cookies HTTP (Sesión JSESSIONID) superseded by Gestor de Cookies HTTP (Sesión JSESSIONID)
2026-09-17 17:37:22,047 WARN o.a.j.p.h.s.HTTPSamplerBase: Existing CookieManager Gestor de Cookies HTTP (Sesión JSESSIONID) superseded by Gestor de Cookies HTTP (Sesión JSESSIONID)
2026-09-17 17:37:22,081 WARN o.a.j.p.h.s.HTTPSamplerBase: Existing CookieManager Gestor de Cookies HTTP (Sesión JSESSIONID) superseded by Gestor de Cookies HTTP (Sesión JSESSIONID)
2026-09-17 17:37:22,082 WARN o.a.j.p.h.s.HTTPSamplerBase: Existing CookieManager Gestor de Cookies HTTP (Sesión JSESSIONID) superseded by Gestor de Cookies HTTP (Sesión JSESSIONID)
2026-09-17 17:37:22,134 WARN o.a.j.p.h.s.HTTPSamplerBase: Existing CookieManager Gestor de Cookies HTTP (Sesión JSESSIONID) superseded by Gestor de Cookies HTTP (Sesión JSESSIONID)
2026-09-17 17:37:22,146 WARN o.a.j.p.h.s.HTTPSamplerBase: Existing CookieManager Gestor de Cookies HTTP (Sesión JSESSIONID) superseded by Gestor de Cookies HTTP (Sesión JSESSIONID)
2026-09-17 17:37:22,148 WARN o.a.j.p.h.s.HTTPSamplerBase: Existing CookieManager Gestor de Cookies HTTP (Sesión JSESSIONID) superseded by Gestor de Cookies HTTP (Sesión JSESSIONID)
2026-09-17 17:37:22,231 WARN o.a.j.p.h.s.HTTPSamplerBase: Existing CookieManager Gestor de Cookies HTTP (Sesión JSESSIONID) superseded by Gestor de Cookies HTTP (Sesión JSESSIONID)
2026-09-17 17:37:22,238 WARN o.a.j.p.h.s.HTTPSamplerBase: Existing CookieManager Gestor de Cookies HTTP (Sesión JSESSIONID) superseded by Gestor de Cookies HTTP (Sesión JSESSIONID)
2026-09-17 17:37:22,315 WARN o.a.j.p.h.s.HTTPSamplerBase: Existing CookieManager Gestor de Cookies HTTP (Sesión JSESSIONID) superseded by Gestor de Cookies HTTP (Sesión JSESSIONID)
2026-09-17 17:37:22,317 WARN o.a.j.p.h.s.HTTPSamplerBase: Existing CookieManager Gestor de Cookies HTTP (Sesión JSESSIONID) superseded by Gestor de Cookies HTTP (Sesión JSESSIONID)
2026-09-17 17:37:22,317 WARN o.a.j.p.h.s.HTTPSamplerBase: Existing CookieManager Gestor de Cookies HTTP (Sesión JSESSIONID) superseded by Gestor de Cookies HTTP (Sesión JSESSIONID)
2026-09-17 17:37:22,317 WARN o.a.j.p.h.s.HTTPSamplerBase: Existing CookieManager Gestor de Cookies HTTP (Sesión JSESSIONID) superseded by Gestor de Cookies HTTP (Sesión JSESSIONID)
2026-09-17 17:37:22,317 WARN o.a.j.p.h.s.HTTPSamplerBase: Existing CookieManager Gestor de Cookies HTTP (Sesión JSESSIONID) superseded by Gestor de Cookies HTTP (Sesión JSESSIONID)
2026-09-17 17:37:22,509 WARN o.a.j.p.h.s.HTTPSamplerBase: Existing CookieManager Gestor de Cookies HTTP (Sesión JSESSIONID) superseded by Gestor de Cookies HTTP (Sesión JSESSIONID)
2026-09-17 17:37:22,638 WARN o.a.j.p.h.s.HTTPSamplerBase: Existing CookieManager Gestor de Cookies HTTP (Sesión JSESSIONID) superseded by Gestor de Cookies HTTP (Sesión JSESSIONID)
2026-09-17 17:37:22,765 WARN o.a.j.p.h.s.HTTPSamplerBase: Existing CookieManager Gestor de Cookies HTTP (Sesión JSESSIONID) superseded by Gestor de Cookies HTTP (Sesión JSESSIONID)
2026-09-17 17:37:22,775 WARN o.a.j.p.h.s.HTTPSamplerBase: Existing CookieManager Gestor de Cookies HTTP (Sesión JSESSIONID) superseded by Gestor de Cookies HTTP (Sesión JSESSIONID)
2026-09-17 17:37:22,857 WARN o.a.j.p.h.s.HTTPSamplerBase: Existing CookieManager Gestor de Cookies HTTP (Sesión JSESSIONID) superseded by Gestor de Cookies HTTP (Sesión JSESSIONID)
2026-09-17 17:37:23,006 WARN o.a.j.p.h.s.HTTPSamplerBase: Existing CookieManager Gestor de Cookies HTTP (Sesión JSESSIONID) superseded by Gestor de Cookies HTTP (Sesión JSESSIONID)
2026-09-17 17:37:23,006 WARN o.a.j.p.h.s.HTTPSamplerBase: Existing CookieManager Gestor de Cookies HTTP (Sesión JSESSIONID) superseded by Gestor de Cookies HTTP (Sesión JSESSIONID)
2026-09-17 17:37:23,006 WARN o.a.j.p.h.s.HTTPSamplerBase: Existing CookieManager Gestor de Cookies HTTP (Sesión JSESSIONID) superseded by Gestor de Cookies HTTP (Sesión JSESSIONID)
2026-09-17 17:37:23,007 WARN o.a.j.p.h.s.HTTPSamplerBase: Existing CookieManager Gestor de Cookies HTTP (Sesión JSESSIONID) superseded by Gestor de Cookies HTTP (Sesión JSESSIONID)
2026-09-17 17:37:23,007 WARN o.a.j.p.h.s.HTTPSamplerBase: Existing CookieManager Gestor de Cookies HTTP (Sesión JSESSIONID) superseded by Gestor de Cookies HTTP (Sesión JSESSIONID)
2026-09-17 17:37:23,007 WARN o.a.j.p.h.s.HTTPSamplerBase: Existing CookieManager Gestor de Cookies HTTP (Sesión JSESSIONID) superseded by Gestor de Cookies HTTP (Sesión JSESSIONID)
2026-09-17 17:37:23,007 WARN o.a.j.p.h.s.HTTPSamplerBase: Existing CookieManager Gestor de Cookies HTTP (Sesión JSESSIONID) superseded by Gestor de Cookies HTTP (Sesión JSESSIONID)
2026-09-17 17:37:23,007 WARN o.a.j.p.h.s.HTTPSamplerBase: Existing CookieManager Gestor de Cookies HTTP (Sesión JSESSIONID) superseded by Gestor de Cookies HTTP (Sesión JSESSIONID)
2026-09-17 17:37:23,079 WARN o.a.j.p.h.s.HTTPSamplerBase: Existing CookieManager Gestor de Cookies HTTP (Sesión JSESSIONID) superseded by Gestor de Cookies HTTP (Sesión JSESSIONID)
2026-09-17 17:37:23,334 WARN o.a.j.p.h.s.HTTPSamplerBase: Existing CookieManager Gestor de Cookies HTTP (Sesión JSESSIONID) superseded by Gestor de Cookies HTTP (Sesión JSESSIONID)
2026-09-17 17:37:23,336 WARN o.a.j.p.h.s.HTTPSamplerBase: Existing CookieManager Gestor de Cookies HTTP (Sesión JSESSIONID) superseded by Gestor de Cookies HTTP (Sesión JSESSIONID)
2026-09-17 17:37:23,336 WARN o.a.j.p.h.s.HTTPSamplerBase: Existing CookieManager Gestor de Cookies HTTP (Sesión JSESSIONID) superseded by Gestor de Cookies HTTP (Sesión JSESSIONID)
2026-09-17 17:37:23,336 WARN o.a.j.p.h.s.HTTPSamplerBase: Existing CookieManager Gestor de Cookies HTTP (Sesión JSESSIONID) superseded by Gestor de Cookies HTTP (Sesión JSESSIONID)
2026-09-17 17:37:23,340 WARN o.a.j.p.h.s.HTTPSamplerBase: Existing CookieManager Gestor de Cookies HTTP (Sesión JSESSIONID) superseded by Gestor de Cookies HTTP (Sesión JSESSIONID)
2026-09-17 17:37:23,342 WARN o.a.j.p.h.s.HTTPSamplerBase: Existing CookieManager Gestor de Cookies HTTP (Sesión JSESSIONID) superseded by Gestor de Cookies HTTP (Sesión JSESSIONID)
2026-09-17 17:37:23,520 WARN o.a.j.p.h.s.HTTPSamplerBase: Existing CookieManager Gestor de Cookies HTTP (Sesión JSESSIONID) superseded by Gestor de Cookies HTTP (Sesión JSESSIONID)
2026-09-17 17:37:23,539 WARN o.a.j.p.h.s.HTTPSamplerBase: Existing CookieManager Gestor de Cookies HTTP (Sesión JSESSIONID) superseded by Gestor de Cookies HTTP (Sesión JSESSIONID)
2026-09-17 17:37:23,809 WARN o.a.j.p.h.s.HTTPSamplerBase: Existing CookieManager Gestor de Cookies HTTP (Sesión JSESSIONID) superseded by Gestor de Cookies HTTP (Sesión JSESSIONID)
2026-09-17 17:37:23,819 WARN o.a.j.p.h.s.HTTPSamplerBase: Existing CookieManager Gestor de Cookies HTTP (Sesión JSESSIONID) superseded by Gestor de Cookies HTTP (Sesión JSESSIONID)
2026-09-17 17:37:23,819 WARN o.a.j.p.h.s.HTTPSamplerBase: Existing CookieManager Gestor de Cookies HTTP (Sesión JSESSIONID) superseded by Gestor de Cookies HTTP (Sesión JSESSIONID)
2026-09-17 17:37:23,819 WARN o.a.j.p.h.s.HTTPSamplerBase: Existing CookieManager Gestor de Cookies HTTP (Sesión JSESSIONID) superseded by Gestor de Cookies HTTP (Sesión JSESSIONID)
2026-09-17 17:37:23,979 WARN o.a.j.p.h.s.HTTPSamplerBase: Existing CookieManager Gestor de Cookies HTTP (Sesión JSESSIONID) superseded by Gestor de Cookies HTTP (Sesión JSESSIONID)
2026-09-17 17:37:23,997 WARN o.a.j.p.h.s.HTTPSamplerBase: Existing CookieManager Gestor de Cookies HTTP (Sesión JSESSIONID) superseded by Gestor de Cookies HTTP (Sesión JSESSIONID)
2026-09-17 17:37:24,122 WARN o.a.j.p.h.s.HTTPSamplerBase: Existing CookieManager Gestor de Cookies HTTP (Sesión JSESSIONID) superseded by Gestor de Cookies HTTP (Sesión JSESSIONID)
2026-09-17 17:37:24,122 WARN o.a.j.p.h.s.HTTPSamplerBase: Existing CookieManager Gestor de Cookies HTTP (Sesión JSESSIONID) superseded by Gestor de Cookies HTTP (Sesión JSESSIONID)
2026-09-17 17:37:24,130 WARN o.a.j.p.h.s.HTTPSamplerBase: Existing CookieManager Gestor de Cookies HTTP (Sesión JSESSIONID) superseded by Gestor de Cookies HTTP (Sesión JSESSIONID)
2026-09-17 17:37:24,208 WARN o.a.j.p.h.s.HTTPSamplerBase: Existing CookieManager Gestor de Cookies HTTP (Sesión JSESSIONID) superseded by Gestor de Cookies HTTP (Sesión JSESSIONID)
2026-09-17 17:37:24,213 WARN o.a.j.p.h.s.HTTPSamplerBase: Existing CookieManager Gestor de Cookies HTTP (Sesión JSESSIONID) superseded by Gestor de Cookies HTTP (Sesión JSESSIONID)
2026-09-17 17:37:24,318 WARN o.a.j.p.h.s.HTTPSamplerBase: Existing CookieManager Gestor de Cookies HTTP (Sesión JSESSIONID) superseded by Gestor de Cookies HTTP (Sesión JSESSIONID)
2026-09-17 17:37:24,324 WARN o.a.j.p.h.s.HTTPSamplerBase: Existing CookieManager Gestor de Cookies HTTP (Sesión JSESSIONID) superseded by Gestor de Cookies HTTP (Sesión JSESSIONID)
2026-09-17 17:37:24,539 WARN o.a.j.p.h.s.HTTPSamplerBase: Existing CookieManager Gestor de Cookies HTTP (Sesión JSESSIONID) superseded by Gestor de Cookies HTTP (Sesión JSESSIONID)
2026-09-17 17:37:24,613 WARN o.a.j.p.h.s.HTTPSamplerBase: Existing CookieManager Gestor de Cookies HTTP (Sesión JSESSIONID) superseded by Gestor de Cookies HTTP (Sesión JSESSIONID)
2026-09-17 17:37:24,827 WARN o.a.j.p.h.s.HTTPSamplerBase: Existing CookieManager Gestor de Cookies HTTP (Sesión JSESSIONID) superseded by Gestor de Cookies HTTP (Sesión JSESSIONID)
2026-09-17 17:37:25,083 WARN o.a.j.p.h.s.HTTPSamplerBase: Existing CookieManager Gestor de Cookies HTTP (Sesión JSESSIONID) superseded by Gestor de Cookies HTTP (Sesión JSESSIONID)
2026-09-17 17:37:25,477 WARN o.a.j.p.h.s.HTTPSamplerBase: Existing CookieManager Gestor de Cookies HTTP (Sesión JSESSIONID) superseded by Gestor de Cookies HTTP (Sesión JSESSIONID)
2026-09-17 17:37:25,478 WARN o.a.j.p.h.s.HTTPSamplerBase: Existing CookieManager Gestor de Cookies HTTP (Sesión JSESSIONID) superseded by Gestor de Cookies HTTP (Sesión JSESSIONID)
2026-09-17 17:37:25,533 WARN o.a.j.p.h.s.HTTPSamplerBase: Existing CookieManager Gestor de Cookies HTTP (Sesión JSESSIONID) superseded by Gestor de Cookies HTTP (Sesión JSESSIONID)
2026-09-17 17:37:25,536 WARN o.a.j.p.h.s.HTTPSamplerBase: Existing CookieManager Gestor de Cookies HTTP (Sesión JSESSIONID) superseded by Gestor de Cookies HTTP (Sesión JSESSIONID)
2026-09-17 17:37:25,618 WARN o.a.j.p.h.s.HTTPSamplerBase: Existing CookieManager Gestor de Cookies HTTP (Sesión JSESSIONID) superseded by Gestor de Cookies HTTP (Sesión JSESSIONID)
2026-09-17 17:37:25,625 WARN o.a.j.p.h.s.HTTPSamplerBase: Existing CookieManager Gestor de Cookies HTTP (Sesión JSESSIONID) superseded by Gestor de Cookies HTTP (Sesión JSESSIONID)
2026-09-17 17:37:25,633 WARN o.a.j.p.h.s.HTTPSamplerBase: Existing CookieManager Gestor de Cookies HTTP (Sesión JSESSIONID) superseded by Gestor de Cookies HTTP (Sesión JSESSIONID)
2026-09-17 17:37:25,645 WARN o.a.j.p.h.s.HTTPSamplerBase: Existing CookieManager Gestor de Cookies HTTP (Sesión JSESSIONID) superseded by Gestor de Cookies HTTP (Sesión JSESSIONID)
2026-09-17 17:37:25,647 WARN o.a.j.p.h.s.HTTPSamplerBase: Existing CookieManager Gestor de Cookies HTTP (Sesión JSESSIONID) superseded by Gestor de Cookies HTTP (Sesión JSESSIONID)
2026-09-17 17:37:25,647 WARN o.a.j.p.h.s.HTTPSamplerBase: Existing CookieManager Gestor de Cookies HTTP (Sesión JSESSIONID) superseded by Gestor de Cookies HTTP (Sesión JSESSIONID)
2026-09-17 17:37:25,648 WARN o.a.j.p.h.s.HTTPSamplerBase: Existing CookieManager Gestor de Cookies HTTP (Sesión JSESSIONID) superseded by Gestor de Cookies HTTP (Sesión JSESSIONID)
2026-09-17 17:37:25,705 WARN o.a.j.p.h.s.HTTPSamplerBase: Existing CookieManager Gestor de Cookies HTTP (Sesión JSESSIONID) superseded by Gestor de Cookies HTTP (Sesión JSESSIONID)
2026-09-17 17:37:25,711 WARN o.a.j.p.h.s.HTTPSamplerBase: Existing CookieManager Gestor de Cookies HTTP (Sesión JSESSIONID) superseded by Gestor de Cookies HTTP (Sesión JSESSIONID)
2026-09-17 17:37:25,725 WARN o.a.j.p.h.s.HTTPSamplerBase: Existing CookieManager Gestor de Cookies HTTP (Sesión JSESSIONID) superseded by Gestor de Cookies HTTP (Sesión JSESSIONID)
2026-09-17 17:37:25,802 WARN o.a.j.p.h.s.HTTPSamplerBase: Existing CookieManager Gestor de Cookies HTTP (Sesión JSESSIONID) superseded by Gestor de Cookies HTTP (Sesión JSESSIONID)
2026-09-17 17:37:25,802 WARN o.a.j.p.h.s.HTTPSamplerBase: Existing CookieManager Gestor de Cookies HTTP (Sesión JSESSIONID) superseded by Gestor de Cookies HTTP (Sesión JSESSIONID)
2026-09-17 17:37:25,803 WARN o.a.j.p.h.s.HTTPSamplerBase: Existing CookieManager Gestor de Cookies HTTP (Sesión JSESSIONID) superseded by Gestor de Cookies HTTP (Sesión JSESSIONID)
2026-09-17 17:37:25,803 WARN o.a.j.p.h.s.HTTPSamplerBase: Existing CookieManager Gestor de Cookies HTTP (Sesión JSESSIONID) superseded by Gestor de Cookies HTTP (Sesión JSESSIONID)
2026-09-17 17:37:26,043 WARN o.a.j.p.h.s.HTTPSamplerBase: Existing CookieManager Gestor de Cookies HTTP (Sesión JSESSIONID) superseded by Gestor de Cookies HTTP (Sesión JSESSIONID)
2026-09-17 17:37:26,044 WARN o.a.j.p.h.s.HTTPSamplerBase: Existing CookieManager Gestor de Cookies HTTP (Sesión JSESSIONID) superseded by Gestor de Cookies HTTP (Sesión JSESSIONID)
2026-09-17 17:37:26,044 WARN o.a.j.p.h.s.HTTPSamplerBase: Existing CookieManager Gestor de Cookies HTTP (Sesión JSESSIONID) superseded by Gestor de Cookies HTTP (Sesión JSESSIONID)
2026-09-17 17:37:26,044 WARN o.a.j.p.h.s.HTTPSamplerBase: Existing CookieManager Gestor de Cookies HTTP (Sesión JSESSIONID) superseded by Gestor de Cookies HTTP (Sesión JSESSIONID)
2026-09-17 17:37:26,077 WARN o.a.j.p.h.s.HTTPSamplerBase: Existing CookieManager Gestor de Cookies HTTP (Sesión JSESSIONID) superseded by Gestor de Cookies HTTP (Sesión JSESSIONID)
2026-09-17 17:37:26,086 WARN o.a.j.p.h.s.HTTPSamplerBase: Existing CookieManager Gestor de Cookies HTTP (Sesión JSESSIONID) superseded by Gestor de Cookies HTTP (Sesión JSESSIONID)
2026-09-17 17:37:26,154 WARN o.a.j.p.h.s.HTTPSamplerBase: Existing CookieManager Gestor de Cookies HTTP (Sesión JSESSIONID) superseded by Gestor de Cookies HTTP (Sesión JSESSIONID)
2026-09-17 17:37:26,216 WARN o.a.j.p.h.s.HTTPSamplerBase: Existing CookieManager Gestor de Cookies HTTP (Sesión JSESSIONID) superseded by Gestor de Cookies HTTP (Sesión JSESSIONID)
2026-09-17 17:37:26,229 WARN o.a.j.p.h.s.HTTPSamplerBase: Existing CookieManager Gestor de Cookies HTTP (Sesión JSESSIONID) superseded by Gestor de Cookies HTTP (Sesión JSESSIONID)
2026-09-17 17:37:26,229 WARN o.a.j.p.h.s.HTTPSamplerBase: Existing CookieManager Gestor de Cookies HTTP (Sesión JSESSIONID) superseded by Gestor de Cookies HTTP (Sesión JSESSIONID)
2026-09-17 17:37:26,307 WARN o.a.j.p.h.s.HTTPSamplerBase: Existing CookieManager Gestor de Cookies HTTP (Sesión JSESSIONID) superseded by Gestor de Cookies HTTP (Sesión JSESSIONID)
2026-09-17 17:37:26,307 WARN o.a.j.p.h.s.HTTPSamplerBase: Existing CookieManager Gestor de Cookies HTTP (Sesión JSESSIONID) superseded by Gestor de Cookies HTTP (Sesión JSESSIONID)
2026-09-17 17:37:26,307 WARN o.a.j.p.h.s.HTTPSamplerBase: Existing CookieManager Gestor de Cookies HTTP (Sesión JSESSIONID) superseded by Gestor de Cookies HTTP (Sesión JSESSIONID)
2026-09-17 17:37:26,310 WARN o.a.j.p.h.s.HTTPSamplerBase: Existing CookieManager Gestor de Cookies HTTP (Sesión JSESSIONID) superseded by Gestor de Cookies HTTP (Sesión JSESSIONID)
2026-09-17 17:37:26,340 WARN o.a.j.p.h.s.HTTPSamplerBase: Existing CookieManager Gestor de Cookies HTTP (Sesión JSESSIONID) superseded by Gestor de Cookies HTTP (Sesión JSESSIONID)
2026-09-17 17:37:26,340 WARN o.a.j.p.h.s.HTTPSamplerBase: Existing CookieManager Gestor de Cookies HTTP (Sesión JSESSIONID) superseded by Gestor de Cookies HTTP (Sesión JSESSIONID)
2026-09-17 17:37:26,487 WARN o.a.j.p.h.s.HTTPSamplerBase: Existing CookieManager Gestor de Cookies HTTP (Sesión JSESSIONID) superseded by Gestor de Cookies HTTP (Sesión JSESSIONID)
2026-09-17 17:37:26,487 WARN o.a.j.p.h.s.HTTPSamplerBase: Existing CookieManager Gestor de Cookies HTTP (Sesión JSESSIONID) superseded by Gestor de Cookies HTTP (Sesión JSESSIONID)
2026-09-17 17:37:26,512 WARN o.a.j.p.h.s.HTTPSamplerBase: Existing CookieManager Gestor de Cookies HTTP (Sesión JSESSIONID) superseded by Gestor de Cookies HTTP (Sesión JSESSIONID)
2026-09-17 17:37:26,786 WARN o.a.j.p.h.s.HTTPSamplerBase: Existing CookieManager Gestor de Cookies HTTP (Sesión JSESSIONID) superseded by Gestor de Cookies HTTP (Sesión JSESSIONID)
2026-09-17 17:37:26,793 WARN o.a.j.p.h.s.HTTPSamplerBase: Existing CookieManager Gestor de Cookies HTTP (Sesión JSESSIONID) superseded by Gestor de Cookies HTTP (Sesión JSESSIONID)
2026-09-17 17:37:26,808 WARN o.a.j.p.h.s.HTTPSamplerBase: Existing CookieManager Gestor de Cookies HTTP (Sesión JSESSIONID) superseded by Gestor de Cookies HTTP (Sesión JSESSIONID)
2026-09-17 17:37:26,809 WARN o.a.j.p.h.s.HTTPSamplerBase: Existing CookieManager Gestor de Cookies HTTP (Sesión JSESSIONID) superseded by Gestor de Cookies HTTP (Sesión JSESSIONID)
2026-09-17 17:37:26,988 WARN o.a.j.p.h.s.HTTPSamplerBase: Existing CookieManager Gestor de Cookies HTTP (Sesión JSESSIONID) superseded by Gestor de Cookies HTTP (Sesión JSESSIONID)
2026-09-17 17:37:27,052 WARN o.a.j.p.h.s.HTTPSamplerBase: Existing CookieManager Gestor de Cookies HTTP (Sesión JSESSIONID) superseded by Gestor de Cookies HTTP (Sesión JSESSIONID)
2026-09-17 17:37:27,053 WARN o.a.j.p.h.s.HTTPSamplerBase: Existing CookieManager Gestor de Cookies HTTP (Sesión JSESSIONID) superseded by Gestor de Cookies HTTP (Sesión JSESSIONID)
2026-09-17 17:37:27,098 WARN o.a.j.p.h.s.HTTPSamplerBase: Existing CookieManager Gestor de Cookies HTTP (Sesión JSESSIONID) superseded by Gestor de Cookies HTTP (Sesión JSESSIONID)
2026-09-17 17:37:27,122 WARN o.a.j.p.h.s.HTTPSamplerBase: Existing CookieManager Gestor de Cookies HTTP (Sesión JSESSIONID) superseded by Gestor de Cookies HTTP (Sesión JSESSIONID)
2026-09-17 17:37:27,122 WARN o.a.j.p.h.s.HTTPSamplerBase: Existing CookieManager Gestor de Cookies HTTP (Sesión JSESSIONID) superseded by Gestor de Cookies HTTP (Sesión JSESSIONID)
2026-09-17 17:37:27,190 WARN o.a.j.p.h.s.HTTPSamplerBase: Existing CookieManager Gestor de Cookies HTTP (Sesión JSESSIONID) superseded by Gestor de Cookies HTTP (Sesión JSESSIONID)
2026-09-17 17:37:27,195 WARN o.a.j.p.h.s.HTTPSamplerBase: Existing CookieManager Gestor de Cookies HTTP (Sesión JSESSIONID) superseded by Gestor de Cookies HTTP (Sesión JSESSIONID)
2026-09-17 17:37:27,197 WARN o.a.j.p.h.s.HTTPSamplerBase: Existing CookieManager Gestor de Cookies HTTP (Sesión JSESSIONID) superseded by Gestor de Cookies HTTP (Sesión JSESSIONID)
2026-09-17 17:37:27,277 WARN o.a.j.p.h.s.HTTPSamplerBase: Existing CookieManager Gestor de Cookies HTTP (Sesión JSESSIONID) superseded by Gestor de Cookies HTTP (Sesión JSESSIONID)
2026-09-17 17:37:27,669 WARN o.a.j.p.h.s.HTTPSamplerBase: Existing CookieManager Gestor de Cookies HTTP (Sesión JSESSIONID) superseded by Gestor de Cookies HTTP (Sesión JSESSIONID)
2026-09-17 17:37:27,718 WARN o.a.j.p.h.s.HTTPSamplerBase: Existing CookieManager Gestor de Cookies HTTP (Sesión JSESSIONID) superseded by Gestor de Cookies HTTP (Sesión JSESSIONID)
2026-09-17 17:37:27,728 WARN o.a.j.p.h.s.HTTPSamplerBase: Existing CookieManager Gestor de Cookies HTTP (Sesión JSESSIONID) superseded by Gestor de Cookies HTTP (Sesión JSESSIONID)
2026-09-17 17:37:28,029 WARN o.a.j.p.h.s.HTTPSamplerBase: Existing CookieManager Gestor de Cookies HTTP (Sesión JSESSIONID) superseded by Gestor de Cookies HTTP (Sesión JSESSIONID)
2026-09-17 17:37:28,049 WARN o.a.j.p.h.s.HTTPSamplerBase: Existing CookieManager Gestor de Cookies HTTP (Sesión JSESSIONID) superseded by Gestor de Cookies HTTP (Sesión JSESSIONID)
2026-09-17 17:37:28,052 WARN o.a.j.p.h.s.HTTPSamplerBase: Existing CookieManager Gestor de Cookies HTTP (Sesión JSESSIONID) superseded by Gestor de Cookies HTTP (Sesión JSESSIONID)
2026-09-17 17:37:28,057 WARN o.a.j.p.h.s.HTTPSamplerBase: Existing CookieManager Gestor de Cookies HTTP (Sesión JSESSIONID) superseded by Gestor de Cookies HTTP (Sesión JSESSIONID)
2026-09-17 17:37:28,205 WARN o.a.j.p.h.s.HTTPSamplerBase: Existing CookieManager Gestor de Cookies HTTP (Sesión JSESSIONID) superseded by Gestor de Cookies HTTP (Sesión JSESSIONID)
2026-09-17 17:37:28,205 WARN o.a.j.p.h.s.HTTPSamplerBase: Existing CookieManager Gestor de Cookies HTTP (Sesión JSESSIONID) superseded by Gestor de Cookies HTTP (Sesión JSESSIONID)
2026-09-17 17:37:28,208 WARN o.a.j.p.h.s.HTTPSamplerBase: Existing CookieManager Gestor de Cookies HTTP (Sesión JSESSIONID) superseded by Gestor de Cookies HTTP (Sesión JSESSIONID)
2026-09-17 17:37:28,265 WARN o.a.j.p.h.s.HTTPSamplerBase: Existing CookieManager Gestor de Cookies HTTP (Sesión JSESSIONID) superseded by Gestor de Cookies HTTP (Sesión JSESSIONID)
2026-09-17 17:37:28,290 WARN o.a.j.p.h.s.HTTPSamplerBase: Existing CookieManager Gestor de Cookies HTTP (Sesión JSESSIONID) superseded by Gestor de Cookies HTTP (Sesión JSESSIONID)
2026-09-17 17:37:28,290 WARN o.a.j.p.h.s.HTTPSamplerBase: Existing CookieManager Gestor de Cookies HTTP (Sesión JSESSIONID) superseded by Gestor de Cookies HTTP (Sesión JSESSIONID)
2026-09-17 17:37:28,291 WARN o.a.j.p.h.s.HTTPSamplerBase: Existing CookieManager Gestor de Cookies HTTP (Sesión JSESSIONID) superseded by Gestor de Cookies HTTP (Sesión JSESSIONID)
2026-09-17 17:37:28,306 WARN o.a.j.p.h.s.HTTPSamplerBase: Existing CookieManager Gestor de Cookies HTTP (Sesión JSESSIONID) superseded by Gestor de Cookies HTTP (Sesión JSESSIONID)
2026-09-17 17:37:28,320 WARN o.a.j.p.h.s.HTTPSamplerBase: Existing CookieManager Gestor de Cookies HTTP (Sesión JSESSIONID) superseded by Gestor de Cookies HTTP (Sesión JSESSIONID)
2026-09-17 17:37:28,328 WARN o.a.j.p.h.s.HTTPSamplerBase: Existing CookieManager Gestor de Cookies HTTP (Sesión JSESSIONID) superseded by Gestor de Cookies HTTP (Sesión JSESSIONID)
2026-09-17 17:37:28,361 WARN o.a.j.p.h.s.HTTPSamplerBase: Existing CookieManager Gestor de Cookies HTTP (Sesión JSESSIONID) superseded by Gestor de Cookies HTTP (Sesión JSESSIONID)
2026-09-17 17:37:28,365 WARN o.a.j.p.h.s.HTTPSamplerBase: Existing CookieManager Gestor de Cookies HTTP (Sesión JSESSIONID) superseded by Gestor de Cookies HTTP (Sesión JSESSIONID)
2026-09-17 17:37:28,365 WARN o.a.j.p.h.s.HTTPSamplerBase: Existing CookieManager Gestor de Cookies HTTP (Sesión JSESSIONID) superseded by Gestor de Cookies HTTP (Sesión JSESSIONID)
2026-09-17 17:37:28,379 WARN o.a.j.p.h.s.HTTPSamplerBase: Existing CookieManager Gestor de Cookies HTTP (Sesión JSESSIONID) superseded by Gestor de Cookies HTTP (Sesión JSESSIONID)
2026-09-17 17:37:28,527 WARN o.a.j.p.h.s.HTTPSamplerBase: Existing CookieManager Gestor de Cookies HTTP (Sesión JSESSIONID) superseded by Gestor de Cookies HTTP (Sesión JSESSIONID)
2026-09-17 17:37:28,527 WARN o.a.j.p.h.s.HTTPSamplerBase: Existing CookieManager Gestor de Cookies HTTP (Sesión JSESSIONID) superseded by Gestor de Cookies HTTP (Sesión JSESSIONID)
2026-09-17 17:37:28,527 WARN o.a.j.p.h.s.HTTPSamplerBase: Existing CookieManager Gestor de Cookies HTTP (Sesión JSESSIONID) superseded by Gestor de Cookies HTTP (Sesión JSESSIONID)
2026-09-17 17:37:28,527 WARN o.a.j.p.h.s.HTTPSamplerBase: Existing CookieManager Gestor de Cookies HTTP (Sesión JSESSIONID) superseded by Gestor de Cookies HTTP (Sesión JSESSIONID)
2026-09-17 17:37:28,527 WARN o.a.j.p.h.s.HTTPSamplerBase: Existing CookieManager Gestor de Cookies HTTP (Sesión JSESSIONID) superseded by Gestor de Cookies HTTP (Sesión JSESSIONID)
2026-09-17 17:37:29,023 WARN o.a.j.p.h.s.HTTPSamplerBase: Existing CookieManager Gestor de Cookies HTTP (Sesión JSESSIONID) superseded by Gestor de Cookies HTTP (Sesión JSESSIONID)
2026-09-17 17:37:29,284 WARN o.a.j.p.h.s.HTTPSamplerBase: Existing CookieManager Gestor de Cookies HTTP (Sesión JSESSIONID) superseded by Gestor de Cookies HTTP (Sesión JSESSIONID)
2026-09-17 17:37:29,352 WARN o.a.j.p.h.s.HTTPSamplerBase: Existing CookieManager Gestor de Cookies HTTP (Sesión JSESSIONID) superseded by Gestor de Cookies HTTP (Sesión JSESSIONID)
2026-09-17 17:37:29,495 WARN o.a.j.p.h.s.HTTPSamplerBase: Existing CookieManager Gestor de Cookies HTTP (Sesión JSESSIONID) superseded by Gestor de Cookies HTTP (Sesión JSESSIONID)
2026-09-17 17:37:29,496 WARN o.a.j.p.h.s.HTTPSamplerBase: Existing CookieManager Gestor de Cookies HTTP (Sesión JSESSIONID) superseded by Gestor de Cookies HTTP (Sesión JSESSIONID)
2026-09-17 17:37:29,496 WARN o.a.j.p.h.s.HTTPSamplerBase: Existing CookieManager Gestor de Cookies HTTP (Sesión JSESSIONID) superseded by Gestor de Cookies HTTP (Sesión JSESSIONID)
2026-09-17 17:37:29,499 WARN o.a.j.p.h.s.HTTPSamplerBase: Existing CookieManager Gestor de Cookies HTTP (Sesión JSESSIONID) superseded by Gestor de Cookies HTTP (Sesión JSESSIONID)
2026-09-17 17:37:29,737 WARN o.a.j.p.h.s.HTTPSamplerBase: Existing CookieManager Gestor de Cookies HTTP (Sesión JSESSIONID) superseded by Gestor de Cookies HTTP (Sesión JSESSIONID)
2026-09-17 17:37:29,802 WARN o.a.j.p.h.s.HTTPSamplerBase: Existing CookieManager Gestor de Cookies HTTP (Sesión JSESSIONID) superseded by Gestor de Cookies HTTP (Sesión JSESSIONID)
2026-09-17 17:37:29,874 WARN o.a.j.p.h.s.HTTPSamplerBase: Existing CookieManager Gestor de Cookies HTTP (Sesión JSESSIONID) superseded by Gestor de Cookies HTTP (Sesión JSESSIONID)
2026-09-17 17:37:29,877 WARN o.a.j.p.h.s.HTTPSamplerBase: Existing CookieManager Gestor de Cookies HTTP (Sesión JSESSIONID) superseded by Gestor de Cookies HTTP (Sesión JSESSIONID)
2026-09-17 17:37:29,896 WARN o.a.j.p.h.s.HTTPSamplerBase: Existing CookieManager Gestor de Cookies HTTP (Sesión JSESSIONID) superseded by Gestor de Cookies HTTP (Sesión JSESSIONID)
2026-09-17 17:37:30,243 WARN o.a.j.p.h.s.HTTPSamplerBase: Existing CookieManager Gestor de Cookies HTTP (Sesión JSESSIONID) superseded by Gestor de Cookies HTTP (Sesión JSESSIONID)
2026-09-17 17:37:30,268 WARN o.a.j.p.h.s.HTTPSamplerBase: Existing CookieManager Gestor de Cookies HTTP (Sesión JSESSIONID) superseded by Gestor de Cookies HTTP (Sesión JSESSIONID)
2026-09-17 17:37:30,370 WARN o.a.j.p.h.s.HTTPSamplerBase: Existing CookieManager Gestor de Cookies HTTP (Sesión JSESSIONID) superseded by Gestor de Cookies HTTP (Sesión JSESSIONID)
2026-09-17 17:37:30,371 WARN o.a.j.p.h.s.HTTPSamplerBase: Existing CookieManager Gestor de Cookies HTTP (Sesión JSESSIONID) superseded by Gestor de Cookies HTTP (Sesión JSESSIONID)
2026-09-17 17:37:30,379 WARN o.a.j.p.h.s.HTTPSamplerBase: Existing CookieManager Gestor de Cookies HTTP (Sesión JSESSIONID) superseded by Gestor de Cookies HTTP (Sesión JSESSIONID)
2026-09-17 17:37:30,379 WARN o.a.j.p.h.s.HTTPSamplerBase: Existing CookieManager Gestor de Cookies HTTP (Sesión JSESSIONID) superseded by Gestor de Cookies HTTP (Sesión JSESSIONID)
2026-09-17 17:37:30,602 WARN o.a.j.p.h.s.HTTPSamplerBase: Existing CookieManager Gestor de Cookies HTTP (Sesión JSESSIONID) superseded by Gestor de Cookies HTTP (Sesión JSESSIONID)
2026-09-17 17:37:30,602 WARN o.a.j.p.h.s.HTTPSamplerBase: Existing CookieManager Gestor de Cookies HTTP (Sesión JSESSIONID) superseded by Gestor de Cookies HTTP (Sesión JSESSIONID)
2026-09-17 17:37:30,603 WARN o.a.j.p.h.s.HTTPSamplerBase: Existing CookieManager Gestor de Cookies HTTP (Sesión JSESSIONID) superseded by Gestor de Cookies HTTP (Sesión JSESSIONID)
2026-09-17 17:37:30,605 WARN o.a.j.p.h.s.HTTPSamplerBase: Existing CookieManager Gestor de Cookies HTTP (Sesión JSESSIONID) superseded by Gestor de Cookies HTTP (Sesión JSESSIONID)
2026-09-17 17:37:30,619 WARN o.a.j.p.h.s.HTTPSamplerBase: Existing CookieManager Gestor de Cookies HTTP (Sesión JSESSIONID) superseded by Gestor de Cookies HTTP (Sesión JSESSIONID)
2026-09-17 17:37:30,709 WARN o.a.j.p.h.s.HTTPSamplerBase: Existing CookieManager Gestor de Cookies HTTP (Sesión JSESSIONID) superseded by Gestor de Cookies HTTP (Sesión JSESSIONID)
2026-09-17 17:37:30,896 WARN o.a.j.p.h.s.HTTPSamplerBase: Existing CookieManager Gestor de Cookies HTTP (Sesión JSESSIONID) superseded by Gestor de Cookies HTTP (Sesión JSESSIONID)
2026-09-17 17:37:30,896 WARN o.a.j.p.h.s.HTTPSamplerBase: Existing CookieManager Gestor de Cookies HTTP (Sesión JSESSIONID) superseded by Gestor de Cookies HTTP (Sesión JSESSIONID)
2026-09-17 17:37:31,184 WARN o.a.j.p.h.s.HTTPSamplerBase: Existing CookieManager Gestor de Cookies HTTP (Sesión JSESSIONID) superseded by Gestor de Cookies HTTP (Sesión JSESSIONID)
2026-09-17 17:37:31,198 WARN o.a.j.p.h.s.HTTPSamplerBase: Existing CookieManager Gestor de Cookies HTTP (Sesión JSESSIONID) superseded by Gestor de Cookies HTTP (Sesión JSESSIONID)
2026-09-17 17:37:31,198 WARN o.a.j.p.h.s.HTTPSamplerBase: Existing CookieManager Gestor de Cookies HTTP (Sesión JSESSIONID) superseded by Gestor de Cookies HTTP (Sesión JSESSIONID)
2026-09-17 17:37:31,198 WARN o.a.j.p.h.s.HTTPSamplerBase: Existing CookieManager Gestor de Cookies HTTP (Sesión JSESSIONID) superseded by Gestor de Cookies HTTP (Sesión JSESSIONID)
2026-09-17 17:37:31,279 WARN o.a.j.p.h.s.HTTPSamplerBase: Existing CookieManager Gestor de Cookies HTTP (Sesión JSESSIONID) superseded by Gestor de Cookies HTTP (Sesión JSESSIONID)
2026-09-17 17:37:31,279 WARN o.a.j.p.h.s.HTTPSamplerBase: Existing CookieManager Gestor de Cookies HTTP (Sesión JSESSIONID) superseded by Gestor de Cookies HTTP (Sesión JSESSIONID)
2026-09-17 17:37:31,363 WARN o.a.j.p.h.s.HTTPSamplerBase: Existing CookieManager Gestor de Cookies HTTP (Sesión JSESSIONID) superseded by Gestor de Cookies HTTP (Sesión JSESSIONID)
2026-09-17 17:37:31,364 WARN o.a.j.p.h.s.HTTPSamplerBase: Existing CookieManager Gestor de Cookies HTTP (Sesión JSESSIONID) superseded by Gestor de Cookies HTTP (Sesión JSESSIONID)
2026-09-17 17:37:31,433 WARN o.a.j.p.h.s.HTTPSamplerBase: Existing CookieManager Gestor de Cookies HTTP (Sesión JSESSIONID) superseded by Gestor de Cookies HTTP (Sesión JSESSIONID)
2026-09-17 17:37:31,638 WARN o.a.j.p.h.s.HTTPSamplerBase: Existing CookieManager Gestor de Cookies HTTP (Sesión JSESSIONID) superseded by Gestor de Cookies HTTP (Sesión JSESSIONID)
2026-09-17 17:37:31,638 WARN o.a.j.p.h.s.HTTPSamplerBase: Existing CookieManager Gestor de Cookies HTTP (Sesión JSESSIONID) superseded by Gestor de Cookies HTTP (Sesión JSESSIONID)
2026-09-17 17:37:31,638 WARN o.a.j.p.h.s.HTTPSamplerBase: Existing CookieManager Gestor de Cookies HTTP (Sesión JSESSIONID) superseded by Gestor de Cookies HTTP (Sesión JSESSIONID)
2026-09-17 17:37:31,638 WARN o.a.j.p.h.s.HTTPSamplerBase: Existing CookieManager Gestor de Cookies HTTP (Sesión JSESSIONID) superseded by Gestor de Cookies HTTP (Sesión JSESSIONID)
2026-09-17 17:37:31,695 WARN o.a.j.p.h.s.HTTPSamplerBase: Existing CookieManager Gestor de Cookies HTTP (Sesión JSESSIONID) superseded by Gestor de Cookies HTTP (Sesión JSESSIONID)
2026-09-17 17:37:31,715 WARN o.a.j.p.h.s.HTTPSamplerBase: Existing CookieManager Gestor de Cookies HTTP (Sesión JSESSIONID) superseded by Gestor de Cookies HTTP (Sesión JSESSIONID)
2026-09-17 17:37:31,715 WARN o.a.j.p.h.s.HTTPSamplerBase: Existing CookieManager Gestor de Cookies HTTP (Sesión JSESSIONID) superseded by Gestor de Cookies HTTP (Sesión JSESSIONID)
2026-09-17 17:37:31,715 WARN o.a.j.p.h.s.HTTPSamplerBase: Existing CookieManager Gestor de Cookies HTTP (Sesión JSESSIONID) superseded by Gestor de Cookies HTTP (Sesión JSESSIONID)
2026-09-17 17:37:31,831 WARN o.a.j.p.h.s.HTTPSamplerBase: Existing CookieManager Gestor de Cookies HTTP (Sesión JSESSIONID) superseded by Gestor de Cookies HTTP (Sesión JSESSIONID)
2026-09-17 17:37:31,831 WARN o.a.j.p.h.s.HTTPSamplerBase: Existing CookieManager Gestor de Cookies HTTP (Sesión JSESSIONID) superseded by Gestor de Cookies HTTP (Sesión JSESSIONID)
2026-09-17 17:37:31,831 WARN o.a.j.p.h.s.HTTPSamplerBase: Existing CookieManager Gestor de Cookies HTTP (Sesión JSESSIONID) superseded by Gestor de Cookies HTTP (Sesión JSESSIONID)
2026-09-17 17:37:31,832 WARN o.a.j.p.h.s.HTTPSamplerBase: Existing CookieManager Gestor de Cookies HTTP (Sesión JSESSIONID) superseded by Gestor de Cookies HTTP (Sesión JSESSIONID)
2026-09-17 17:37:31,832 WARN o.a.j.p.h.s.HTTPSamplerBase: Existing CookieManager Gestor de Cookies HTTP (Sesión JSESSIONID) superseded by Gestor de Cookies HTTP (Sesión JSESSIONID)
2026-09-17 17:37:31,833 WARN o.a.j.p.h.s.HTTPSamplerBase: Existing CookieManager Gestor de Cookies HTTP (Sesión JSESSIONID) superseded by Gestor de Cookies HTTP (Sesión JSESSIONID)
2026-09-17 17:37:31,833 WARN o.a.j.p.h.s.HTTPSamplerBase: Existing CookieManager Gestor de Cookies HTTP (Sesión JSESSIONID) superseded by Gestor de Cookies HTTP (Sesión JSESSIONID)
2026-09-17 17:37:31,974 WARN o.a.j.p.h.s.HTTPSamplerBase: Existing CookieManager Gestor de Cookies HTTP (Sesión JSESSIONID) superseded by Gestor de Cookies HTTP (Sesión JSESSIONID)
2026-09-17 17:37:32,089 WARN o.a.j.p.h.s.HTTPSamplerBase: Existing CookieManager Gestor de Cookies HTTP (Sesión JSESSIONID) superseded by Gestor de Cookies HTTP (Sesión JSESSIONID)
2026-09-17 17:37:32,315 WARN o.a.j.p.h.s.HTTPSamplerBase: Existing CookieManager Gestor de Cookies HTTP (Sesión JSESSIONID) superseded by Gestor de Cookies HTTP (Sesión JSESSIONID)
2026-09-17 17:37:32,441 WARN o.a.j.p.h.s.HTTPSamplerBase: Existing CookieManager Gestor de Cookies HTTP (Sesión JSESSIONID) superseded by Gestor de Cookies HTTP (Sesión JSESSIONID)
2026-09-17 17:37:32,645 WARN o.a.j.p.h.s.HTTPSamplerBase: Existing CookieManager Gestor de Cookies HTTP (Sesión JSESSIONID) superseded by Gestor de Cookies HTTP (Sesión JSESSIONID)
2026-09-17 17:37:32,710 WARN o.a.j.p.h.s.HTTPSamplerBase: Existing CookieManager Gestor de Cookies HTTP (Sesión JSESSIONID) superseded by Gestor de Cookies HTTP (Sesión JSESSIONID)
2026-09-17 17:37:32,783 WARN o.a.j.p.h.s.HTTPSamplerBase: Existing CookieManager Gestor de Cookies HTTP (Sesión JSESSIONID) superseded by Gestor de Cookies HTTP (Sesión JSESSIONID)
2026-09-17 17:37:32,787 WARN o.a.j.p.h.s.HTTPSamplerBase: Existing CookieManager Gestor de Cookies HTTP (Sesión JSESSIONID) superseded by Gestor de Cookies HTTP (Sesión JSESSIONID)
2026-09-17 17:37:33,179 WARN o.a.j.p.h.s.HTTPSamplerBase: Existing CookieManager Gestor de Cookies HTTP (Sesión JSESSIONID) superseded by Gestor de Cookies HTTP (Sesión JSESSIONID)
2026-09-17 17:37:33,179 WARN o.a.j.p.h.s.HTTPSamplerBase: Existing CookieManager Gestor de Cookies HTTP (Sesión JSESSIONID) superseded by Gestor de Cookies HTTP (Sesión JSESSIONID)
2026-09-17 17:37:33,179 WARN o.a.j.p.h.s.HTTPSamplerBase: Existing CookieManager Gestor de Cookies HTTP (Sesión JSESSIONID) superseded by Gestor de Cookies HTTP (Sesión JSESSIONID)
2026-09-17 17:37:33,179 WARN o.a.j.p.h.s.HTTPSamplerBase: Existing CookieManager Gestor de Cookies HTTP (Sesión JSESSIONID) superseded by Gestor de Cookies HTTP (Sesión JSESSIONID)
2026-09-17 17:37:33,179 WARN o.a.j.p.h.s.HTTPSamplerBase: Existing CookieManager Gestor de Cookies HTTP (Sesión JSESSIONID) superseded by Gestor de Cookies HTTP (Sesión JSESSIONID)
2026-09-17 17:37:33,258 WARN o.a.j.p.h.s.HTTPSamplerBase: Existing CookieManager Gestor de Cookies HTTP (Sesión JSESSIONID) superseded by Gestor de Cookies HTTP (Sesión JSESSIONID)
2026-09-17 17:37:33,260 WARN o.a.j.p.h.s.HTTPSamplerBase: Existing CookieManager Gestor de Cookies HTTP (Sesión JSESSIONID) superseded by Gestor de Cookies HTTP (Sesión JSESSIONID)
2026-09-17 17:37:33,354 WARN o.a.j.p.h.s.HTTPSamplerBase: Existing CookieManager Gestor de Cookies HTTP (Sesión JSESSIONID) superseded by Gestor de Cookies HTTP (Sesión JSESSIONID)
2026-09-17 17:37:33,428 WARN o.a.j.p.h.s.HTTPSamplerBase: Existing CookieManager Gestor de Cookies HTTP (Sesión JSESSIONID) superseded by Gestor de Cookies HTTP (Sesión JSESSIONID)
2026-09-17 17:37:33,428 WARN o.a.j.p.h.s.HTTPSamplerBase: Existing CookieManager Gestor de Cookies HTTP (Sesión JSESSIONID) superseded by Gestor de Cookies HTTP (Sesión JSESSIONID)
2026-09-17 17:37:33,450 WARN o.a.j.p.h.s.HTTPSamplerBase: Existing CookieManager Gestor de Cookies HTTP (Sesión JSESSIONID) superseded by Gestor de Cookies HTTP (Sesión JSESSIONID)
2026-09-17 17:37:33,461 WARN o.a.j.p.h.s.HTTPSamplerBase: Existing CookieManager Gestor de Cookies HTTP (Sesión JSESSIONID) superseded by Gestor de Cookies HTTP (Sesión JSESSIONID)
2026-09-17 17:37:33,587 WARN o.a.j.p.h.s.HTTPSamplerBase: Existing CookieManager Gestor de Cookies HTTP (Sesión JSESSIONID) superseded by Gestor de Cookies HTTP (Sesión JSESSIONID)
2026-09-17 17:37:33,587 WARN o.a.j.p.h.s.HTTPSamplerBase: Existing CookieManager Gestor de Cookies HTTP (Sesión JSESSIONID) superseded by Gestor de Cookies HTTP (Sesión JSESSIONID)
2026-09-17 17:37:33,606 WARN o.a.j.p.h.s.HTTPSamplerBase: Existing CookieManager Gestor de Cookies HTTP (Sesión JSESSIONID) superseded by Gestor de Cookies HTTP (Sesión JSESSIONID)
2026-09-17 17:37:33,621 WARN o.a.j.p.h.s.HTTPSamplerBase: Existing CookieManager Gestor de Cookies HTTP (Sesión JSESSIONID) superseded by Gestor de Cookies HTTP (Sesión JSESSIONID)
2026-09-17 17:37:33,792 WARN o.a.j.p.h.s.HTTPSamplerBase: Existing CookieManager Gestor de Cookies HTTP (Sesión JSESSIONID) superseded by Gestor de Cookies HTTP (Sesión JSESSIONID)
2026-09-17 17:37:34,142 WARN o.a.j.p.h.s.HTTPSamplerBase: Existing CookieManager Gestor de Cookies HTTP (Sesión JSESSIONID) superseded by Gestor de Cookies HTTP (Sesión JSESSIONID)
2026-09-17 17:37:34,196 WARN o.a.j.p.h.s.HTTPSamplerBase: Existing CookieManager Gestor de Cookies HTTP (Sesión JSESSIONID) superseded by Gestor de Cookies HTTP (Sesión JSESSIONID)
2026-09-17 17:37:34,198 WARN o.a.j.p.h.s.HTTPSamplerBase: Existing CookieManager Gestor de Cookies HTTP (Sesión JSESSIONID) superseded by Gestor de Cookies HTTP (Sesión JSESSIONID)
2026-09-17 17:37:34,267 WARN o.a.j.p.h.s.HTTPSamplerBase: Existing CookieManager Gestor de Cookies HTTP (Sesión JSESSIONID) superseded by Gestor de Cookies HTTP (Sesión JSESSIONID)
2026-09-17 17:37:34,305 WARN o.a.j.p.h.s.HTTPSamplerBase: Existing CookieManager Gestor de Cookies HTTP (Sesión JSESSIONID) superseded by Gestor de Cookies HTTP (Sesión JSESSIONID)
2026-09-17 17:37:34,390 WARN o.a.j.p.h.s.HTTPSamplerBase: Existing CookieManager Gestor de Cookies HTTP (Sesión JSESSIONID) superseded by Gestor de Cookies HTTP (Sesión JSESSIONID)
2026-09-17 17:37:34,391 WARN o.a.j.p.h.s.HTTPSamplerBase: Existing CookieManager Gestor de Cookies HTTP (Sesión JSESSIONID) superseded by Gestor de Cookies HTTP (Sesión JSESSIONID)
2026-09-17 17:37:34,393 WARN o.a.j.p.h.s.HTTPSamplerBase: Existing CookieManager Gestor de Cookies HTTP (Sesión JSESSIONID) superseded by Gestor de Cookies HTTP (Sesión JSESSIONID)
2026-09-17 17:37:34,630 WARN o.a.j.p.h.s.HTTPSamplerBase: Existing CookieManager Gestor de Cookies HTTP (Sesión JSESSIONID) superseded by Gestor de Cookies HTTP (Sesión JSESSIONID)
2026-09-17 17:37:34,630 WARN o.a.j.p.h.s.HTTPSamplerBase: Existing CookieManager Gestor de Cookies HTTP (Sesión JSESSIONID) superseded by Gestor de Cookies HTTP (Sesión JSESSIONID)
2026-09-17 17:37:34,672 WARN o.a.j.p.h.s.HTTPSamplerBase: Existing CookieManager Gestor de Cookies HTTP (Sesión JSESSIONID) superseded by Gestor de Cookies HTTP (Sesión JSESSIONID)
2026-09-17 17:37:34,746 WARN o.a.j.p.h.s.HTTPSamplerBase: Existing CookieManager Gestor de Cookies HTTP (Sesión JSESSIONID) superseded by Gestor de Cookies HTTP (Sesión JSESSIONID)
2026-09-17 17:37:34,760 WARN o.a.j.p.h.s.HTTPSamplerBase: Existing CookieManager Gestor de Cookies HTTP (Sesión JSESSIONID) superseded by Gestor de Cookies HTTP (Sesión JSESSIONID)
2026-09-17 17:37:34,766 WARN o.a.j.p.h.s.HTTPSamplerBase: Existing CookieManager Gestor de Cookies HTTP (Sesión JSESSIONID) superseded by Gestor de Cookies HTTP (Sesión JSESSIONID)
2026-09-17 17:37:34,926 WARN o.a.j.p.h.s.HTTPSamplerBase: Existing CookieManager Gestor de Cookies HTTP (Sesión JSESSIONID) superseded by Gestor de Cookies HTTP (Sesión JSESSIONID)
2026-09-17 17:37:34,943 WARN o.a.j.p.h.s.HTTPSamplerBase: Existing CookieManager Gestor de Cookies HTTP (Sesión JSESSIONID) superseded by Gestor de Cookies HTTP (Sesión JSESSIONID)
2026-09-17 17:37:34,950 WARN o.a.j.p.h.s.HTTPSamplerBase: Existing CookieManager Gestor de Cookies HTTP (Sesión JSESSIONID) superseded by Gestor de Cookies HTTP (Sesión JSESSIONID)
2026-09-17 17:37:34,972 WARN o.a.j.p.h.s.HTTPSamplerBase: Existing CookieManager Gestor de Cookies HTTP (Sesión JSESSIONID) superseded by Gestor de Cookies HTTP (Sesión JSESSIONID)
2026-09-17 17:37:34,983 WARN o.a.j.p.h.s.HTTPSamplerBase: Existing CookieManager Gestor de Cookies HTTP (Sesión JSESSIONID) superseded by Gestor de Cookies HTTP (Sesión JSESSIONID)
2026-09-17 17:37:35,259 WARN o.a.j.p.h.s.HTTPSamplerBase: Existing CookieManager Gestor de Cookies HTTP (Sesión JSESSIONID) superseded by Gestor de Cookies HTTP (Sesión JSESSIONID)
2026-09-17 17:37:35,259 WARN o.a.j.p.h.s.HTTPSamplerBase: Existing CookieManager Gestor de Cookies HTTP (Sesión JSESSIONID) superseded by Gestor de Cookies HTTP (Sesión JSESSIONID)
2026-09-17 17:37:35,259 WARN o.a.j.p.h.s.HTTPSamplerBase: Existing CookieManager Gestor de Cookies HTTP (Sesión JSESSIONID) superseded by Gestor de Cookies HTTP (Sesión JSESSIONID)
2026-09-17 17:37:35,259 WARN o.a.j.p.h.s.HTTPSamplerBase: Existing CookieManager Gestor de Cookies HTTP (Sesión JSESSIONID) superseded by Gestor de Cookies HTTP (Sesión JSESSIONID)
2026-09-17 17:37:35,260 WARN o.a.j.p.h.s.HTTPSamplerBase: Existing CookieManager Gestor de Cookies HTTP (Sesión JSESSIONID) superseded by Gestor de Cookies HTTP (Sesión JSESSIONID)
2026-09-17 17:37:35,325 WARN o.a.j.p.h.s.HTTPSamplerBase: Existing CookieManager Gestor de Cookies HTTP (Sesión JSESSIONID) superseded by Gestor de Cookies HTTP (Sesión JSESSIONID)
2026-09-17 17:37:35,326 WARN o.a.j.p.h.s.HTTPSamplerBase: Existing CookieManager Gestor de Cookies HTTP (Sesión JSESSIONID) superseded by Gestor de Cookies HTTP (Sesión JSESSIONID)
2026-09-17 17:37:35,387 WARN o.a.j.p.h.s.HTTPSamplerBase: Existing CookieManager Gestor de Cookies HTTP (Sesión JSESSIONID) superseded by Gestor de Cookies HTTP (Sesión JSESSIONID)
2026-09-17 17:37:35,388 WARN o.a.j.p.h.s.HTTPSamplerBase: Existing CookieManager Gestor de Cookies HTTP (Sesión JSESSIONID) superseded by Gestor de Cookies HTTP (Sesión JSESSIONID)
2026-09-17 17:37:35,625 WARN o.a.j.p.h.s.HTTPSamplerBase: Existing CookieManager Gestor de Cookies HTTP (Sesión JSESSIONID) superseded by Gestor de Cookies HTTP (Sesión JSESSIONID)
2026-09-17 17:37:35,625 WARN o.a.j.p.h.s.HTTPSamplerBase: Existing CookieManager Gestor de Cookies HTTP (Sesión JSESSIONID) superseded by Gestor de Cookies HTTP (Sesión JSESSIONID)
2026-09-17 17:37:35,625 WARN o.a.j.p.h.s.HTTPSamplerBase: Existing CookieManager Gestor de Cookies HTTP (Sesión JSESSIONID) superseded by Gestor de Cookies HTTP (Sesión JSESSIONID)
2026-09-17 17:37:35,625 WARN o.a.j.p.h.s.HTTPSamplerBase: Existing CookieManager Gestor de Cookies HTTP (Sesión JSESSIONID) superseded by Gestor de Cookies HTTP (Sesión JSESSIONID)
2026-09-17 17:37:35,625 WARN o.a.j.p.h.s.HTTPSamplerBase: Existing CookieManager Gestor de Cookies HTTP (Sesión JSESSIONID) superseded by Gestor de Cookies HTTP (Sesión JSESSIONID)
2026-09-17 17:37:35,625 WARN o.a.j.p.h.s.HTTPSamplerBase: Existing CookieManager Gestor de Cookies HTTP (Sesión JSESSIONID) superseded by Gestor de Cookies HTTP (Sesión JSESSIONID)
2026-09-17 17:37:35,714 WARN o.a.j.p.h.s.HTTPSamplerBase: Existing CookieManager Gestor de Cookies HTTP (Sesión JSESSIONID) superseded by Gestor de Cookies HTTP (Sesión JSESSIONID)
2026-09-17 17:37:35,791 WARN o.a.j.p.h.s.HTTPSamplerBase: Existing CookieManager Gestor de Cookies HTTP (Sesión JSESSIONID) superseded by Gestor de Cookies HTTP (Sesión JSESSIONID)
2026-09-17 17:37:35,866 WARN o.a.j.p.h.s.HTTPSamplerBase: Existing CookieManager Gestor de Cookies HTTP (Sesión JSESSIONID) superseded by Gestor de Cookies HTTP (Sesión JSESSIONID)
2026-09-17 17:37:35,866 WARN o.a.j.p.h.s.HTTPSamplerBase: Existing CookieManager Gestor de Cookies HTTP (Sesión JSESSIONID) superseded by Gestor de Cookies HTTP (Sesión JSESSIONID)
2026-09-17 17:37:35,867 WARN o.a.j.p.h.s.HTTPSamplerBase: Existing CookieManager Gestor de Cookies HTTP (Sesión JSESSIONID) superseded by Gestor de Cookies HTTP (Sesión JSESSIONID)
2026-09-17 17:37:36,174 WARN o.a.j.p.h.s.HTTPSamplerBase: Existing CookieManager Gestor de Cookies HTTP (Sesión JSESSIONID) superseded by Gestor de Cookies HTTP (Sesión JSESSIONID)
2026-09-17 17:37:36,303 WARN o.a.j.p.h.s.HTTPSamplerBase: Existing CookieManager Gestor de Cookies HTTP (Sesión JSESSIONID) superseded by Gestor de Cookies HTTP (Sesión JSESSIONID)
2026-09-17 17:37:36,334 WARN o.a.j.p.h.s.HTTPSamplerBase: Existing CookieManager Gestor de Cookies HTTP (Sesión JSESSIONID) superseded by Gestor de Cookies HTTP (Sesión JSESSIONID)
2026-09-17 17:37:36,408 WARN o.a.j.p.h.s.HTTPSamplerBase: Existing CookieManager Gestor de Cookies HTTP (Sesión JSESSIONID) superseded by Gestor de Cookies HTTP (Sesión JSESSIONID)
2026-09-17 17:37:36,409 WARN o.a.j.p.h.s.HTTPSamplerBase: Existing CookieManager Gestor de Cookies HTTP (Sesión JSESSIONID) superseded by Gestor de Cookies HTTP (Sesión JSESSIONID)
2026-09-17 17:37:36,409 WARN o.a.j.p.h.s.HTTPSamplerBase: Existing CookieManager Gestor de Cookies HTTP (Sesión JSESSIONID) superseded by Gestor de Cookies HTTP (Sesión JSESSIONID)
2026-09-17 17:37:36,482 WARN o.a.j.p.h.s.HTTPSamplerBase: Existing CookieManager Gestor de Cookies HTTP (Sesión JSESSIONID) superseded by Gestor de Cookies HTTP (Sesión JSESSIONID)
2026-09-17 17:37:36,762 WARN o.a.j.p.h.s.HTTPSamplerBase: Existing CookieManager Gestor de Cookies HTTP (Sesión JSESSIONID) superseded by Gestor de Cookies HTTP (Sesión JSESSIONID)
2026-09-17 17:37:36,763 WARN o.a.j.p.h.s.HTTPSamplerBase: Existing CookieManager Gestor de Cookies HTTP (Sesión JSESSIONID) superseded by Gestor de Cookies HTTP (Sesión JSESSIONID)
2026-09-17 17:37:36,763 WARN o.a.j.p.h.s.HTTPSamplerBase: Existing CookieManager Gestor de Cookies HTTP (Sesión JSESSIONID) superseded by Gestor de Cookies HTTP (Sesión JSESSIONID)
2026-09-17 17:37:36,763 WARN o.a.j.p.h.s.HTTPSamplerBase: Existing CookieManager Gestor de Cookies HTTP (Sesión JSESSIONID) superseded by Gestor de Cookies HTTP (Sesión JSESSIONID)
2026-09-17 17:37:36,763 WARN o.a.j.p.h.s.HTTPSamplerBase: Existing CookieManager Gestor de Cookies HTTP (Sesión JSESSIONID) superseded by Gestor de Cookies HTTP (Sesión JSESSIONID)
2026-09-17 17:37:36,763 WARN o.a.j.p.h.s.HTTPSamplerBase: Existing CookieManager Gestor de Cookies HTTP (Sesión JSESSIONID) superseded by Gestor de Cookies HTTP (Sesión JSESSIONID)
2026-09-17 17:37:36,763 WARN o.a.j.p.h.s.HTTPSamplerBase: Existing CookieManager Gestor de Cookies HTTP (Sesión JSESSIONID) superseded by Gestor de Cookies HTTP (Sesión JSESSIONID)
2026-09-17 17:37:36,916 WARN o.a.j.p.h.s.HTTPSamplerBase: Existing CookieManager Gestor de Cookies HTTP (Sesión JSESSIONID) superseded by Gestor de Cookies HTTP (Sesión JSESSIONID)
2026-09-17 17:37:37,012 WARN o.a.j.p.h.s.HTTPSamplerBase: Existing CookieManager Gestor de Cookies HTTP (Sesión JSESSIONID) superseded by Gestor de Cookies HTTP (Sesión JSESSIONID)
2026-09-17 17:37:37,123 WARN o.a.j.p.h.s.HTTPSamplerBase: Existing CookieManager Gestor de Cookies HTTP (Sesión JSESSIONID) superseded by Gestor de Cookies HTTP (Sesión JSESSIONID)
2026-09-17 17:37:37,123 WARN o.a.j.p.h.s.HTTPSamplerBase: Existing CookieManager Gestor de Cookies HTTP (Sesión JSESSIONID) superseded by Gestor de Cookies HTTP (Sesión JSESSIONID)
2026-09-17 17:37:37,123 WARN o.a.j.p.h.s.HTTPSamplerBase: Existing CookieManager Gestor de Cookies HTTP (Sesión JSESSIONID) superseded by Gestor de Cookies HTTP (Sesión JSESSIONID)
2026-09-17 17:37:37,123 WARN o.a.j.p.h.s.HTTPSamplerBase: Existing CookieManager Gestor de Cookies HTTP (Sesión JSESSIONID) superseded by Gestor de Cookies HTTP (Sesión JSESSIONID)
2026-09-17 17:37:37,123 WARN o.a.j.p.h.s.HTTPSamplerBase: Existing CookieManager Gestor de Cookies HTTP (Sesión JSESSIONID) superseded by Gestor de Cookies HTTP (Sesión JSESSIONID)
2026-09-17 17:37:37,202 WARN o.a.j.p.h.s.HTTPSamplerBase: Existing CookieManager Gestor de Cookies HTTP (Sesión JSESSIONID) superseded by Gestor de Cookies HTTP (Sesión JSESSIONID)
2026-09-17 17:37:37,204 WARN o.a.j.p.h.s.HTTPSamplerBase: Existing CookieManager Gestor de Cookies HTTP (Sesión JSESSIONID) superseded by Gestor de Cookies HTTP (Sesión JSESSIONID)
2026-09-17 17:37:37,250 WARN o.a.j.p.h.s.HTTPSamplerBase: Existing CookieManager Gestor de Cookies HTTP (Sesión JSESSIONID) superseded by Gestor de Cookies HTTP (Sesión JSESSIONID)
2026-09-17 17:37:37,250 WARN o.a.j.p.h.s.HTTPSamplerBase: Existing CookieManager Gestor de Cookies HTTP (Sesión JSESSIONID) superseded by Gestor de Cookies HTTP (Sesión JSESSIONID)
2026-09-17 17:37:37,258 WARN o.a.j.p.h.s.HTTPSamplerBase: Existing CookieManager Gestor de Cookies HTTP (Sesión JSESSIONID) superseded by Gestor de Cookies HTTP (Sesión JSESSIONID)
2026-09-17 17:37:37,325 WARN o.a.j.p.h.s.HTTPSamplerBase: Existing CookieManager Gestor de Cookies HTTP (Sesión JSESSIONID) superseded by Gestor de Cookies HTTP (Sesión JSESSIONID)
2026-09-17 17:37:37,360 WARN o.a.j.p.h.s.HTTPSamplerBase: Existing CookieManager Gestor de Cookies HTTP (Sesión JSESSIONID) superseded by Gestor de Cookies HTTP (Sesión JSESSIONID)
2026-09-17 17:37:37,475 WARN o.a.j.p.h.s.HTTPSamplerBase: Existing CookieManager Gestor de Cookies HTTP (Sesión JSESSIONID) superseded by Gestor de Cookies HTTP (Sesión JSESSIONID)
2026-09-17 17:37:37,621 WARN o.a.j.p.h.s.HTTPSamplerBase: Existing CookieManager Gestor de Cookies HTTP (Sesión JSESSIONID) superseded by Gestor de Cookies HTTP (Sesión JSESSIONID)
2026-09-17 17:37:37,621 WARN o.a.j.p.h.s.HTTPSamplerBase: Existing CookieManager Gestor de Cookies HTTP (Sesión JSESSIONID) superseded by Gestor de Cookies HTTP (Sesión JSESSIONID)
2026-09-17 17:37:37,621 WARN o.a.j.p.h.s.HTTPSamplerBase: Existing CookieManager Gestor de Cookies HTTP (Sesión JSESSIONID) superseded by Gestor de Cookies HTTP (Sesión JSESSIONID)
2026-09-17 17:37:37,655 WARN o.a.j.p.h.s.HTTPSamplerBase: Existing CookieManager Gestor de Cookies HTTP (Sesión JSESSIONID) superseded by Gestor de Cookies HTTP (Sesión JSESSIONID)
2026-09-17 17:37:37,656 WARN o.a.j.p.h.s.HTTPSamplerBase: Existing CookieManager Gestor de Cookies HTTP (Sesión JSESSIONID) superseded by Gestor de Cookies HTTP (Sesión JSESSIONID)
2026-09-17 17:37:37,656 WARN o.a.j.p.h.s.HTTPSamplerBase: Existing CookieManager Gestor de Cookies HTTP (Sesión JSESSIONID) superseded by Gestor de Cookies HTTP (Sesión JSESSIONID)
2026-09-17 17:37:37,657 WARN o.a.j.p.h.s.HTTPSamplerBase: Existing CookieManager Gestor de Cookies HTTP (Sesión JSESSIONID) superseded by Gestor de Cookies HTTP (Sesión JSESSIONID)
2026-09-17 17:37:37,660 WARN o.a.j.p.h.s.HTTPSamplerBase: Existing CookieManager Gestor de Cookies HTTP (Sesión JSESSIONID) superseded by Gestor de Cookies HTTP (Sesión JSESSIONID)
2026-09-17 17:37:37,660 WARN o.a.j.p.h.s.HTTPSamplerBase: Existing CookieManager Gestor de Cookies HTTP (Sesión JSESSIONID) superseded by Gestor de Cookies HTTP (Sesión JSESSIONID)
2026-09-17 17:37:37,722 WARN o.a.j.p.h.s.HTTPSamplerBase: Existing CookieManager Gestor de Cookies HTTP (Sesión JSESSIONID) superseded by Gestor de Cookies HTTP (Sesión JSESSIONID)
2026-09-17 17:37:37,724 WARN o.a.j.p.h.s.HTTPSamplerBase: Existing CookieManager Gestor de Cookies HTTP (Sesión JSESSIONID) superseded by Gestor de Cookies HTTP (Sesión JSESSIONID)
2026-09-17 17:37:37,732 WARN o.a.j.p.h.s.HTTPSamplerBase: Existing CookieManager Gestor de Cookies HTTP (Sesión JSESSIONID) superseded by Gestor de Cookies HTTP (Sesión JSESSIONID)
2026-09-17 17:37:37,801 WARN o.a.j.p.h.s.HTTPSamplerBase: Existing CookieManager Gestor de Cookies HTTP (Sesión JSESSIONID) superseded by Gestor de Cookies HTTP (Sesión JSESSIONID)
2026-09-17 17:37:37,863 WARN o.a.j.p.h.s.HTTPSamplerBase: Existing CookieManager Gestor de Cookies HTTP (Sesión JSESSIONID) superseded by Gestor de Cookies HTTP (Sesión JSESSIONID)
2026-09-17 17:37:37,986 WARN o.a.j.p.h.s.HTTPSamplerBase: Existing CookieManager Gestor de Cookies HTTP (Sesión JSESSIONID) superseded by Gestor de Cookies HTTP (Sesión JSESSIONID)
2026-09-17 17:37:38,280 WARN o.a.j.p.h.s.HTTPSamplerBase: Existing CookieManager Gestor de Cookies HTTP (Sesión JSESSIONID) superseded by Gestor de Cookies HTTP (Sesión JSESSIONID)
2026-09-17 17:37:38,309 WARN o.a.j.p.h.s.HTTPSamplerBase: Existing CookieManager Gestor de Cookies HTTP (Sesión JSESSIONID) superseded by Gestor de Cookies HTTP (Sesión JSESSIONID)
2026-09-17 17:37:38,323 WARN o.a.j.p.h.s.HTTPSamplerBase: Existing CookieManager Gestor de Cookies HTTP (Sesión JSESSIONID) superseded by Gestor de Cookies HTTP (Sesión JSESSIONID)
2026-09-17 17:37:38,377 WARN o.a.j.p.h.s.HTTPSamplerBase: Existing CookieManager Gestor de Cookies HTTP (Sesión JSESSIONID) superseded by Gestor de Cookies HTTP (Sesión JSESSIONID)
2026-09-17 17:37:38,377 WARN o.a.j.p.h.s.HTTPSamplerBase: Existing CookieManager Gestor de Cookies HTTP (Sesión JSESSIONID) superseded by Gestor de Cookies HTTP (Sesión JSESSIONID)
2026-09-17 17:37:38,389 WARN o.a.j.p.h.s.HTTPSamplerBase: Existing CookieManager Gestor de Cookies HTTP (Sesión JSESSIONID) superseded by Gestor de Cookies HTTP (Sesión JSESSIONID)
2026-09-17 17:37:38,389 WARN o.a.j.p.h.s.HTTPSamplerBase: Existing CookieManager Gestor de Cookies HTTP (Sesión JSESSIONID) superseded by Gestor de Cookies HTTP (Sesión JSESSIONID)
2026-09-17 17:37:38,461 WARN o.a.j.p.h.s.HTTPSamplerBase: Existing CookieManager Gestor de Cookies HTTP (Sesión JSESSIONID) superseded by Gestor de Cookies HTTP (Sesión JSESSIONID)
2026-09-17 17:37:38,461 WARN o.a.j.p.h.s.HTTPSamplerBase: Existing CookieManager Gestor de Cookies HTTP (Sesión JSESSIONID) superseded by Gestor de Cookies HTTP (Sesión JSESSIONID)
2026-09-17 17:37:38,461 WARN o.a.j.p.h.s.HTTPSamplerBase: Existing CookieManager Gestor de Cookies HTTP (Sesión JSESSIONID) superseded by Gestor de Cookies HTTP (Sesión JSESSIONID)
2026-09-17 17:37:38,642 WARN o.a.j.p.h.s.HTTPSamplerBase: Existing CookieManager Gestor de Cookies HTTP (Sesión JSESSIONID) superseded by Gestor de Cookies HTTP (Sesión JSESSIONID)
2026-09-17 17:37:38,642 WARN o.a.j.p.h.s.HTTPSamplerBase: Existing CookieManager Gestor de Cookies HTTP (Sesión JSESSIONID) superseded by Gestor de Cookies HTTP (Sesión JSESSIONID)
2026-09-17 17:37:38,642 WARN o.a.j.p.h.s.HTTPSamplerBase: Existing CookieManager Gestor de Cookies HTTP (Sesión JSESSIONID) superseded by Gestor de Cookies HTTP (Sesión JSESSIONID)
2026-09-17 17:37:38,642 WARN o.a.j.p.h.s.HTTPSamplerBase: Existing CookieManager Gestor de Cookies HTTP (Sesión JSESSIONID) superseded by Gestor de Cookies HTTP (Sesión JSESSIONID)
2026-09-17 17:37:38,642 WARN o.a.j.p.h.s.HTTPSamplerBase: Existing CookieManager Gestor de Cookies HTTP (Sesión JSESSIONID) superseded by Gestor de Cookies HTTP (Sesión JSESSIONID)
2026-09-17 17:37:38,642 WARN o.a.j.p.h.s.HTTPSamplerBase: Existing CookieManager Gestor de Cookies HTTP (Sesión JSESSIONID) superseded by Gestor de Cookies HTTP (Sesión JSESSIONID)
2026-09-17 17:37:38,642 WARN o.a.j.p.h.s.HTTPSamplerBase: Existing CookieManager Gestor de Cookies HTTP (Sesión JSESSIONID) superseded by Gestor de Cookies HTTP (Sesión JSESSIONID)
2026-09-17 17:37:38,642 WARN o.a.j.p.h.s.HTTPSamplerBase: Existing CookieManager Gestor de Cookies HTTP (Sesión JSESSIONID) superseded by Gestor de Cookies HTTP (Sesión JSESSIONID)
2026-09-17 17:37:38,683 WARN o.a.j.p.h.s.HTTPSamplerBase: Existing CookieManager Gestor de Cookies HTTP (Sesión JSESSIONID) superseded by Gestor de Cookies HTTP (Sesión JSESSIONID)
2026-09-17 17:37:38,843 WARN o.a.j.p.h.s.HTTPSamplerBase: Existing CookieManager Gestor de Cookies HTTP (Sesión JSESSIONID) superseded by Gestor de Cookies HTTP (Sesión JSESSIONID)
2026-09-17 17:37:38,872 WARN o.a.j.p.h.s.HTTPSamplerBase: Existing CookieManager Gestor de Cookies HTTP (Sesión JSESSIONID) superseded by Gestor de Cookies HTTP (Sesión JSESSIONID)
2026-09-17 17:37:39,133 WARN o.a.j.p.h.s.HTTPSamplerBase: Existing CookieManager Gestor de Cookies HTTP (Sesión JSESSIONID) superseded by Gestor de Cookies HTTP (Sesión JSESSIONID)
2026-09-17 17:37:39,155 WARN o.a.j.p.h.s.HTTPSamplerBase: Existing CookieManager Gestor de Cookies HTTP (Sesión JSESSIONID) superseded by Gestor de Cookies HTTP (Sesión JSESSIONID)
2026-09-17 17:37:39,155 WARN o.a.j.p.h.s.HTTPSamplerBase: Existing CookieManager Gestor de Cookies HTTP (Sesión JSESSIONID) superseded by Gestor de Cookies HTTP (Sesión JSESSIONID)
2026-09-17 17:37:39,254 WARN o.a.j.p.h.s.HTTPSamplerBase: Existing CookieManager Gestor de Cookies HTTP (Sesión JSESSIONID) superseded by Gestor de Cookies HTTP (Sesión JSESSIONID)
2026-09-17 17:37:39,260 WARN o.a.j.p.h.s.HTTPSamplerBase: Existing CookieManager Gestor de Cookies HTTP (Sesión JSESSIONID) superseded by Gestor de Cookies HTTP (Sesión JSESSIONID)
2026-09-17 17:37:39,264 WARN o.a.j.p.h.s.HTTPSamplerBase: Existing CookieManager Gestor de Cookies HTTP (Sesión JSESSIONID) superseded by Gestor de Cookies HTTP (Sesión JSESSIONID)
2026-09-17 17:37:39,299 WARN o.a.j.p.h.s.HTTPSamplerBase: Existing CookieManager Gestor de Cookies HTTP (Sesión JSESSIONID) superseded by Gestor de Cookies HTTP (Sesión JSESSIONID)
2026-09-17 17:37:39,381 WARN o.a.j.p.h.s.HTTPSamplerBase: Existing CookieManager Gestor de Cookies HTTP (Sesión JSESSIONID) superseded by Gestor de Cookies HTTP (Sesión JSESSIONID)
2026-09-17 17:37:39,391 WARN o.a.j.p.h.s.HTTPSamplerBase: Existing CookieManager Gestor de Cookies HTTP (Sesión JSESSIONID) superseded by Gestor de Cookies HTTP (Sesión JSESSIONID)
2026-09-17 17:37:39,393 WARN o.a.j.p.h.s.HTTPSamplerBase: Existing CookieManager Gestor de Cookies HTTP (Sesión JSESSIONID) superseded by Gestor de Cookies HTTP (Sesión JSESSIONID)
2026-09-17 17:37:39,694 WARN o.a.j.p.h.s.HTTPSamplerBase: Existing CookieManager Gestor de Cookies HTTP (Sesión JSESSIONID) superseded by Gestor de Cookies HTTP (Sesión JSESSIONID)
2026-09-17 17:37:39,694 WARN o.a.j.p.h.s.HTTPSamplerBase: Existing CookieManager Gestor de Cookies HTTP (Sesión JSESSIONID) superseded by Gestor de Cookies HTTP (Sesión JSESSIONID)
2026-09-17 17:37:39,694 WARN o.a.j.p.h.s.HTTPSamplerBase: Existing CookieManager Gestor de Cookies HTTP (Sesión JSESSIONID) superseded by Gestor de Cookies HTTP (Sesión JSESSIONID)
2026-09-17 17:37:39,694 WARN o.a.j.p.h.s.HTTPSamplerBase: Existing CookieManager Gestor de Cookies HTTP (Sesión JSESSIONID) superseded by Gestor de Cookies HTTP (Sesión JSESSIONID)
2026-09-17 17:37:39,694 WARN o.a.j.p.h.s.HTTPSamplerBase: Existing CookieManager Gestor de Cookies HTTP (Sesión JSESSIONID) superseded by Gestor de Cookies HTTP (Sesión JSESSIONID)
2026-09-17 17:37:39,694 WARN o.a.j.p.h.s.HTTPSamplerBase: Existing CookieManager Gestor de Cookies HTTP (Sesión JSESSIONID) superseded by Gestor de Cookies HTTP (Sesión JSESSIONID)
2026-09-17 17:37:39,695 WARN o.a.j.p.h.s.HTTPSamplerBase: Existing CookieManager Gestor de Cookies HTTP (Sesión JSESSIONID) superseded by Gestor de Cookies HTTP (Sesión JSESSIONID)
2026-09-17 17:37:39,873 WARN o.a.j.p.h.s.HTTPSamplerBase: Existing CookieManager Gestor de Cookies HTTP (Sesión JSESSIONID) superseded by Gestor de Cookies HTTP (Sesión JSESSIONID)
2026-09-17 17:37:39,880 WARN o.a.j.p.h.s.HTTPSamplerBase: Existing CookieManager Gestor de Cookies HTTP (Sesión JSESSIONID) superseded by Gestor de Cookies HTTP (Sesión JSESSIONID)
2026-09-17 17:37:39,880 WARN o.a.j.p.h.s.HTTPSamplerBase: Existing CookieManager Gestor de Cookies HTTP (Sesión JSESSIONID) superseded by Gestor de Cookies HTTP (Sesión JSESSIONID)
2026-09-17 17:37:39,882 WARN o.a.j.p.h.s.HTTPSamplerBase: Existing CookieManager Gestor de Cookies HTTP (Sesión JSESSIONID) superseded by Gestor de Cookies HTTP (Sesión JSESSIONID)
2026-09-17 17:37:39,882 WARN o.a.j.p.h.s.HTTPSamplerBase: Existing CookieManager Gestor de Cookies HTTP (Sesión JSESSIONID) superseded by Gestor de Cookies HTTP (Sesión JSESSIONID)
2026-09-17 17:37:39,950 WARN o.a.j.p.h.s.HTTPSamplerBase: Existing CookieManager Gestor de Cookies HTTP (Sesión JSESSIONID) superseded by Gestor de Cookies HTTP (Sesión JSESSIONID)
2026-09-17 17:37:39,960 WARN o.a.j.p.h.s.HTTPSamplerBase: Existing CookieManager Gestor de Cookies HTTP (Sesión JSESSIONID) superseded by Gestor de Cookies HTTP (Sesión JSESSIONID)
2026-09-17 17:37:39,961 WARN o.a.j.p.h.s.HTTPSamplerBase: Existing CookieManager Gestor de Cookies HTTP (Sesión JSESSIONID) superseded by Gestor de Cookies HTTP (Sesión JSESSIONID)
2026-09-17 17:37:39,965 WARN o.a.j.p.h.s.HTTPSamplerBase: Existing CookieManager Gestor de Cookies HTTP (Sesión JSESSIONID) superseded by Gestor de Cookies HTTP (Sesión JSESSIONID)
2026-09-17 17:37:39,979 WARN o.a.j.p.h.s.HTTPSamplerBase: Existing CookieManager Gestor de Cookies HTTP (Sesión JSESSIONID) superseded by Gestor de Cookies HTTP (Sesión JSESSIONID)
2026-09-17 17:37:39,980 WARN o.a.j.p.h.s.HTTPSamplerBase: Existing CookieManager Gestor de Cookies HTTP (Sesión JSESSIONID) superseded by Gestor de Cookies HTTP (Sesión JSESSIONID)
2026-09-17 17:37:40,173 WARN o.a.j.p.h.s.HTTPSamplerBase: Existing CookieManager Gestor de Cookies HTTP (Sesión JSESSIONID) superseded by Gestor de Cookies HTTP (Sesión JSESSIONID)
2026-09-17 17:37:40,173 WARN o.a.j.p.h.s.HTTPSamplerBase: Existing CookieManager Gestor de Cookies HTTP (Sesión JSESSIONID) superseded by Gestor de Cookies HTTP (Sesión JSESSIONID)
2026-09-17 17:37:40,173 WARN o.a.j.p.h.s.HTTPSamplerBase: Existing CookieManager Gestor de Cookies HTTP (Sesión JSESSIONID) superseded by Gestor de Cookies HTTP (Sesión JSESSIONID)
2026-09-17 17:37:40,173 WARN o.a.j.p.h.s.HTTPSamplerBase: Existing CookieManager Gestor de Cookies HTTP (Sesión JSESSIONID) superseded by Gestor de Cookies HTTP (Sesión JSESSIONID)
2026-09-17 17:37:40,224 WARN o.a.j.p.h.s.HTTPSamplerBase: Existing CookieManager Gestor de Cookies HTTP (Sesión JSESSIONID) superseded by Gestor de Cookies HTTP (Sesión JSESSIONID)
2026-09-17 17:37:40,317 WARN o.a.j.p.h.s.HTTPSamplerBase: Existing CookieManager Gestor de Cookies HTTP (Sesión JSESSIONID) superseded by Gestor de Cookies HTTP (Sesión JSESSIONID)
2026-09-17 17:37:40,320 WARN o.a.j.p.h.s.HTTPSamplerBase: Existing CookieManager Gestor de Cookies HTTP (Sesión JSESSIONID) superseded by Gestor de Cookies HTTP (Sesión JSESSIONID)
2026-09-17 17:37:40,320 WARN o.a.j.p.h.s.HTTPSamplerBase: Existing CookieManager Gestor de Cookies HTTP (Sesión JSESSIONID) superseded by Gestor de Cookies HTTP (Sesión JSESSIONID)
2026-09-17 17:37:40,419 WARN o.a.j.p.h.s.HTTPSamplerBase: Existing CookieManager Gestor de Cookies HTTP (Sesión JSESSIONID) superseded by Gestor de Cookies HTTP (Sesión JSESSIONID)
2026-09-17 17:37:40,432 WARN o.a.j.p.h.s.HTTPSamplerBase: Existing CookieManager Gestor de Cookies HTTP (Sesión JSESSIONID) superseded by Gestor de Cookies HTTP (Sesión JSESSIONID)
2026-09-17 17:37:40,432 WARN o.a.j.p.h.s.HTTPSamplerBase: Existing CookieManager Gestor de Cookies HTTP (Sesión JSESSIONID) superseded by Gestor de Cookies HTTP (Sesión JSESSIONID)
2026-09-17 17:37:40,432 WARN o.a.j.p.h.s.HTTPSamplerBase: Existing CookieManager Gestor de Cookies HTTP (Sesión JSESSIONID) superseded by Gestor de Cookies HTTP (Sesión JSESSIONID)
2026-09-17 17:37:40,515 WARN o.a.j.p.h.s.HTTPSamplerBase: Existing CookieManager Gestor de Cookies HTTP (Sesión JSESSIONID) superseded by Gestor de Cookies HTTP (Sesión JSESSIONID)
2026-09-17 17:37:40,661 WARN o.a.j.p.h.s.HTTPSamplerBase: Existing CookieManager Gestor de Cookies HTTP (Sesión JSESSIONID) superseded by Gestor de Cookies HTTP (Sesión JSESSIONID)
2026-09-17 17:37:40,661 WARN o.a.j.p.h.s.HTTPSamplerBase: Existing CookieManager Gestor de Cookies HTTP (Sesión JSESSIONID) superseded by Gestor de Cookies HTTP (Sesión JSESSIONID)
2026-09-17 17:37:40,661 WARN o.a.j.p.h.s.HTTPSamplerBase: Existing CookieManager Gestor de Cookies HTTP (Sesión JSESSIONID) superseded by Gestor de Cookies HTTP (Sesión JSESSIONID)
2026-09-17 17:37:40,662 WARN o.a.j.p.h.s.HTTPSamplerBase: Existing CookieManager Gestor de Cookies HTTP (Sesión JSESSIONID) superseded by Gestor de Cookies HTTP (Sesión JSESSIONID)
2026-09-17 17:37:40,662 WARN o.a.j.p.h.s.HTTPSamplerBase: Existing CookieManager Gestor de Cookies HTTP (Sesión JSESSIONID) superseded by Gestor de Cookies HTTP (Sesión JSESSIONID)
2026-09-17 17:37:40,771 WARN o.a.j.p.h.s.HTTPSamplerBase: Existing CookieManager Gestor de Cookies HTTP (Sesión JSESSIONID) superseded by Gestor de Cookies HTTP (Sesión JSESSIONID)
2026-09-17 17:37:40,926 WARN o.a.j.p.h.s.HTTPSamplerBase: Existing CookieManager Gestor de Cookies HTTP (Sesión JSESSIONID) superseded by Gestor de Cookies HTTP (Sesión JSESSIONID)
2026-09-17 17:37:41,005 WARN o.a.j.p.h.s.HTTPSamplerBase: Existing CookieManager Gestor de Cookies HTTP (Sesión JSESSIONID) superseded by Gestor de Cookies HTTP (Sesión JSESSIONID)
2026-09-17 17:37:41,006 WARN o.a.j.p.h.s.HTTPSamplerBase: Existing CookieManager Gestor de Cookies HTTP (Sesión JSESSIONID) superseded by Gestor de Cookies HTTP (Sesión JSESSIONID)
2026-09-17 17:37:41,007 WARN o.a.j.p.h.s.HTTPSamplerBase: Existing CookieManager Gestor de Cookies HTTP (Sesión JSESSIONID) superseded by Gestor de Cookies HTTP (Sesión JSESSIONID)
2026-09-17 17:37:41,135 WARN o.a.j.p.h.s.HTTPSamplerBase: Existing CookieManager Gestor de Cookies HTTP (Sesión JSESSIONID) superseded by Gestor de Cookies HTTP (Sesión JSESSIONID)
2026-09-17 17:37:41,363 WARN o.a.j.p.h.s.HTTPSamplerBase: Existing CookieManager Gestor de Cookies HTTP (Sesión JSESSIONID) superseded by Gestor de Cookies HTTP (Sesión JSESSIONID)
2026-09-17 17:37:41,494 WARN o.a.j.p.h.s.HTTPSamplerBase: Existing CookieManager Gestor de Cookies HTTP (Sesión JSESSIONID) superseded by Gestor de Cookies HTTP (Sesión JSESSIONID)
2026-09-17 17:37:41,494 WARN o.a.j.p.h.s.HTTPSamplerBase: Existing CookieManager Gestor de Cookies HTTP (Sesión JSESSIONID) superseded by Gestor de Cookies HTTP (Sesión JSESSIONID)
2026-09-17 17:37:41,508 WARN o.a.j.p.h.s.HTTPSamplerBase: Existing CookieManager Gestor de Cookies HTTP (Sesión JSESSIONID) superseded by Gestor de Cookies HTTP (Sesión JSESSIONID)
2026-09-17 17:37:41,513 WARN o.a.j.p.h.s.HTTPSamplerBase: Existing CookieManager Gestor de Cookies HTTP (Sesión JSESSIONID) superseded by Gestor de Cookies HTTP (Sesión JSESSIONID)
2026-09-17 17:37:41,612 WARN o.a.j.p.h.s.HTTPSamplerBase: Existing CookieManager Gestor de Cookies HTTP (Sesión JSESSIONID) superseded by Gestor de Cookies HTTP (Sesión JSESSIONID)
2026-09-17 17:37:41,632 WARN o.a.j.p.h.s.HTTPSamplerBase: Existing CookieManager Gestor de Cookies HTTP (Sesión JSESSIONID) superseded by Gestor de Cookies HTTP (Sesión JSESSIONID)
2026-09-17 17:37:41,699 WARN o.a.j.p.h.s.HTTPSamplerBase: Existing CookieManager Gestor de Cookies HTTP (Sesión JSESSIONID) superseded by Gestor de Cookies HTTP (Sesión JSESSIONID)
2026-09-17 17:37:41,828 WARN o.a.j.p.h.s.HTTPSamplerBase: Existing CookieManager Gestor de Cookies HTTP (Sesión JSESSIONID) superseded by Gestor de Cookies HTTP (Sesión JSESSIONID)
2026-09-17 17:37:41,931 WARN o.a.j.p.h.s.HTTPSamplerBase: Existing CookieManager Gestor de Cookies HTTP (Sesión JSESSIONID) superseded by Gestor de Cookies HTTP (Sesión JSESSIONID)
2026-09-17 17:37:41,932 WARN o.a.j.p.h.s.HTTPSamplerBase: Existing CookieManager Gestor de Cookies HTTP (Sesión JSESSIONID) superseded by Gestor de Cookies HTTP (Sesión JSESSIONID)
2026-09-17 17:37:42,169 WARN o.a.j.p.h.s.HTTPSamplerBase: Existing CookieManager Gestor de Cookies HTTP (Sesión JSESSIONID) superseded by Gestor de Cookies HTTP (Sesión JSESSIONID)
2026-09-17 17:37:42,169 WARN o.a.j.p.h.s.HTTPSamplerBase: Existing CookieManager Gestor de Cookies HTTP (Sesión JSESSIONID) superseded by Gestor de Cookies HTTP (Sesión JSESSIONID)
2026-09-17 17:37:42,169 WARN o.a.j.p.h.s.HTTPSamplerBase: Existing CookieManager Gestor de Cookies HTTP (Sesión JSESSIONID) superseded by Gestor de Cookies HTTP (Sesión JSESSIONID)
2026-09-17 17:37:42,170 WARN o.a.j.p.h.s.HTTPSamplerBase: Existing CookieManager Gestor de Cookies HTTP (Sesión JSESSIONID) superseded by Gestor de Cookies HTTP (Sesión JSESSIONID)
2026-09-17 17:37:42,170 WARN o.a.j.p.h.s.HTTPSamplerBase: Existing CookieManager Gestor de Cookies HTTP (Sesión JSESSIONID) superseded by Gestor de Cookies HTTP (Sesión JSESSIONID)
2026-09-17 17:37:42,170 WARN o.a.j.p.h.s.HTTPSamplerBase: Existing CookieManager Gestor de Cookies HTTP (Sesión JSESSIONID) superseded by Gestor de Cookies HTTP (Sesión JSESSIONID)
2026-09-17 17:37:42,170 WARN o.a.j.p.h.s.HTTPSamplerBase: Existing CookieManager Gestor de Cookies HTTP (Sesión JSESSIONID) superseded by Gestor de Cookies HTTP (Sesión JSESSIONID)
2026-09-17 17:37:42,235 WARN o.a.j.p.h.s.HTTPSamplerBase: Existing CookieManager Gestor de Cookies HTTP (Sesión JSESSIONID) superseded by Gestor de Cookies HTTP (Sesión JSESSIONID)
2026-09-17 17:37:42,313 WARN o.a.j.p.h.s.HTTPSamplerBase: Existing CookieManager Gestor de Cookies HTTP (Sesión JSESSIONID) superseded by Gestor de Cookies HTTP (Sesión JSESSIONID)
2026-09-17 17:37:42,313 WARN o.a.j.p.h.s.HTTPSamplerBase: Existing CookieManager Gestor de Cookies HTTP (Sesión JSESSIONID) superseded by Gestor de Cookies HTTP (Sesión JSESSIONID)
2026-09-17 17:37:42,317 WARN o.a.j.p.h.s.HTTPSamplerBase: Existing CookieManager Gestor de Cookies HTTP (Sesión JSESSIONID) superseded by Gestor de Cookies HTTP (Sesión JSESSIONID)
2026-09-17 17:37:42,317 WARN o.a.j.p.h.s.HTTPSamplerBase: Existing CookieManager Gestor de Cookies HTTP (Sesión JSESSIONID) superseded by Gestor de Cookies HTTP (Sesión JSESSIONID)
2026-09-17 17:37:42,373 WARN o.a.j.p.h.s.HTTPSamplerBase: Existing CookieManager Gestor de Cookies HTTP (Sesión JSESSIONID) superseded by Gestor de Cookies HTTP (Sesión JSESSIONID)
2026-09-17 17:37:42,384 WARN o.a.j.p.h.s.HTTPSamplerBase: Existing CookieManager Gestor de Cookies HTTP (Sesión JSESSIONID) superseded by Gestor de Cookies HTTP (Sesión JSESSIONID)
2026-09-17 17:37:42,386 WARN o.a.j.p.h.s.HTTPSamplerBase: Existing CookieManager Gestor de Cookies HTTP (Sesión JSESSIONID) superseded by Gestor de Cookies HTTP (Sesión JSESSIONID)
2026-09-17 17:37:42,386 WARN o.a.j.p.h.s.HTTPSamplerBase: Existing CookieManager Gestor de Cookies HTTP (Sesión JSESSIONID) superseded by Gestor de Cookies HTTP (Sesión JSESSIONID)
2026-09-17 17:37:42,388 WARN o.a.j.p.h.s.HTTPSamplerBase: Existing CookieManager Gestor de Cookies HTTP (Sesión JSESSIONID) superseded by Gestor de Cookies HTTP (Sesión JSESSIONID)
2026-09-17 17:37:42,392 WARN o.a.j.p.h.s.HTTPSamplerBase: Existing CookieManager Gestor de Cookies HTTP (Sesión JSESSIONID) superseded by Gestor de Cookies HTTP (Sesión JSESSIONID)
2026-09-17 17:37:42,630 WARN o.a.j.p.h.s.HTTPSamplerBase: Existing CookieManager Gestor de Cookies HTTP (Sesión JSESSIONID) superseded by Gestor de Cookies HTTP (Sesión JSESSIONID)
2026-09-17 17:37:42,630 WARN o.a.j.p.h.s.HTTPSamplerBase: Existing CookieManager Gestor de Cookies HTTP (Sesión JSESSIONID) superseded by Gestor de Cookies HTTP (Sesión JSESSIONID)
2026-09-17 17:37:42,630 WARN o.a.j.p.h.s.HTTPSamplerBase: Existing CookieManager Gestor de Cookies HTTP (Sesión JSESSIONID) superseded by Gestor de Cookies HTTP (Sesión JSESSIONID)
2026-09-17 17:37:42,630 WARN o.a.j.p.h.s.HTTPSamplerBase: Existing CookieManager Gestor de Cookies HTTP (Sesión JSESSIONID) superseded by Gestor de Cookies HTTP (Sesión JSESSIONID)
2026-09-17 17:37:42,630 WARN o.a.j.p.h.s.HTTPSamplerBase: Existing CookieManager Gestor de Cookies HTTP (Sesión JSESSIONID) superseded by Gestor de Cookies HTTP (Sesión JSESSIONID)
2026-09-17 17:37:42,641 WARN o.a.j.p.h.s.HTTPSamplerBase: Existing CookieManager Gestor de Cookies HTTP (Sesión JSESSIONID) superseded by Gestor de Cookies HTTP (Sesión JSESSIONID)
2026-09-17 17:37:42,751 WARN o.a.j.p.h.s.HTTPSamplerBase: Existing CookieManager Gestor de Cookies HTTP (Sesión JSESSIONID) superseded by Gestor de Cookies HTTP (Sesión JSESSIONID)
2026-09-17 17:37:42,847 WARN o.a.j.p.h.s.HTTPSamplerBase: Existing CookieManager Gestor de Cookies HTTP (Sesión JSESSIONID) superseded by Gestor de Cookies HTTP (Sesión JSESSIONID)
2026-09-17 17:37:42,854 WARN o.a.j.p.h.s.HTTPSamplerBase: Existing CookieManager Gestor de Cookies HTTP (Sesión JSESSIONID) superseded by Gestor de Cookies HTTP (Sesión JSESSIONID)
2026-09-17 17:37:42,856 WARN o.a.j.p.h.s.HTTPSamplerBase: Existing CookieManager Gestor de Cookies HTTP (Sesión JSESSIONID) superseded by Gestor de Cookies HTTP (Sesión JSESSIONID)
2026-09-17 17:37:42,856 WARN o.a.j.p.h.s.HTTPSamplerBase: Existing CookieManager Gestor de Cookies HTTP (Sesión JSESSIONID) superseded by Gestor de Cookies HTTP (Sesión JSESSIONID)
2026-09-17 17:37:42,989 WARN o.a.j.p.h.s.HTTPSamplerBase: Existing CookieManager Gestor de Cookies HTTP (Sesión JSESSIONID) superseded by Gestor de Cookies HTTP (Sesión JSESSIONID)
2026-09-17 17:37:43,004 WARN o.a.j.p.h.s.HTTPSamplerBase: Existing CookieManager Gestor de Cookies HTTP (Sesión JSESSIONID) superseded by Gestor de Cookies HTTP (Sesión JSESSIONID)
2026-09-17 17:37:43,025 WARN o.a.j.p.h.s.HTTPSamplerBase: Existing CookieManager Gestor de Cookies HTTP (Sesión JSESSIONID) superseded by Gestor de Cookies HTTP (Sesión JSESSIONID)
2026-09-17 17:37:43,027 WARN o.a.j.p.h.s.HTTPSamplerBase: Existing CookieManager Gestor de Cookies HTTP (Sesión JSESSIONID) superseded by Gestor de Cookies HTTP (Sesión JSESSIONID)
2026-09-17 17:37:43,115 WARN o.a.j.p.h.s.HTTPSamplerBase: Existing CookieManager Gestor de Cookies HTTP (Sesión JSESSIONID) superseded by Gestor de Cookies HTTP (Sesión JSESSIONID)
2026-09-17 17:37:43,115 WARN o.a.j.p.h.s.HTTPSamplerBase: Existing CookieManager Gestor de Cookies HTTP (Sesión JSESSIONID) superseded by Gestor de Cookies HTTP (Sesión JSESSIONID)
2026-09-17 17:37:43,115 WARN o.a.j.p.h.s.HTTPSamplerBase: Existing CookieManager Gestor de Cookies HTTP (Sesión JSESSIONID) superseded by Gestor de Cookies HTTP (Sesión JSESSIONID)
2026-09-17 17:37:43,115 WARN o.a.j.p.h.s.HTTPSamplerBase: Existing CookieManager Gestor de Cookies HTTP (Sesión JSESSIONID) superseded by Gestor de Cookies HTTP (Sesión JSESSIONID)
2026-09-17 17:37:43,252 WARN o.a.j.p.h.s.HTTPSamplerBase: Existing CookieManager Gestor de Cookies HTTP (Sesión JSESSIONID) superseded by Gestor de Cookies HTTP (Sesión JSESSIONID)
2026-09-17 17:37:43,379 WARN o.a.j.p.h.s.HTTPSamplerBase: Existing CookieManager Gestor de Cookies HTTP (Sesión JSESSIONID) superseded by Gestor de Cookies HTTP (Sesión JSESSIONID)
2026-09-17 17:37:43,455 WARN o.a.j.p.h.s.HTTPSamplerBase: Existing CookieManager Gestor de Cookies HTTP (Sesión JSESSIONID) superseded by Gestor de Cookies HTTP (Sesión JSESSIONID)
2026-09-17 17:37:43,455 WARN o.a.j.p.h.s.HTTPSamplerBase: Existing CookieManager Gestor de Cookies HTTP (Sesión JSESSIONID) superseded by Gestor de Cookies HTTP (Sesión JSESSIONID)
2026-09-17 17:37:43,456 WARN o.a.j.p.h.s.HTTPSamplerBase: Existing CookieManager Gestor de Cookies HTTP (Sesión JSESSIONID) superseded by Gestor de Cookies HTTP (Sesión JSESSIONID)
2026-09-17 17:37:43,456 WARN o.a.j.p.h.s.HTTPSamplerBase: Existing CookieManager Gestor de Cookies HTTP (Sesión JSESSIONID) superseded by Gestor de Cookies HTTP (Sesión JSESSIONID)
2026-09-17 17:37:43,507 WARN o.a.j.p.h.s.HTTPSamplerBase: Existing CookieManager Gestor de Cookies HTTP (Sesión JSESSIONID) superseded by Gestor de Cookies HTTP (Sesión JSESSIONID)
2026-09-17 17:37:43,524 WARN o.a.j.p.h.s.HTTPSamplerBase: Existing CookieManager Gestor de Cookies HTTP (Sesión JSESSIONID) superseded by Gestor de Cookies HTTP (Sesión JSESSIONID)
2026-09-17 17:37:43,632 WARN o.a.j.p.h.s.HTTPSamplerBase: Existing CookieManager Gestor de Cookies HTTP (Sesión JSESSIONID) superseded by Gestor de Cookies HTTP (Sesión JSESSIONID)
2026-09-17 17:37:43,893 WARN o.a.j.p.h.s.HTTPSamplerBase: Existing CookieManager Gestor de Cookies HTTP (Sesión JSESSIONID) superseded by Gestor de Cookies HTTP (Sesión JSESSIONID)
2026-09-17 17:37:43,910 WARN o.a.j.p.h.s.HTTPSamplerBase: Existing CookieManager Gestor de Cookies HTTP (Sesión JSESSIONID) superseded by Gestor de Cookies HTTP (Sesión JSESSIONID)
2026-09-17 17:37:43,911 WARN o.a.j.p.h.s.HTTPSamplerBase: Existing CookieManager Gestor de Cookies HTTP (Sesión JSESSIONID) superseded by Gestor de Cookies HTTP (Sesión JSESSIONID)
2026-09-17 17:37:43,911 WARN o.a.j.p.h.s.HTTPSamplerBase: Existing CookieManager Gestor de Cookies HTTP (Sesión JSESSIONID) superseded by Gestor de Cookies HTTP (Sesión JSESSIONID)
2026-09-17 17:37:44,151 WARN o.a.j.p.h.s.HTTPSamplerBase: Existing CookieManager Gestor de Cookies HTTP (Sesión JSESSIONID) superseded by Gestor de Cookies HTTP (Sesión JSESSIONID)
2026-09-17 17:37:44,450 WARN o.a.j.p.h.s.HTTPSamplerBase: Existing CookieManager Gestor de Cookies HTTP (Sesión JSESSIONID) superseded by Gestor de Cookies HTTP (Sesión JSESSIONID)
2026-09-17 17:37:44,450 WARN o.a.j.p.h.s.HTTPSamplerBase: Existing CookieManager Gestor de Cookies HTTP (Sesión JSESSIONID) superseded by Gestor de Cookies HTTP (Sesión JSESSIONID)
2026-09-17 17:37:44,523 WARN o.a.j.p.h.s.HTTPSamplerBase: Existing CookieManager Gestor de Cookies HTTP (Sesión JSESSIONID) superseded by Gestor de Cookies HTTP (Sesión JSESSIONID)
2026-09-17 17:37:44,642 WARN o.a.j.p.h.s.HTTPSamplerBase: Existing CookieManager Gestor de Cookies HTTP (Sesión JSESSIONID) superseded by Gestor de Cookies HTTP (Sesión JSESSIONID)
2026-09-17 17:37:44,642 WARN o.a.j.p.h.s.HTTPSamplerBase: Existing CookieManager Gestor de Cookies HTTP (Sesión JSESSIONID) superseded by Gestor de Cookies HTTP (Sesión JSESSIONID)
2026-09-17 17:37:44,643 WARN o.a.j.p.h.s.HTTPSamplerBase: Existing CookieManager Gestor de Cookies HTTP (Sesión JSESSIONID) superseded by Gestor de Cookies HTTP (Sesión JSESSIONID)
2026-09-17 17:37:44,705 WARN o.a.j.p.h.s.HTTPSamplerBase: Existing CookieManager Gestor de Cookies HTTP (Sesión JSESSIONID) superseded by Gestor de Cookies HTTP (Sesión JSESSIONID)
2026-09-17 17:37:44,710 WARN o.a.j.p.h.s.HTTPSamplerBase: Existing CookieManager Gestor de Cookies HTTP (Sesión JSESSIONID) superseded by Gestor de Cookies HTTP (Sesión JSESSIONID)
2026-09-17 17:37:44,755 WARN o.a.j.p.h.s.HTTPSamplerBase: Existing CookieManager Gestor de Cookies HTTP (Sesión JSESSIONID) superseded by Gestor de Cookies HTTP (Sesión JSESSIONID)
2026-09-17 17:37:44,760 WARN o.a.j.p.h.s.HTTPSamplerBase: Existing CookieManager Gestor de Cookies HTTP (Sesión JSESSIONID) superseded by Gestor de Cookies HTTP (Sesión JSESSIONID)
2026-09-17 17:37:44,797 WARN o.a.j.p.h.s.HTTPSamplerBase: Existing CookieManager Gestor de Cookies HTTP (Sesión JSESSIONID) superseded by Gestor de Cookies HTTP (Sesión JSESSIONID)
2026-09-17 17:37:44,805 WARN o.a.j.p.h.s.HTTPSamplerBase: Existing CookieManager Gestor de Cookies HTTP (Sesión JSESSIONID) superseded by Gestor de Cookies HTTP (Sesión JSESSIONID)
2026-09-17 17:37:44,807 WARN o.a.j.p.h.s.HTTPSamplerBase: Existing CookieManager Gestor de Cookies HTTP (Sesión JSESSIONID) superseded by Gestor de Cookies HTTP (Sesión JSESSIONID)
2026-09-17 17:37:44,808 WARN o.a.j.p.h.s.HTTPSamplerBase: Existing CookieManager Gestor de Cookies HTTP (Sesión JSESSIONID) superseded by Gestor de Cookies HTTP (Sesión JSESSIONID)
2026-09-17 17:37:44,808 WARN o.a.j.p.h.s.HTTPSamplerBase: Existing CookieManager Gestor de Cookies HTTP (Sesión JSESSIONID) superseded by Gestor de Cookies HTTP (Sesión JSESSIONID)
2026-09-17 17:37:44,809 WARN o.a.j.p.h.s.HTTPSamplerBase: Existing CookieManager Gestor de Cookies HTTP (Sesión JSESSIONID) superseded by Gestor de Cookies HTTP (Sesión JSESSIONID)
2026-09-17 17:37:44,814 WARN o.a.j.p.h.s.HTTPSamplerBase: Existing CookieManager Gestor de Cookies HTTP (Sesión JSESSIONID) superseded by Gestor de Cookies HTTP (Sesión JSESSIONID)
2026-09-17 17:37:44,971 WARN o.a.j.p.h.s.HTTPSamplerBase: Existing CookieManager Gestor de Cookies HTTP (Sesión JSESSIONID) superseded by Gestor de Cookies HTTP (Sesión JSESSIONID)
2026-09-17 17:37:44,972 WARN o.a.j.p.h.s.HTTPSamplerBase: Existing CookieManager Gestor de Cookies HTTP (Sesión JSESSIONID) superseded by Gestor de Cookies HTTP (Sesión JSESSIONID)
2026-09-17 17:37:44,973 WARN o.a.j.p.h.s.HTTPSamplerBase: Existing CookieManager Gestor de Cookies HTTP (Sesión JSESSIONID) superseded by Gestor de Cookies HTTP (Sesión JSESSIONID)
2026-09-17 17:37:44,980 WARN o.a.j.p.h.s.HTTPSamplerBase: Existing CookieManager Gestor de Cookies HTTP (Sesión JSESSIONID) superseded by Gestor de Cookies HTTP (Sesión JSESSIONID)
2026-09-17 17:37:44,982 WARN o.a.j.p.h.s.HTTPSamplerBase: Existing CookieManager Gestor de Cookies HTTP (Sesión JSESSIONID) superseded by Gestor de Cookies HTTP (Sesión JSESSIONID)
2026-09-17 17:37:44,988 WARN o.a.j.p.h.s.HTTPSamplerBase: Existing CookieManager Gestor de Cookies HTTP (Sesión JSESSIONID) superseded by Gestor de Cookies HTTP (Sesión JSESSIONID)
2026-09-17 17:37:45,133 WARN o.a.j.p.h.s.HTTPSamplerBase: Existing CookieManager Gestor de Cookies HTTP (Sesión JSESSIONID) superseded by Gestor de Cookies HTTP (Sesión JSESSIONID)
2026-09-17 17:37:45,133 WARN o.a.j.p.h.s.HTTPSamplerBase: Existing CookieManager Gestor de Cookies HTTP (Sesión JSESSIONID) superseded by Gestor de Cookies HTTP (Sesión JSESSIONID)
2026-09-17 17:37:45,133 WARN o.a.j.p.h.s.HTTPSamplerBase: Existing CookieManager Gestor de Cookies HTTP (Sesión JSESSIONID) superseded by Gestor de Cookies HTTP (Sesión JSESSIONID)
2026-09-17 17:37:45,133 WARN o.a.j.p.h.s.HTTPSamplerBase: Existing CookieManager Gestor de Cookies HTTP (Sesión JSESSIONID) superseded by Gestor de Cookies HTTP (Sesión JSESSIONID)
2026-09-17 17:37:45,155 WARN o.a.j.p.h.s.HTTPSamplerBase: Existing CookieManager Gestor de Cookies HTTP (Sesión JSESSIONID) superseded by Gestor de Cookies HTTP (Sesión JSESSIONID)
2026-09-17 17:37:45,206 WARN o.a.j.p.h.s.HTTPSamplerBase: Existing CookieManager Gestor de Cookies HTTP (Sesión JSESSIONID) superseded by Gestor de Cookies HTTP (Sesión JSESSIONID)
2026-09-17 17:37:45,226 WARN o.a.j.p.h.s.HTTPSamplerBase: Existing CookieManager Gestor de Cookies HTTP (Sesión JSESSIONID) superseded by Gestor de Cookies HTTP (Sesión JSESSIONID)
2026-09-17 17:37:45,380 WARN o.a.j.p.h.s.HTTPSamplerBase: Existing CookieManager Gestor de Cookies HTTP (Sesión JSESSIONID) superseded by Gestor de Cookies HTTP (Sesión JSESSIONID)
2026-09-17 17:37:45,791 WARN o.a.j.p.h.s.HTTPSamplerBase: Existing CookieManager Gestor de Cookies HTTP (Sesión JSESSIONID) superseded by Gestor de Cookies HTTP (Sesión JSESSIONID)
2026-09-17 17:37:45,812 WARN o.a.j.p.h.s.HTTPSamplerBase: Existing CookieManager Gestor de Cookies HTTP (Sesión JSESSIONID) superseded by Gestor de Cookies HTTP (Sesión JSESSIONID)
2026-09-17 17:37:45,812 WARN o.a.j.p.h.s.HTTPSamplerBase: Existing CookieManager Gestor de Cookies HTTP (Sesión JSESSIONID) superseded by Gestor de Cookies HTTP (Sesión JSESSIONID)
2026-09-17 17:37:45,812 WARN o.a.j.p.h.s.HTTPSamplerBase: Existing CookieManager Gestor de Cookies HTTP (Sesión JSESSIONID) superseded by Gestor de Cookies HTTP (Sesión JSESSIONID)
2026-09-17 17:37:45,866 WARN o.a.j.p.h.s.HTTPSamplerBase: Existing CookieManager Gestor de Cookies HTTP (Sesión JSESSIONID) superseded by Gestor de Cookies HTTP (Sesión JSESSIONID)
2026-09-17 17:37:45,982 WARN o.a.j.p.h.s.HTTPSamplerBase: Existing CookieManager Gestor de Cookies HTTP (Sesión JSESSIONID) superseded by Gestor de Cookies HTTP (Sesión JSESSIONID)
2026-09-17 17:37:45,982 WARN o.a.j.p.h.s.HTTPSamplerBase: Existing CookieManager Gestor de Cookies HTTP (Sesión JSESSIONID) superseded by Gestor de Cookies HTTP (Sesión JSESSIONID)
2026-09-17 17:37:46,162 WARN o.a.j.p.h.s.HTTPSamplerBase: Existing CookieManager Gestor de Cookies HTTP (Sesión JSESSIONID) superseded by Gestor de Cookies HTTP (Sesión JSESSIONID)
2026-09-17 17:37:46,293 WARN o.a.j.p.h.s.HTTPSamplerBase: Existing CookieManager Gestor de Cookies HTTP (Sesión JSESSIONID) superseded by Gestor de Cookies HTTP (Sesión JSESSIONID)
2026-09-17 17:37:46,332 WARN o.a.j.p.h.s.HTTPSamplerBase: Existing CookieManager Gestor de Cookies HTTP (Sesión JSESSIONID) superseded by Gestor de Cookies HTTP (Sesión JSESSIONID)
2026-09-17 17:37:46,335 WARN o.a.j.p.h.s.HTTPSamplerBase: Existing CookieManager Gestor de Cookies HTTP (Sesión JSESSIONID) superseded by Gestor de Cookies HTTP (Sesión JSESSIONID)
2026-09-17 17:37:46,339 WARN o.a.j.p.h.s.HTTPSamplerBase: Existing CookieManager Gestor de Cookies HTTP (Sesión JSESSIONID) superseded by Gestor de Cookies HTTP (Sesión JSESSIONID)
2026-09-17 17:37:46,341 WARN o.a.j.p.h.s.HTTPSamplerBase: Existing CookieManager Gestor de Cookies HTTP (Sesión JSESSIONID) superseded by Gestor de Cookies HTTP (Sesión JSESSIONID)
2026-09-17 17:37:46,434 WARN o.a.j.p.h.s.HTTPSamplerBase: Existing CookieManager Gestor de Cookies HTTP (Sesión JSESSIONID) superseded by Gestor de Cookies HTTP (Sesión JSESSIONID)
2026-09-17 17:37:46,694 WARN o.a.j.p.h.s.HTTPSamplerBase: Existing CookieManager Gestor de Cookies HTTP (Sesión JSESSIONID) superseded by Gestor de Cookies HTTP (Sesión JSESSIONID)
2026-09-17 17:37:46,703 WARN o.a.j.p.h.s.HTTPSamplerBase: Existing CookieManager Gestor de Cookies HTTP (Sesión JSESSIONID) superseded by Gestor de Cookies HTTP (Sesión JSESSIONID)
2026-09-17 17:37:46,779 WARN o.a.j.p.h.s.HTTPSamplerBase: Existing CookieManager Gestor de Cookies HTTP (Sesión JSESSIONID) superseded by Gestor de Cookies HTTP (Sesión JSESSIONID)
2026-09-17 17:37:46,979 WARN o.a.j.p.h.s.HTTPSamplerBase: Existing CookieManager Gestor de Cookies HTTP (Sesión JSESSIONID) superseded by Gestor de Cookies HTTP (Sesión JSESSIONID)
2026-09-17 17:37:47,133 WARN o.a.j.p.h.s.HTTPSamplerBase: Existing CookieManager Gestor de Cookies HTTP (Sesión JSESSIONID) superseded by Gestor de Cookies HTTP (Sesión JSESSIONID)
2026-09-17 17:37:47,174 WARN o.a.j.p.h.s.HTTPSamplerBase: Existing CookieManager Gestor de Cookies HTTP (Sesión JSESSIONID) superseded by Gestor de Cookies HTTP (Sesión JSESSIONID)
2026-09-17 17:37:47,178 WARN o.a.j.p.h.s.HTTPSamplerBase: Existing CookieManager Gestor de Cookies HTTP (Sesión JSESSIONID) superseded by Gestor de Cookies HTTP (Sesión JSESSIONID)
2026-09-17 17:37:47,178 WARN o.a.j.p.h.s.HTTPSamplerBase: Existing CookieManager Gestor de Cookies HTTP (Sesión JSESSIONID) superseded by Gestor de Cookies HTTP (Sesión JSESSIONID)
2026-09-17 17:37:47,189 WARN o.a.j.p.h.s.HTTPSamplerBase: Existing CookieManager Gestor de Cookies HTTP (Sesión JSESSIONID) superseded by Gestor de Cookies HTTP (Sesión JSESSIONID)
2026-09-17 17:37:47,190 WARN o.a.j.p.h.s.HTTPSamplerBase: Existing CookieManager Gestor de Cookies HTTP (Sesión JSESSIONID) superseded by Gestor de Cookies HTTP (Sesión JSESSIONID)
2026-09-17 17:37:47,255 WARN o.a.j.p.h.s.HTTPSamplerBase: Existing CookieManager Gestor de Cookies HTTP (Sesión JSESSIONID) superseded by Gestor de Cookies HTTP (Sesión JSESSIONID)
2026-09-17 17:37:47,272 WARN o.a.j.p.h.s.HTTPSamplerBase: Existing CookieManager Gestor de Cookies HTTP (Sesión JSESSIONID) superseded by Gestor de Cookies HTTP (Sesión JSESSIONID)
2026-09-17 17:37:47,281 WARN o.a.j.p.h.s.HTTPSamplerBase: Existing CookieManager Gestor de Cookies HTTP (Sesión JSESSIONID) superseded by Gestor de Cookies HTTP (Sesión JSESSIONID)
2026-09-17 17:37:47,290 WARN o.a.j.p.h.s.HTTPSamplerBase: Existing CookieManager Gestor de Cookies HTTP (Sesión JSESSIONID) superseded by Gestor de Cookies HTTP (Sesión JSESSIONID)
2026-09-17 17:37:47,293 WARN o.a.j.p.h.s.HTTPSamplerBase: Existing CookieManager Gestor de Cookies HTTP (Sesión JSESSIONID) superseded by Gestor de Cookies HTTP (Sesión JSESSIONID)
2026-09-17 17:37:47,383 WARN o.a.j.p.h.s.HTTPSamplerBase: Existing CookieManager Gestor de Cookies HTTP (Sesión JSESSIONID) superseded by Gestor de Cookies HTTP (Sesión JSESSIONID)
2026-09-17 17:37:47,384 WARN o.a.j.p.h.s.HTTPSamplerBase: Existing CookieManager Gestor de Cookies HTTP (Sesión JSESSIONID) superseded by Gestor de Cookies HTTP (Sesión JSESSIONID)
2026-09-17 17:37:47,447 WARN o.a.j.p.h.s.HTTPSamplerBase: Existing CookieManager Gestor de Cookies HTTP (Sesión JSESSIONID) superseded by Gestor de Cookies HTTP (Sesión JSESSIONID)
2026-09-17 17:37:47,692 WARN o.a.j.p.h.s.HTTPSamplerBase: Existing CookieManager Gestor de Cookies HTTP (Sesión JSESSIONID) superseded by Gestor de Cookies HTTP (Sesión JSESSIONID)
2026-09-17 17:37:47,692 WARN o.a.j.p.h.s.HTTPSamplerBase: Existing CookieManager Gestor de Cookies HTTP (Sesión JSESSIONID) superseded by Gestor de Cookies HTTP (Sesión JSESSIONID)
2026-09-17 17:37:47,692 WARN o.a.j.p.h.s.HTTPSamplerBase: Existing CookieManager Gestor de Cookies HTTP (Sesión JSESSIONID) superseded by Gestor de Cookies HTTP (Sesión JSESSIONID)
2026-09-17 17:37:47,692 WARN o.a.j.p.h.s.HTTPSamplerBase: Existing CookieManager Gestor de Cookies HTTP (Sesión JSESSIONID) superseded by Gestor de Cookies HTTP (Sesión JSESSIONID)
2026-09-17 17:37:47,692 WARN o.a.j.p.h.s.HTTPSamplerBase: Existing CookieManager Gestor de Cookies HTTP (Sesión JSESSIONID) superseded by Gestor de Cookies HTTP (Sesión JSESSIONID)
2026-09-17 17:37:47,692 WARN o.a.j.p.h.s.HTTPSamplerBase: Existing CookieManager Gestor de Cookies HTTP (Sesión JSESSIONID) superseded by Gestor de Cookies HTTP (Sesión JSESSIONID)
2026-09-17 17:37:47,692 WARN o.a.j.p.h.s.HTTPSamplerBase: Existing CookieManager Gestor de Cookies HTTP (Sesión JSESSIONID) superseded by Gestor de Cookies HTTP (Sesión JSESSIONID)
2026-09-17 17:37:47,692 WARN o.a.j.p.h.s.HTTPSamplerBase: Existing CookieManager Gestor de Cookies HTTP (Sesión JSESSIONID) superseded by Gestor de Cookies HTTP (Sesión JSESSIONID)
2026-09-17 17:37:47,692 WARN o.a.j.p.h.s.HTTPSamplerBase: Existing CookieManager Gestor de Cookies HTTP (Sesión JSESSIONID) superseded by Gestor de Cookies HTTP (Sesión JSESSIONID)
2026-09-17 17:37:47,692 WARN o.a.j.p.h.s.HTTPSamplerBase: Existing CookieManager Gestor de Cookies HTTP (Sesión JSESSIONID) superseded by Gestor de Cookies HTTP (Sesión JSESSIONID)
2026-09-17 17:37:47,692 WARN o.a.j.p.h.s.HTTPSamplerBase: Existing CookieManager Gestor de Cookies HTTP (Sesión JSESSIONID) superseded by Gestor de Cookies HTTP (Sesión JSESSIONID)
2026-09-17 17:37:47,693 WARN o.a.j.p.h.s.HTTPSamplerBase: Existing CookieManager Gestor de Cookies HTTP (Sesión JSESSIONID) superseded by Gestor de Cookies HTTP (Sesión JSESSIONID)
2026-09-17 17:37:47,812 WARN o.a.j.p.h.s.HTTPSamplerBase: Existing CookieManager Gestor de Cookies HTTP (Sesión JSESSIONID) superseded by Gestor de Cookies HTTP (Sesión JSESSIONID)
2026-09-17 17:37:47,845 WARN o.a.j.p.h.s.HTTPSamplerBase: Existing CookieManager Gestor de Cookies HTTP (Sesión JSESSIONID) superseded by Gestor de Cookies HTTP (Sesión JSESSIONID)
2026-09-17 17:37:47,925 WARN o.a.j.p.h.s.HTTPSamplerBase: Existing CookieManager Gestor de Cookies HTTP (Sesión JSESSIONID) superseded by Gestor de Cookies HTTP (Sesión JSESSIONID)
2026-09-17 17:37:47,925 WARN o.a.j.p.h.s.HTTPSamplerBase: Existing CookieManager Gestor de Cookies HTTP (Sesión JSESSIONID) superseded by Gestor de Cookies HTTP (Sesión JSESSIONID)
2026-09-17 17:37:48,018 WARN o.a.j.p.h.s.HTTPSamplerBase: Existing CookieManager Gestor de Cookies HTTP (Sesión JSESSIONID) superseded by Gestor de Cookies HTTP (Sesión JSESSIONID)
2026-09-17 17:37:48,140 WARN o.a.j.p.h.s.HTTPSamplerBase: Existing CookieManager Gestor de Cookies HTTP (Sesión JSESSIONID) superseded by Gestor de Cookies HTTP (Sesión JSESSIONID)
2026-09-17 17:37:48,140 WARN o.a.j.p.h.s.HTTPSamplerBase: Existing CookieManager Gestor de Cookies HTTP (Sesión JSESSIONID) superseded by Gestor de Cookies HTTP (Sesión JSESSIONID)
2026-09-17 17:37:48,257 WARN o.a.j.p.h.s.HTTPSamplerBase: Existing CookieManager Gestor de Cookies HTTP (Sesión JSESSIONID) superseded by Gestor de Cookies HTTP (Sesión JSESSIONID)
2026-09-17 17:37:48,257 WARN o.a.j.p.h.s.HTTPSamplerBase: Existing CookieManager Gestor de Cookies HTTP (Sesión JSESSIONID) superseded by Gestor de Cookies HTTP (Sesión JSESSIONID)
2026-09-17 17:37:48,258 WARN o.a.j.p.h.s.HTTPSamplerBase: Existing CookieManager Gestor de Cookies HTTP (Sesión JSESSIONID) superseded by Gestor de Cookies HTTP (Sesión JSESSIONID)
2026-09-17 17:37:48,346 WARN o.a.j.p.h.s.HTTPSamplerBase: Existing CookieManager Gestor de Cookies HTTP (Sesión JSESSIONID) superseded by Gestor de Cookies HTTP (Sesión JSESSIONID)
2026-09-17 17:37:48,862 WARN o.a.j.p.h.s.HTTPSamplerBase: Existing CookieManager Gestor de Cookies HTTP (Sesión JSESSIONID) superseded by Gestor de Cookies HTTP (Sesión JSESSIONID)
2026-09-17 17:37:48,995 WARN o.a.j.p.h.s.HTTPSamplerBase: Existing CookieManager Gestor de Cookies HTTP (Sesión JSESSIONID) superseded by Gestor de Cookies HTTP (Sesión JSESSIONID)
2026-09-17 17:37:49,018 WARN o.a.j.p.h.s.HTTPSamplerBase: Existing CookieManager Gestor de Cookies HTTP (Sesión JSESSIONID) superseded by Gestor de Cookies HTTP (Sesión JSESSIONID)
2026-09-17 17:37:49,020 WARN o.a.j.p.h.s.HTTPSamplerBase: Existing CookieManager Gestor de Cookies HTTP (Sesión JSESSIONID) superseded by Gestor de Cookies HTTP (Sesión JSESSIONID)
2026-09-17 17:37:49,330 WARN o.a.j.p.h.s.HTTPSamplerBase: Existing CookieManager Gestor de Cookies HTTP (Sesión JSESSIONID) superseded by Gestor de Cookies HTTP (Sesión JSESSIONID)
2026-09-17 17:37:49,365 WARN o.a.j.p.h.s.HTTPSamplerBase: Existing CookieManager Gestor de Cookies HTTP (Sesión JSESSIONID) superseded by Gestor de Cookies HTTP (Sesión JSESSIONID)
2026-09-17 17:37:49,365 WARN o.a.j.p.h.s.HTTPSamplerBase: Existing CookieManager Gestor de Cookies HTTP (Sesión JSESSIONID) superseded by Gestor de Cookies HTTP (Sesión JSESSIONID)
2026-09-17 17:37:49,366 WARN o.a.j.p.h.s.HTTPSamplerBase: Existing CookieManager Gestor de Cookies HTTP (Sesión JSESSIONID) superseded by Gestor de Cookies HTTP (Sesión JSESSIONID)
2026-09-17 17:37:49,367 WARN o.a.j.p.h.s.HTTPSamplerBase: Existing CookieManager Gestor de Cookies HTTP (Sesión JSESSIONID) superseded by Gestor de Cookies HTTP (Sesión JSESSIONID)
2026-09-17 17:37:49,367 WARN o.a.j.p.h.s.HTTPSamplerBase: Existing CookieManager Gestor de Cookies HTTP (Sesión JSESSIONID) superseded by Gestor de Cookies HTTP (Sesión JSESSIONID)
2026-09-17 17:37:49,448 WARN o.a.j.p.h.s.HTTPSamplerBase: Existing CookieManager Gestor de Cookies HTTP (Sesión JSESSIONID) superseded by Gestor de Cookies HTTP (Sesión JSESSIONID)
2026-09-17 17:37:49,448 WARN o.a.j.p.h.s.HTTPSamplerBase: Existing CookieManager Gestor de Cookies HTTP (Sesión JSESSIONID) superseded by Gestor de Cookies HTTP (Sesión JSESSIONID)
2026-09-17 17:37:49,667 WARN o.a.j.p.h.s.HTTPSamplerBase: Existing CookieManager Gestor de Cookies HTTP (Sesión JSESSIONID) superseded by Gestor de Cookies HTTP (Sesión JSESSIONID)
2026-09-17 17:37:49,668 WARN o.a.j.p.h.s.HTTPSamplerBase: Existing CookieManager Gestor de Cookies HTTP (Sesión JSESSIONID) superseded by Gestor de Cookies HTTP (Sesión JSESSIONID)
2026-09-17 17:37:49,668 WARN o.a.j.p.h.s.HTTPSamplerBase: Existing CookieManager Gestor de Cookies HTTP (Sesión JSESSIONID) superseded by Gestor de Cookies HTTP (Sesión JSESSIONID)
2026-09-17 17:37:49,877 WARN o.a.j.p.h.s.HTTPSamplerBase: Existing CookieManager Gestor de Cookies HTTP (Sesión JSESSIONID) superseded by Gestor de Cookies HTTP (Sesión JSESSIONID)
2026-09-17 17:37:49,913 WARN o.a.j.p.h.s.HTTPSamplerBase: Existing CookieManager Gestor de Cookies HTTP (Sesión JSESSIONID) superseded by Gestor de Cookies HTTP (Sesión JSESSIONID)
2026-09-17 17:37:49,918 WARN o.a.j.p.h.s.HTTPSamplerBase: Existing CookieManager Gestor de Cookies HTTP (Sesión JSESSIONID) superseded by Gestor de Cookies HTTP (Sesión JSESSIONID)
2026-09-17 17:37:49,962 WARN o.a.j.p.h.s.HTTPSamplerBase: Existing CookieManager Gestor de Cookies HTTP (Sesión JSESSIONID) superseded by Gestor de Cookies HTTP (Sesión JSESSIONID)
2026-09-17 17:37:50,200 WARN o.a.j.p.h.s.HTTPSamplerBase: Existing CookieManager Gestor de Cookies HTTP (Sesión JSESSIONID) superseded by Gestor de Cookies HTTP (Sesión JSESSIONID)
2026-09-17 17:37:50,201 WARN o.a.j.p.h.s.HTTPSamplerBase: Existing CookieManager Gestor de Cookies HTTP (Sesión JSESSIONID) superseded by Gestor de Cookies HTTP (Sesión JSESSIONID)
2026-09-17 17:37:50,277 WARN o.a.j.p.h.s.HTTPSamplerBase: Existing CookieManager Gestor de Cookies HTTP (Sesión JSESSIONID) superseded by Gestor de Cookies HTTP (Sesión JSESSIONID)
2026-09-17 17:37:50,294 WARN o.a.j.p.h.s.HTTPSamplerBase: Existing CookieManager Gestor de Cookies HTTP (Sesión JSESSIONID) superseded by Gestor de Cookies HTTP (Sesión JSESSIONID)
2026-09-17 17:37:50,294 WARN o.a.j.p.h.s.HTTPSamplerBase: Existing CookieManager Gestor de Cookies HTTP (Sesión JSESSIONID) superseded by Gestor de Cookies HTTP (Sesión JSESSIONID)
2026-09-17 17:37:50,297 WARN o.a.j.p.h.s.HTTPSamplerBase: Existing CookieManager Gestor de Cookies HTTP (Sesión JSESSIONID) superseded by Gestor de Cookies HTTP (Sesión JSESSIONID)
2026-09-17 17:37:50,299 WARN o.a.j.p.h.s.HTTPSamplerBase: Existing CookieManager Gestor de Cookies HTTP (Sesión JSESSIONID) superseded by Gestor de Cookies HTTP (Sesión JSESSIONID)
2026-09-17 17:37:50,344 WARN o.a.j.p.h.s.HTTPSamplerBase: Existing CookieManager Gestor de Cookies HTTP (Sesión JSESSIONID) superseded by Gestor de Cookies HTTP (Sesión JSESSIONID)
2026-09-17 17:37:50,412 WARN o.a.j.p.h.s.HTTPSamplerBase: Existing CookieManager Gestor de Cookies HTTP (Sesión JSESSIONID) superseded by Gestor de Cookies HTTP (Sesión JSESSIONID)
2026-09-17 17:37:50,413 WARN o.a.j.p.h.s.HTTPSamplerBase: Existing CookieManager Gestor de Cookies HTTP (Sesión JSESSIONID) superseded by Gestor de Cookies HTTP (Sesión JSESSIONID)
2026-09-17 17:37:50,413 WARN o.a.j.p.h.s.HTTPSamplerBase: Existing CookieManager Gestor de Cookies HTTP (Sesión JSESSIONID) superseded by Gestor de Cookies HTTP (Sesión JSESSIONID)
2026-09-17 17:37:50,450 WARN o.a.j.p.h.s.HTTPSamplerBase: Existing CookieManager Gestor de Cookies HTTP (Sesión JSESSIONID) superseded by Gestor de Cookies HTTP (Sesión JSESSIONID)
2026-09-17 17:37:50,466 WARN o.a.j.p.h.s.HTTPSamplerBase: Existing CookieManager Gestor de Cookies HTTP (Sesión JSESSIONID) superseded by Gestor de Cookies HTTP (Sesión JSESSIONID)
2026-09-17 17:37:50,467 WARN o.a.j.p.h.s.HTTPSamplerBase: Existing CookieManager Gestor de Cookies HTTP (Sesión JSESSIONID) superseded by Gestor de Cookies HTTP (Sesión JSESSIONID)
2026-09-17 17:37:50,468 WARN o.a.j.p.h.s.HTTPSamplerBase: Existing CookieManager Gestor de Cookies HTTP (Sesión JSESSIONID) superseded by Gestor de Cookies HTTP (Sesión JSESSIONID)
2026-09-17 17:37:50,470 WARN o.a.j.p.h.s.HTTPSamplerBase: Existing CookieManager Gestor de Cookies HTTP (Sesión JSESSIONID) superseded by Gestor de Cookies HTTP (Sesión JSESSIONID)
2026-09-17 17:37:50,873 WARN o.a.j.p.h.s.HTTPSamplerBase: Existing CookieManager Gestor de Cookies HTTP (Sesión JSESSIONID) superseded by Gestor de Cookies HTTP (Sesión JSESSIONID)
2026-09-17 17:37:50,912 WARN o.a.j.p.h.s.HTTPSamplerBase: Existing CookieManager Gestor de Cookies HTTP (Sesión JSESSIONID) superseded by Gestor de Cookies HTTP (Sesión JSESSIONID)
2026-09-17 17:37:50,979 WARN o.a.j.p.h.s.HTTPSamplerBase: Existing CookieManager Gestor de Cookies HTTP (Sesión JSESSIONID) superseded by Gestor de Cookies HTTP (Sesión JSESSIONID)
2026-09-17 17:37:50,980 WARN o.a.j.p.h.s.HTTPSamplerBase: Existing CookieManager Gestor de Cookies HTTP (Sesión JSESSIONID) superseded by Gestor de Cookies HTTP (Sesión JSESSIONID)
2026-09-17 17:37:51,126 WARN o.a.j.p.h.s.HTTPSamplerBase: Existing CookieManager Gestor de Cookies HTTP (Sesión JSESSIONID) superseded by Gestor de Cookies HTTP (Sesión JSESSIONID)
2026-09-17 17:37:51,126 WARN o.a.j.p.h.s.HTTPSamplerBase: Existing CookieManager Gestor de Cookies HTTP (Sesión JSESSIONID) superseded by Gestor de Cookies HTTP (Sesión JSESSIONID)
2026-09-17 17:37:51,126 WARN o.a.j.p.h.s.HTTPSamplerBase: Existing CookieManager Gestor de Cookies HTTP (Sesión JSESSIONID) superseded by Gestor de Cookies HTTP (Sesión JSESSIONID)
2026-09-17 17:37:51,126 WARN o.a.j.p.h.s.HTTPSamplerBase: Existing CookieManager Gestor de Cookies HTTP (Sesión JSESSIONID) superseded by Gestor de Cookies HTTP (Sesión JSESSIONID)
2026-09-17 17:37:51,135 WARN o.a.j.p.h.s.HTTPSamplerBase: Existing CookieManager Gestor de Cookies HTTP (Sesión JSESSIONID) superseded by Gestor de Cookies HTTP (Sesión JSESSIONID)
2026-09-17 17:37:51,150 WARN o.a.j.p.h.s.HTTPSamplerBase: Existing CookieManager Gestor de Cookies HTTP (Sesión JSESSIONID) superseded by Gestor de Cookies HTTP (Sesión JSESSIONID)
2026-09-17 17:37:51,256 WARN o.a.j.p.h.s.HTTPSamplerBase: Existing CookieManager Gestor de Cookies HTTP (Sesión JSESSIONID) superseded by Gestor de Cookies HTTP (Sesión JSESSIONID)
2026-09-17 17:37:51,373 WARN o.a.j.p.h.s.HTTPSamplerBase: Existing CookieManager Gestor de Cookies HTTP (Sesión JSESSIONID) superseded by Gestor de Cookies HTTP (Sesión JSESSIONID)
2026-09-17 17:37:51,497 WARN o.a.j.p.h.s.HTTPSamplerBase: Existing CookieManager Gestor de Cookies HTTP (Sesión JSESSIONID) superseded by Gestor de Cookies HTTP (Sesión JSESSIONID)
2026-09-17 17:37:51,796 WARN o.a.j.p.h.s.HTTPSamplerBase: Existing CookieManager Gestor de Cookies HTTP (Sesión JSESSIONID) superseded by Gestor de Cookies HTTP (Sesión JSESSIONID)
2026-09-17 17:37:51,796 WARN o.a.j.p.h.s.HTTPSamplerBase: Existing CookieManager Gestor de Cookies HTTP (Sesión JSESSIONID) superseded by Gestor de Cookies HTTP (Sesión JSESSIONID)
2026-09-17 17:37:51,806 WARN o.a.j.p.h.s.HTTPSamplerBase: Existing CookieManager Gestor de Cookies HTTP (Sesión JSESSIONID) superseded by Gestor de Cookies HTTP (Sesión JSESSIONID)
2026-09-17 17:37:52,028 WARN o.a.j.p.h.s.HTTPSamplerBase: Existing CookieManager Gestor de Cookies HTTP (Sesión JSESSIONID) superseded by Gestor de Cookies HTTP (Sesión JSESSIONID)
2026-09-17 17:37:52,460 WARN o.a.j.p.h.s.HTTPSamplerBase: Existing CookieManager Gestor de Cookies HTTP (Sesión JSESSIONID) superseded by Gestor de Cookies HTTP (Sesión JSESSIONID)
2026-09-17 17:37:52,462 WARN o.a.j.p.h.s.HTTPSamplerBase: Existing CookieManager Gestor de Cookies HTTP (Sesión JSESSIONID) superseded by Gestor de Cookies HTTP (Sesión JSESSIONID)
2026-09-17 17:37:52,478 WARN o.a.j.p.h.s.HTTPSamplerBase: Existing CookieManager Gestor de Cookies HTTP (Sesión JSESSIONID) superseded by Gestor de Cookies HTTP (Sesión JSESSIONID)
2026-09-17 17:37:52,481 WARN o.a.j.p.h.s.HTTPSamplerBase: Existing CookieManager Gestor de Cookies HTTP (Sesión JSESSIONID) superseded by Gestor de Cookies HTTP (Sesión JSESSIONID)
2026-09-17 17:37:52,665 WARN o.a.j.p.h.s.HTTPSamplerBase: Existing CookieManager Gestor de Cookies HTTP (Sesión JSESSIONID) superseded by Gestor de Cookies HTTP (Sesión JSESSIONID)
2026-09-17 17:37:52,665 WARN o.a.j.p.h.s.HTTPSamplerBase: Existing CookieManager Gestor de Cookies HTTP (Sesión JSESSIONID) superseded by Gestor de Cookies HTTP (Sesión JSESSIONID)
2026-09-17 17:37:52,733 WARN o.a.j.p.h.s.HTTPSamplerBase: Existing CookieManager Gestor de Cookies HTTP (Sesión JSESSIONID) superseded by Gestor de Cookies HTTP (Sesión JSESSIONID)
2026-09-17 17:37:52,733 WARN o.a.j.p.h.s.HTTPSamplerBase: Existing CookieManager Gestor de Cookies HTTP (Sesión JSESSIONID) superseded by Gestor de Cookies HTTP (Sesión JSESSIONID)
2026-09-17 17:37:52,897 WARN o.a.j.p.h.s.HTTPSamplerBase: Existing CookieManager Gestor de Cookies HTTP (Sesión JSESSIONID) superseded by Gestor de Cookies HTTP (Sesión JSESSIONID)
2026-09-17 17:37:52,899 WARN o.a.j.p.h.s.HTTPSamplerBase: Existing CookieManager Gestor de Cookies HTTP (Sesión JSESSIONID) superseded by Gestor de Cookies HTTP (Sesión JSESSIONID)
2026-09-17 17:37:52,901 WARN o.a.j.p.h.s.HTTPSamplerBase: Existing CookieManager Gestor de Cookies HTTP (Sesión JSESSIONID) superseded by Gestor de Cookies HTTP (Sesión JSESSIONID)
2026-09-17 17:37:53,160 WARN o.a.j.p.h.s.HTTPSamplerBase: Existing CookieManager Gestor de Cookies HTTP (Sesión JSESSIONID) superseded by Gestor de Cookies HTTP (Sesión JSESSIONID)
2026-09-17 17:37:53,160 WARN o.a.j.p.h.s.HTTPSamplerBase: Existing CookieManager Gestor de Cookies HTTP (Sesión JSESSIONID) superseded by Gestor de Cookies HTTP (Sesión JSESSIONID)
2026-09-17 17:37:53,161 WARN o.a.j.p.h.s.HTTPSamplerBase: Existing CookieManager Gestor de Cookies HTTP (Sesión JSESSIONID) superseded by Gestor de Cookies HTTP (Sesión JSESSIONID)
2026-09-17 17:37:53,182 WARN o.a.j.p.h.s.HTTPSamplerBase: Existing CookieManager Gestor de Cookies HTTP (Sesión JSESSIONID) superseded by Gestor de Cookies HTTP (Sesión JSESSIONID)
2026-09-17 17:37:53,182 WARN o.a.j.p.h.s.HTTPSamplerBase: Existing CookieManager Gestor de Cookies HTTP (Sesión JSESSIONID) superseded by Gestor de Cookies HTTP (Sesión JSESSIONID)
2026-09-17 17:37:53,186 WARN o.a.j.p.h.s.HTTPSamplerBase: Existing CookieManager Gestor de Cookies HTTP (Sesión JSESSIONID) superseded by Gestor de Cookies HTTP (Sesión JSESSIONID)
2026-09-17 17:37:53,187 WARN o.a.j.p.h.s.HTTPSamplerBase: Existing CookieManager Gestor de Cookies HTTP (Sesión JSESSIONID) superseded by Gestor de Cookies HTTP (Sesión JSESSIONID)
2026-09-17 17:37:53,187 WARN o.a.j.p.h.s.HTTPSamplerBase: Existing CookieManager Gestor de Cookies HTTP (Sesión JSESSIONID) superseded by Gestor de Cookies HTTP (Sesión JSESSIONID)
2026-09-17 17:37:53,253 WARN o.a.j.p.h.s.HTTPSamplerBase: Existing CookieManager Gestor de Cookies HTTP (Sesión JSESSIONID) superseded by Gestor de Cookies HTTP (Sesión JSESSIONID)
2026-09-17 17:37:53,254 WARN o.a.j.p.h.s.HTTPSamplerBase: Existing CookieManager Gestor de Cookies HTTP (Sesión JSESSIONID) superseded by Gestor de Cookies HTTP (Sesión JSESSIONID)
2026-09-17 17:37:53,347 WARN o.a.j.p.h.s.HTTPSamplerBase: Existing CookieManager Gestor de Cookies HTTP (Sesión JSESSIONID) superseded by Gestor de Cookies HTTP (Sesión JSESSIONID)
2026-09-17 17:37:53,348 WARN o.a.j.p.h.s.HTTPSamplerBase: Existing CookieManager Gestor de Cookies HTTP (Sesión JSESSIONID) superseded by Gestor de Cookies HTTP (Sesión JSESSIONID)
2026-09-17 17:37:53,359 WARN o.a.j.p.h.s.HTTPSamplerBase: Existing CookieManager Gestor de Cookies HTTP (Sesión JSESSIONID) superseded by Gestor de Cookies HTTP (Sesión JSESSIONID)
2026-09-17 17:37:53,450 WARN o.a.j.p.h.s.HTTPSamplerBase: Existing CookieManager Gestor de Cookies HTTP (Sesión JSESSIONID) superseded by Gestor de Cookies HTTP (Sesión JSESSIONID)
2026-09-17 17:37:53,453 WARN o.a.j.p.h.s.HTTPSamplerBase: Existing CookieManager Gestor de Cookies HTTP (Sesión JSESSIONID) superseded by Gestor de Cookies HTTP (Sesión JSESSIONID)
2026-09-17 17:37:53,453 WARN o.a.j.p.h.s.HTTPSamplerBase: Existing CookieManager Gestor de Cookies HTTP (Sesión JSESSIONID) superseded by Gestor de Cookies HTTP (Sesión JSESSIONID)
2026-09-17 17:37:53,652 WARN o.a.j.p.h.s.HTTPSamplerBase: Existing CookieManager Gestor de Cookies HTTP (Sesión JSESSIONID) superseded by Gestor de Cookies HTTP (Sesión JSESSIONID)
2026-09-17 17:37:53,722 WARN o.a.j.p.h.s.HTTPSamplerBase: Existing CookieManager Gestor de Cookies HTTP (Sesión JSESSIONID) superseded by Gestor de Cookies HTTP (Sesión JSESSIONID)
2026-09-17 17:37:53,736 WARN o.a.j.p.h.s.HTTPSamplerBase: Existing CookieManager Gestor de Cookies HTTP (Sesión JSESSIONID) superseded by Gestor de Cookies HTTP (Sesión JSESSIONID)
2026-09-17 17:37:53,742 WARN o.a.j.p.h.s.HTTPSamplerBase: Existing CookieManager Gestor de Cookies HTTP (Sesión JSESSIONID) superseded by Gestor de Cookies HTTP (Sesión JSESSIONID)
2026-09-17 17:37:53,749 WARN o.a.j.p.h.s.HTTPSamplerBase: Existing CookieManager Gestor de Cookies HTTP (Sesión JSESSIONID) superseded by Gestor de Cookies HTTP (Sesión JSESSIONID)
2026-09-17 17:37:53,749 WARN o.a.j.p.h.s.HTTPSamplerBase: Existing CookieManager Gestor de Cookies HTTP (Sesión JSESSIONID) superseded by Gestor de Cookies HTTP (Sesión JSESSIONID)
2026-09-17 17:37:53,908 WARN o.a.j.p.h.s.HTTPSamplerBase: Existing CookieManager Gestor de Cookies HTTP (Sesión JSESSIONID) superseded by Gestor de Cookies HTTP (Sesión JSESSIONID)
2026-09-17 17:37:53,910 WARN o.a.j.p.h.s.HTTPSamplerBase: Existing CookieManager Gestor de Cookies HTTP (Sesión JSESSIONID) superseded by Gestor de Cookies HTTP (Sesión JSESSIONID)
2026-09-17 17:37:54,046 WARN o.a.j.p.h.s.HTTPSamplerBase: Existing CookieManager Gestor de Cookies HTTP (Sesión JSESSIONID) superseded by Gestor de Cookies HTTP (Sesión JSESSIONID)
2026-09-17 17:37:54,348 WARN o.a.j.p.h.s.HTTPSamplerBase: Existing CookieManager Gestor de Cookies HTTP (Sesión JSESSIONID) superseded by Gestor de Cookies HTTP (Sesión JSESSIONID)
2026-09-17 17:37:54,348 WARN o.a.j.p.h.s.HTTPSamplerBase: Existing CookieManager Gestor de Cookies HTTP (Sesión JSESSIONID) superseded by Gestor de Cookies HTTP (Sesión JSESSIONID)
2026-09-17 17:37:54,648 WARN o.a.j.p.h.s.HTTPSamplerBase: Existing CookieManager Gestor de Cookies HTTP (Sesión JSESSIONID) superseded by Gestor de Cookies HTTP (Sesión JSESSIONID)
2026-09-17 17:37:54,693 WARN o.a.j.p.h.s.HTTPSamplerBase: Existing CookieManager Gestor de Cookies HTTP (Sesión JSESSIONID) superseded by Gestor de Cookies HTTP (Sesión JSESSIONID)
2026-09-17 17:37:54,695 WARN o.a.j.p.h.s.HTTPSamplerBase: Existing CookieManager Gestor de Cookies HTTP (Sesión JSESSIONID) superseded by Gestor de Cookies HTTP (Sesión JSESSIONID)
2026-09-17 17:37:54,774 WARN o.a.j.p.h.s.HTTPSamplerBase: Existing CookieManager Gestor de Cookies HTTP (Sesión JSESSIONID) superseded by Gestor de Cookies HTTP (Sesión JSESSIONID)
2026-09-17 17:37:55,284 WARN o.a.j.p.h.s.HTTPSamplerBase: Existing CookieManager Gestor de Cookies HTTP (Sesión JSESSIONID) superseded by Gestor de Cookies HTTP (Sesión JSESSIONID)
2026-09-17 17:37:55,342 WARN o.a.j.p.h.s.HTTPSamplerBase: Existing CookieManager Gestor de Cookies HTTP (Sesión JSESSIONID) superseded by Gestor de Cookies HTTP (Sesión JSESSIONID)
2026-09-17 17:37:55,427 WARN o.a.j.p.h.s.HTTPSamplerBase: Existing CookieManager Gestor de Cookies HTTP (Sesión JSESSIONID) superseded by Gestor de Cookies HTTP (Sesión JSESSIONID)
2026-09-17 17:37:55,503 WARN o.a.j.p.h.s.HTTPSamplerBase: Existing CookieManager Gestor de Cookies HTTP (Sesión JSESSIONID) superseded by Gestor de Cookies HTTP (Sesión JSESSIONID)
2026-09-17 17:37:55,505 WARN o.a.j.p.h.s.HTTPSamplerBase: Existing CookieManager Gestor de Cookies HTTP (Sesión JSESSIONID) superseded by Gestor de Cookies HTTP (Sesión JSESSIONID)
2026-09-17 17:37:55,530 WARN o.a.j.p.h.s.HTTPSamplerBase: Existing CookieManager Gestor de Cookies HTTP (Sesión JSESSIONID) superseded by Gestor de Cookies HTTP (Sesión JSESSIONID)
2026-09-17 17:37:55,677 WARN o.a.j.p.h.s.HTTPSamplerBase: Existing CookieManager Gestor de Cookies HTTP (Sesión JSESSIONID) superseded by Gestor de Cookies HTTP (Sesión JSESSIONID)
2026-09-17 17:37:55,677 WARN o.a.j.p.h.s.HTTPSamplerBase: Existing CookieManager Gestor de Cookies HTTP (Sesión JSESSIONID) superseded by Gestor de Cookies HTTP (Sesión JSESSIONID)
2026-09-17 17:37:56,218 WARN o.a.j.p.h.s.HTTPSamplerBase: Existing CookieManager Gestor de Cookies HTTP (Sesión JSESSIONID) superseded by Gestor de Cookies HTTP (Sesión JSESSIONID)
2026-09-17 17:37:56,218 WARN o.a.j.p.h.s.HTTPSamplerBase: Existing CookieManager Gestor de Cookies HTTP (Sesión JSESSIONID) superseded by Gestor de Cookies HTTP (Sesión JSESSIONID)
2026-09-17 17:37:56,219 WARN o.a.j.p.h.s.HTTPSamplerBase: Existing CookieManager Gestor de Cookies HTTP (Sesión JSESSIONID) superseded by Gestor de Cookies HTTP (Sesión JSESSIONID)
2026-09-17 17:37:56,344 WARN o.a.j.p.h.s.HTTPSamplerBase: Existing CookieManager Gestor de Cookies HTTP (Sesión JSESSIONID) superseded by Gestor de Cookies HTTP (Sesión JSESSIONID)
2026-09-17 17:37:56,510 WARN o.a.j.p.h.s.HTTPSamplerBase: Existing CookieManager Gestor de Cookies HTTP (Sesión JSESSIONID) superseded by Gestor de Cookies HTTP (Sesión JSESSIONID)
2026-09-17 17:37:56,513 WARN o.a.j.p.h.s.HTTPSamplerBase: Existing CookieManager Gestor de Cookies HTTP (Sesión JSESSIONID) superseded by Gestor de Cookies HTTP (Sesión JSESSIONID)
2026-09-17 17:37:56,515 WARN o.a.j.p.h.s.HTTPSamplerBase: Existing CookieManager Gestor de Cookies HTTP (Sesión JSESSIONID) superseded by Gestor de Cookies HTTP (Sesión JSESSIONID)
2026-09-17 17:37:56,559 WARN o.a.j.p.h.s.HTTPSamplerBase: Existing CookieManager Gestor de Cookies HTTP (Sesión JSESSIONID) superseded by Gestor de Cookies HTTP (Sesión JSESSIONID)
2026-09-17 17:37:56,559 WARN o.a.j.p.h.s.HTTPSamplerBase: Existing CookieManager Gestor de Cookies HTTP (Sesión JSESSIONID) superseded by Gestor de Cookies HTTP (Sesión JSESSIONID)
2026-09-17 17:37:56,738 WARN o.a.j.p.h.s.HTTPSamplerBase: Existing CookieManager Gestor de Cookies HTTP (Sesión JSESSIONID) superseded by Gestor de Cookies HTTP (Sesión JSESSIONID)
2026-09-17 17:37:56,738 WARN o.a.j.p.h.s.HTTPSamplerBase: Existing CookieManager Gestor de Cookies HTTP (Sesión JSESSIONID) superseded by Gestor de Cookies HTTP (Sesión JSESSIONID)
2026-09-17 17:37:56,738 WARN o.a.j.p.h.s.HTTPSamplerBase: Existing CookieManager Gestor de Cookies HTTP (Sesión JSESSIONID) superseded by Gestor de Cookies HTTP (Sesión JSESSIONID)
2026-09-17 17:37:56,738 WARN o.a.j.p.h.s.HTTPSamplerBase: Existing CookieManager Gestor de Cookies HTTP (Sesión JSESSIONID) superseded by Gestor de Cookies HTTP (Sesión JSESSIONID)
2026-09-17 17:37:56,738 WARN o.a.j.p.h.s.HTTPSamplerBase: Existing CookieManager Gestor de Cookies HTTP (Sesión JSESSIONID) superseded by Gestor de Cookies HTTP (Sesión JSESSIONID)
2026-09-17 17:37:56,738 WARN o.a.j.p.h.s.HTTPSamplerBase: Existing CookieManager Gestor de Cookies HTTP (Sesión JSESSIONID) superseded by Gestor de Cookies HTTP (Sesión JSESSIONID)
2026-09-17 17:37:56,739 WARN o.a.j.p.h.s.HTTPSamplerBase: Existing CookieManager Gestor de Cookies HTTP (Sesión JSESSIONID) superseded by Gestor de Cookies HTTP (Sesión JSESSIONID)
2026-09-17 17:37:56,847 WARN o.a.j.p.h.s.HTTPSamplerBase: Existing CookieManager Gestor de Cookies HTTP (Sesión JSESSIONID) superseded by Gestor de Cookies HTTP (Sesión JSESSIONID)
2026-09-17 17:37:56,850 WARN o.a.j.p.h.s.HTTPSamplerBase: Existing CookieManager Gestor de Cookies HTTP (Sesión JSESSIONID) superseded by Gestor de Cookies HTTP (Sesión JSESSIONID)
2026-09-17 17:37:57,008 WARN o.a.j.p.h.s.HTTPSamplerBase: Existing CookieManager Gestor de Cookies HTTP (Sesión JSESSIONID) superseded by Gestor de Cookies HTTP (Sesión JSESSIONID)
2026-09-17 17:37:57,009 WARN o.a.j.p.h.s.HTTPSamplerBase: Existing CookieManager Gestor de Cookies HTTP (Sesión JSESSIONID) superseded by Gestor de Cookies HTTP (Sesión JSESSIONID)
2026-09-17 17:37:57,209 WARN o.a.j.p.h.s.HTTPSamplerBase: Existing CookieManager Gestor de Cookies HTTP (Sesión JSESSIONID) superseded by Gestor de Cookies HTTP (Sesión JSESSIONID)
2026-09-17 17:37:57,210 WARN o.a.j.p.h.s.HTTPSamplerBase: Existing CookieManager Gestor de Cookies HTTP (Sesión JSESSIONID) superseded by Gestor de Cookies HTTP (Sesión JSESSIONID)
2026-09-17 17:37:57,219 WARN o.a.j.p.h.s.HTTPSamplerBase: Existing CookieManager Gestor de Cookies HTTP (Sesión JSESSIONID) superseded by Gestor de Cookies HTTP (Sesión JSESSIONID)
2026-09-17 17:37:57,427 WARN o.a.j.p.h.s.HTTPSamplerBase: Existing CookieManager Gestor de Cookies HTTP (Sesión JSESSIONID) superseded by Gestor de Cookies HTTP (Sesión JSESSIONID)
2026-09-17 17:37:57,542 WARN o.a.j.p.h.s.HTTPSamplerBase: Existing CookieManager Gestor de Cookies HTTP (Sesión JSESSIONID) superseded by Gestor de Cookies HTTP (Sesión JSESSIONID)
2026-09-17 17:37:57,562 WARN o.a.j.p.h.s.HTTPSamplerBase: Existing CookieManager Gestor de Cookies HTTP (Sesión JSESSIONID) superseded by Gestor de Cookies HTTP (Sesión JSESSIONID)
2026-09-17 17:37:57,939 WARN o.a.j.p.h.s.HTTPSamplerBase: Existing CookieManager Gestor de Cookies HTTP (Sesión JSESSIONID) superseded by Gestor de Cookies HTTP (Sesión JSESSIONID)
2026-09-17 17:37:57,939 WARN o.a.j.p.h.s.HTTPSamplerBase: Existing CookieManager Gestor de Cookies HTTP (Sesión JSESSIONID) superseded by Gestor de Cookies HTTP (Sesión JSESSIONID)
2026-09-17 17:37:57,939 WARN o.a.j.p.h.s.HTTPSamplerBase: Existing CookieManager Gestor de Cookies HTTP (Sesión JSESSIONID) superseded by Gestor de Cookies HTTP (Sesión JSESSIONID)
2026-09-17 17:37:57,939 WARN o.a.j.p.h.s.HTTPSamplerBase: Existing CookieManager Gestor de Cookies HTTP (Sesión JSESSIONID) superseded by Gestor de Cookies HTTP (Sesión JSESSIONID)
2026-09-17 17:37:57,940 WARN o.a.j.p.h.s.HTTPSamplerBase: Existing CookieManager Gestor de Cookies HTTP (Sesión JSESSIONID) superseded by Gestor de Cookies HTTP (Sesión JSESSIONID)
2026-09-17 17:37:57,940 WARN o.a.j.p.h.s.HTTPSamplerBase: Existing CookieManager Gestor de Cookies HTTP (Sesión JSESSIONID) superseded by Gestor de Cookies HTTP (Sesión JSESSIONID)
2026-09-17 17:37:57,940 WARN o.a.j.p.h.s.HTTPSamplerBase: Existing CookieManager Gestor de Cookies HTTP (Sesión JSESSIONID) superseded by Gestor de Cookies HTTP (Sesión JSESSIONID)
2026-09-17 17:37:58,058 WARN o.a.j.p.h.s.HTTPSamplerBase: Existing CookieManager Gestor de Cookies HTTP (Sesión JSESSIONID) superseded by Gestor de Cookies HTTP (Sesión JSESSIONID)
2026-09-17 17:37:58,373 WARN o.a.j.p.h.s.HTTPSamplerBase: Existing CookieManager Gestor de Cookies HTTP (Sesión JSESSIONID) superseded by Gestor de Cookies HTTP (Sesión JSESSIONID)
2026-09-17 17:37:58,488 WARN o.a.j.p.h.s.HTTPSamplerBase: Existing CookieManager Gestor de Cookies HTTP (Sesión JSESSIONID) superseded by Gestor de Cookies HTTP (Sesión JSESSIONID)
2026-09-17 17:37:58,489 WARN o.a.j.p.h.s.HTTPSamplerBase: Existing CookieManager Gestor de Cookies HTTP (Sesión JSESSIONID) superseded by Gestor de Cookies HTTP (Sesión JSESSIONID)
2026-09-17 17:37:58,492 WARN o.a.j.p.h.s.HTTPSamplerBase: Existing CookieManager Gestor de Cookies HTTP (Sesión JSESSIONID) superseded by Gestor de Cookies HTTP (Sesión JSESSIONID)
2026-09-17 17:37:58,512 WARN o.a.j.p.h.s.HTTPSamplerBase: Existing CookieManager Gestor de Cookies HTTP (Sesión JSESSIONID) superseded by Gestor de Cookies HTTP (Sesión JSESSIONID)
2026-09-17 17:37:58,550 WARN o.a.j.p.h.s.HTTPSamplerBase: Existing CookieManager Gestor de Cookies HTTP (Sesión JSESSIONID) superseded by Gestor de Cookies HTTP (Sesión JSESSIONID)
2026-09-17 17:37:58,822 WARN o.a.j.p.h.s.HTTPSamplerBase: Existing CookieManager Gestor de Cookies HTTP (Sesión JSESSIONID) superseded by Gestor de Cookies HTTP (Sesión JSESSIONID)
2026-09-17 17:37:58,960 WARN o.a.j.p.h.s.HTTPSamplerBase: Existing CookieManager Gestor de Cookies HTTP (Sesión JSESSIONID) superseded by Gestor de Cookies HTTP (Sesión JSESSIONID)
2026-09-17 17:37:59,241 WARN o.a.j.p.h.s.HTTPSamplerBase: Existing CookieManager Gestor de Cookies HTTP (Sesión JSESSIONID) superseded by Gestor de Cookies HTTP (Sesión JSESSIONID)
2026-09-17 17:37:59,392 WARN o.a.j.p.h.s.HTTPSamplerBase: Existing CookieManager Gestor de Cookies HTTP (Sesión JSESSIONID) superseded by Gestor de Cookies HTTP (Sesión JSESSIONID)
2026-09-17 17:37:59,394 WARN o.a.j.p.h.s.HTTPSamplerBase: Existing CookieManager Gestor de Cookies HTTP (Sesión JSESSIONID) superseded by Gestor de Cookies HTTP (Sesión JSESSIONID)
2026-09-17 17:37:59,394 WARN o.a.j.p.h.s.HTTPSamplerBase: Existing CookieManager Gestor de Cookies HTTP (Sesión JSESSIONID) superseded by Gestor de Cookies HTTP (Sesión JSESSIONID)
2026-09-17 17:37:59,394 WARN o.a.j.p.h.s.HTTPSamplerBase: Existing CookieManager Gestor de Cookies HTTP (Sesión JSESSIONID) superseded by Gestor de Cookies HTTP (Sesión JSESSIONID)
2026-09-17 17:37:59,657 INFO o.a.j.t.JMeterThread: Thread finished: 3. PRUEBA DE ESTRÉS (200 Usuarios Concurrentes - Pico) 1-102
2026-09-17 17:37:59,661 WARN o.a.j.p.h.s.HTTPSamplerBase: Existing CookieManager Gestor de Cookies HTTP (Sesión JSESSIONID) superseded by Gestor de Cookies HTTP (Sesión JSESSIONID)
2026-09-17 17:37:59,662 ERROR o.a.j.JMeter: Uncaught exception in thread Thread[3. PRUEBA DE ESTRÉS (200 Usuarios Concurrentes - Pico) 1-102,6,main]
java.lang.OutOfMemoryError: Java heap space
2026-09-17 17:37:59,663 WARN o.a.j.p.h.s.HTTPSamplerBase: Existing CookieManager Gestor de Cookies HTTP (Sesión JSESSIONID) superseded by Gestor de Cookies HTTP (Sesión JSESSIONID)
2026-09-17 17:37:59,991 INFO o.a.j.t.JMeterThread: Thread finished: 3. PRUEBA DE ESTRÉS (200 Usuarios Concurrentes - Pico) 1-57
2026-09-17 17:37:59,992 ERROR o.a.j.JMeter: Uncaught exception in thread Thread[3. PRUEBA DE ESTRÉS (200 Usuarios Concurrentes - Pico) 1-57,6,main]
java.lang.OutOfMemoryError: Java heap space
2026-09-17 17:38:00,133 WARN o.a.j.p.h.s.HTTPSamplerBase: Existing CookieManager Gestor de Cookies HTTP (Sesión JSESSIONID) superseded by Gestor de Cookies HTTP (Sesión JSESSIONID)
2026-09-17 17:38:00,133 WARN o.a.j.p.h.s.HTTPSamplerBase: Existing CookieManager Gestor de Cookies HTTP (Sesión JSESSIONID) superseded by Gestor de Cookies HTTP (Sesión JSESSIONID)
2026-09-17 17:38:00,133 WARN o.a.j.p.h.s.HTTPSamplerBase: Existing CookieManager Gestor de Cookies HTTP (Sesión JSESSIONID) superseded by Gestor de Cookies HTTP (Sesión JSESSIONID)
2026-09-17 17:38:00,133 WARN o.a.j.p.h.s.HTTPSamplerBase: Existing CookieManager Gestor de Cookies HTTP (Sesión JSESSIONID) superseded by Gestor de Cookies HTTP (Sesión JSESSIONID)
2026-09-17 17:38:00,133 WARN o.a.j.p.h.s.HTTPSamplerBase: Existing CookieManager Gestor de Cookies HTTP (Sesión JSESSIONID) superseded by Gestor de Cookies HTTP (Sesión JSESSIONID)
2026-09-17 17:38:00,399 INFO o.a.j.t.JMeterThread: Thread finished: 3. PRUEBA DE ESTRÉS (200 Usuarios Concurrentes - Pico) 1-67
2026-09-17 17:38:00,584 INFO o.a.j.t.JMeterThread: Thread finished: 3. PRUEBA DE ESTRÉS (200 Usuarios Concurrentes - Pico) 1-93
2026-09-17 17:38:00,584 ERROR o.a.j.JMeter: Uncaught exception in thread Thread[3. PRUEBA DE ESTRÉS (200 Usuarios Concurrentes - Pico) 1-67,6,main]
java.lang.OutOfMemoryError: Java heap space
2026-09-17 17:38:00,584 ERROR o.a.j.JMeter: Uncaught exception in thread Thread[3. PRUEBA DE ESTRÉS (200 Usuarios Concurrentes - Pico) 1-93,6,main]
java.lang.OutOfMemoryError: Java heap space
2026-09-17 17:38:00,974 INFO o.a.j.t.JMeterThread: Thread finished: 3. PRUEBA DE ESTRÉS (200 Usuarios Concurrentes - Pico) 1-176
2026-09-17 17:38:00,974 ERROR o.a.j.JMeter: Uncaught exception in thread Thread[3. PRUEBA DE ESTRÉS (200 Usuarios Concurrentes - Pico) 1-176,6,main]
java.lang.OutOfMemoryError: Java heap space
2026-09-17 17:38:01,239 WARN o.a.j.p.h.s.HTTPSamplerBase: Existing CookieManager Gestor de Cookies HTTP (Sesión JSESSIONID) superseded by Gestor de Cookies HTTP (Sesión JSESSIONID)
2026-09-17 17:38:01,239 WARN o.a.j.p.h.s.HTTPSamplerBase: Existing CookieManager Gestor de Cookies HTTP (Sesión JSESSIONID) superseded by Gestor de Cookies HTTP (Sesión JSESSIONID)
2026-09-17 17:38:01,240 WARN o.a.j.p.h.s.HTTPSamplerBase: Existing CookieManager Gestor de Cookies HTTP (Sesión JSESSIONID) superseded by Gestor de Cookies HTTP (Sesión JSESSIONID)
2026-09-17 17:38:01,240 WARN o.a.j.p.h.s.HTTPSamplerBase: Existing CookieManager Gestor de Cookies HTTP (Sesión JSESSIONID) superseded by Gestor de Cookies HTTP (Sesión JSESSIONID)
2026-09-17 17:38:01,240 WARN o.a.j.p.h.s.HTTPSamplerBase: Existing CookieManager Gestor de Cookies HTTP (Sesión JSESSIONID) superseded by Gestor de Cookies HTTP (Sesión JSESSIONID)
2026-09-17 17:38:01,240 WARN o.a.j.p.h.s.HTTPSamplerBase: Existing CookieManager Gestor de Cookies HTTP (Sesión JSESSIONID) superseded by Gestor de Cookies HTTP (Sesión JSESSIONID)
2026-09-17 17:38:01,240 WARN o.a.j.p.h.s.HTTPSamplerBase: Existing CookieManager Gestor de Cookies HTTP (Sesión JSESSIONID) superseded by Gestor de Cookies HTTP (Sesión JSESSIONID)
2026-09-17 17:38:01,240 WARN o.a.j.p.h.s.HTTPSamplerBase: Existing CookieManager Gestor de Cookies HTTP (Sesión JSESSIONID) superseded by Gestor de Cookies HTTP (Sesión JSESSIONID)
2026-09-17 17:38:01,240 WARN o.a.j.p.h.s.HTTPSamplerBase: Existing CookieManager Gestor de Cookies HTTP (Sesión JSESSIONID) superseded by Gestor de Cookies HTTP (Sesión JSESSIONID)
2026-09-17 17:38:01,240 WARN o.a.j.p.h.s.HTTPSamplerBase: Existing CookieManager Gestor de Cookies HTTP (Sesión JSESSIONID) superseded by Gestor de Cookies HTTP (Sesión JSESSIONID)
2026-09-17 17:38:01,468 INFO o.a.j.t.JMeterThread: Thread finished: 3. PRUEBA DE ESTRÉS (200 Usuarios Concurrentes - Pico) 1-117
2026-09-17 17:38:01,468 ERROR o.a.j.JMeter: Uncaught exception in thread Thread[3. PRUEBA DE ESTRÉS (200 Usuarios Concurrentes - Pico) 1-117,6,main]
java.lang.OutOfMemoryError: Java heap space
2026-09-17 17:38:01,474 WARN o.a.j.p.h.s.HTTPSamplerBase: Existing CookieManager Gestor de Cookies HTTP (Sesión JSESSIONID) superseded by Gestor de Cookies HTTP (Sesión JSESSIONID)
2026-09-17 17:38:01,474 WARN o.a.j.p.h.s.HTTPSamplerBase: Existing CookieManager Gestor de Cookies HTTP (Sesión JSESSIONID) superseded by Gestor de Cookies HTTP (Sesión JSESSIONID)
2026-09-17 17:38:01,693 INFO o.a.j.t.JMeterThread: Thread finished: 3. PRUEBA DE ESTRÉS (200 Usuarios Concurrentes - Pico) 1-66
2026-09-17 17:38:01,693 ERROR o.a.j.JMeter: Uncaught exception in thread Thread[3. PRUEBA DE ESTRÉS (200 Usuarios Concurrentes - Pico) 1-66,6,main]
java.lang.OutOfMemoryError: Java heap space
2026-09-17 17:38:01,959 INFO o.a.j.t.JMeterThread: Thread finished: 3. PRUEBA DE ESTRÉS (200 Usuarios Concurrentes - Pico) 1-5
2026-09-17 17:38:01,963 ERROR o.a.j.JMeter: Uncaught exception in thread Thread[3. PRUEBA DE ESTRÉS (200 Usuarios Concurrentes - Pico) 1-5,6,main]
java.lang.OutOfMemoryError: Java heap space
2026-09-17 17:38:02,158 INFO o.a.j.t.JMeterThread: Thread finished: 3. PRUEBA DE ESTRÉS (200 Usuarios Concurrentes - Pico) 1-7
2026-09-17 17:38:02,159 ERROR o.a.j.JMeter: Uncaught exception in thread Thread[3. PRUEBA DE ESTRÉS (200 Usuarios Concurrentes - Pico) 1-7,6,main]
java.lang.OutOfMemoryError: Java heap space
2026-09-17 17:38:02,368 WARN o.a.j.p.h.s.HTTPSamplerBase: Existing CookieManager Gestor de Cookies HTTP (Sesión JSESSIONID) superseded by Gestor de Cookies HTTP (Sesión JSESSIONID)
2026-09-17 17:38:02,368 WARN o.a.j.p.h.s.HTTPSamplerBase: Existing CookieManager Gestor de Cookies HTTP (Sesión JSESSIONID) superseded by Gestor de Cookies HTTP (Sesión JSESSIONID)
2026-09-17 17:38:02,368 WARN o.a.j.p.h.s.HTTPSamplerBase: Existing CookieManager Gestor de Cookies HTTP (Sesión JSESSIONID) superseded by Gestor de Cookies HTTP (Sesión JSESSIONID)
2026-09-17 17:38:02,368 WARN o.a.j.p.h.s.HTTPSamplerBase: Existing CookieManager Gestor de Cookies HTTP (Sesión JSESSIONID) superseded by Gestor de Cookies HTTP (Sesión JSESSIONID)
2026-09-17 17:38:02,368 WARN o.a.j.p.h.s.HTTPSamplerBase: Existing CookieManager Gestor de Cookies HTTP (Sesión JSESSIONID) superseded by Gestor de Cookies HTTP (Sesión JSESSIONID)
2026-09-17 17:38:02,368 WARN o.a.j.p.h.s.HTTPSamplerBase: Existing CookieManager Gestor de Cookies HTTP (Sesión JSESSIONID) superseded by Gestor de Cookies HTTP (Sesión JSESSIONID)
2026-09-17 17:38:02,368 WARN o.a.j.p.h.s.HTTPSamplerBase: Existing CookieManager Gestor de Cookies HTTP (Sesión JSESSIONID) superseded by Gestor de Cookies HTTP (Sesión JSESSIONID)
2026-09-17 17:38:02,715 INFO o.a.j.t.JMeterThread: Thread finished: 3. PRUEBA DE ESTRÉS (200 Usuarios Concurrentes - Pico) 1-182
2026-09-17 17:38:02,716 WARN o.a.j.p.h.s.HTTPSamplerBase: Existing CookieManager Gestor de Cookies HTTP (Sesión JSESSIONID) superseded by Gestor de Cookies HTTP (Sesión JSESSIONID)
2026-09-17 17:38:02,716 ERROR o.a.j.JMeter: Uncaught exception in thread Thread[3. PRUEBA DE ESTRÉS (200 Usuarios Concurrentes - Pico) 1-182,6,main]
java.lang.OutOfMemoryError: Java heap space
2026-09-17 17:38:02,717 WARN o.a.j.p.h.s.HTTPSamplerBase: Existing CookieManager Gestor de Cookies HTTP (Sesión JSESSIONID) superseded by Gestor de Cookies HTTP (Sesión JSESSIONID)
2026-09-17 17:38:02,982 WARN o.a.j.p.h.s.HTTPSamplerBase: Existing CookieManager Gestor de Cookies HTTP (Sesión JSESSIONID) superseded by Gestor de Cookies HTTP (Sesión JSESSIONID)
2026-09-17 17:38:02,982 WARN o.a.j.p.h.s.HTTPSamplerBase: Existing CookieManager Gestor de Cookies HTTP (Sesión JSESSIONID) superseded by Gestor de Cookies HTTP (Sesión JSESSIONID)
2026-09-17 17:38:02,983 WARN o.a.j.p.h.s.HTTPSamplerBase: Existing CookieManager Gestor de Cookies HTTP (Sesión JSESSIONID) superseded by Gestor de Cookies HTTP (Sesión JSESSIONID)
2026-09-17 17:38:03,095 WARN o.a.j.p.h.s.HTTPSamplerBase: Existing CookieManager Gestor de Cookies HTTP (Sesión JSESSIONID) superseded by Gestor de Cookies HTTP (Sesión JSESSIONID)
2026-09-17 17:38:03,516 INFO o.a.j.t.JMeterThread: Thread finished: 3. PRUEBA DE ESTRÉS (200 Usuarios Concurrentes - Pico) 1-39
2026-09-17 17:38:03,694 INFO o.a.j.t.JMeterThread: Thread finished: 3. PRUEBA DE ESTRÉS (200 Usuarios Concurrentes - Pico) 1-21
2026-09-17 17:38:03,874 INFO o.a.j.t.JMeterThread: Thread finished: 3. PRUEBA DE ESTRÉS (200 Usuarios Concurrentes - Pico) 1-101
2026-09-17 17:38:03,876 ERROR o.a.j.JMeter: Uncaught exception in thread Thread[3. PRUEBA DE ESTRÉS (200 Usuarios Concurrentes - Pico) 1-39,6,main]
java.lang.OutOfMemoryError: Java heap space
2026-09-17 17:38:03,876 ERROR o.a.j.JMeter: Uncaught exception in thread Thread[3. PRUEBA DE ESTRÉS (200 Usuarios Concurrentes - Pico) 1-101,6,main]
java.lang.OutOfMemoryError: Java heap space
2026-09-17 17:38:03,876 ERROR o.a.j.JMeter: Uncaught exception in thread Thread[3. PRUEBA DE ESTRÉS (200 Usuarios Concurrentes - Pico) 1-21,6,main]
java.lang.OutOfMemoryError: Java heap space
2026-09-17 17:38:04,098 WARN o.a.j.p.h.s.HTTPSamplerBase: Existing CookieManager Gestor de Cookies HTTP (Sesión JSESSIONID) superseded by Gestor de Cookies HTTP (Sesión JSESSIONID)
2026-09-17 17:38:04,098 WARN o.a.j.p.h.s.HTTPSamplerBase: Existing CookieManager Gestor de Cookies HTTP (Sesión JSESSIONID) superseded by Gestor de Cookies HTTP (Sesión JSESSIONID)
2026-09-17 17:38:04,098 WARN o.a.j.p.h.s.HTTPSamplerBase: Existing CookieManager Gestor de Cookies HTTP (Sesión JSESSIONID) superseded by Gestor de Cookies HTTP (Sesión JSESSIONID)
2026-09-17 17:38:04,098 WARN o.a.j.p.h.s.HTTPSamplerBase: Existing CookieManager Gestor de Cookies HTTP (Sesión JSESSIONID) superseded by Gestor de Cookies HTTP (Sesión JSESSIONID)
2026-09-17 17:38:04,098 WARN o.a.j.p.h.s.HTTPSamplerBase: Existing CookieManager Gestor de Cookies HTTP (Sesión JSESSIONID) superseded by Gestor de Cookies HTTP (Sesión JSESSIONID)
2026-09-17 17:38:04,150 WARN o.a.j.p.h.s.HTTPSamplerBase: Existing CookieManager Gestor de Cookies HTTP (Sesión JSESSIONID) superseded by Gestor de Cookies HTTP (Sesión JSESSIONID)
2026-09-17 17:38:04,439 INFO o.a.j.t.JMeterThread: Thread finished: 3. PRUEBA DE ESTRÉS (200 Usuarios Concurrentes - Pico) 1-77
2026-09-17 17:38:04,439 WARN o.a.j.p.h.s.HTTPSamplerBase: Existing CookieManager Gestor de Cookies HTTP (Sesión JSESSIONID) superseded by Gestor de Cookies HTTP (Sesión JSESSIONID)
2026-09-17 17:38:04,439 ERROR o.a.j.JMeter: Uncaught exception in thread Thread[3. PRUEBA DE ESTRÉS (200 Usuarios Concurrentes - Pico) 1-77,6,main]
java.lang.OutOfMemoryError: Java heap space
2026-09-17 17:38:04,440 WARN o.a.j.p.h.s.HTTPSamplerBase: Existing CookieManager Gestor de Cookies HTTP (Sesión JSESSIONID) superseded by Gestor de Cookies HTTP (Sesión JSESSIONID)
2026-09-17 17:38:04,703 INFO o.a.j.t.JMeterThread: Thread finished: 3. PRUEBA DE ESTRÉS (200 Usuarios Concurrentes - Pico) 1-168
2026-09-17 17:38:04,706 ERROR o.a.j.JMeter: Uncaught exception in thread Thread[3. PRUEBA DE ESTRÉS (200 Usuarios Concurrentes - Pico) 1-168,6,main]
java.lang.OutOfMemoryError: Java heap space
2026-09-17 17:38:04,967 INFO o.a.j.t.JMeterThread: Thread finished: 3. PRUEBA DE ESTRÉS (200 Usuarios Concurrentes - Pico) 1-192
2026-09-17 17:38:05,157 INFO o.a.j.t.JMeterThread: Thread finished: 3. PRUEBA DE ESTRÉS (200 Usuarios Concurrentes - Pico) 1-170
2026-09-17 17:38:05,157 ERROR o.a.j.JMeter: Uncaught exception in thread Thread[3. PRUEBA DE ESTRÉS (200 Usuarios Concurrentes - Pico) 1-192,6,main]
java.lang.OutOfMemoryError: Java heap space
2026-09-17 17:38:05,157 ERROR o.a.j.JMeter: Uncaught exception in thread Thread[3. PRUEBA DE ESTRÉS (200 Usuarios Concurrentes - Pico) 1-170,6,main]
java.lang.OutOfMemoryError: Java heap space
2026-09-17 17:38:05,350 INFO o.a.j.t.JMeterThread: Thread finished: 3. PRUEBA DE ESTRÉS (200 Usuarios Concurrentes - Pico) 1-16
2026-09-17 17:38:05,354 ERROR o.a.j.JMeter: Uncaught exception in thread Thread[3. PRUEBA DE ESTRÉS (200 Usuarios Concurrentes - Pico) 1-16,6,main]
java.lang.OutOfMemoryError: Java heap space
2026-09-17 17:38:05,541 INFO o.a.j.t.JMeterThread: Thread finished: 3. PRUEBA DE ESTRÉS (200 Usuarios Concurrentes - Pico) 1-82
2026-09-17 17:38:05,733 INFO o.a.j.t.JMeterThread: Thread finished: 3. PRUEBA DE ESTRÉS (200 Usuarios Concurrentes - Pico) 1-17
2026-09-17 17:38:05,733 ERROR o.a.j.JMeter: Uncaught exception in thread Thread[3. PRUEBA DE ESTRÉS (200 Usuarios Concurrentes - Pico) 1-82,6,main]
java.lang.OutOfMemoryError: Java heap space
2026-09-17 17:38:05,737 ERROR o.a.j.JMeter: Uncaught exception in thread Thread[3. PRUEBA DE ESTRÉS (200 Usuarios Concurrentes - Pico) 1-17,6,main]
java.lang.OutOfMemoryError: Java heap space
2026-09-17 17:38:05,804 WARN o.a.j.p.h.s.HTTPSamplerBase: Existing CookieManager Gestor de Cookies HTTP (Sesión JSESSIONID) superseded by Gestor de Cookies HTTP (Sesión JSESSIONID)
2026-09-17 17:38:05,804 WARN o.a.j.p.h.s.HTTPSamplerBase: Existing CookieManager Gestor de Cookies HTTP (Sesión JSESSIONID) superseded by Gestor de Cookies HTTP (Sesión JSESSIONID)
2026-09-17 17:38:05,804 WARN o.a.j.p.h.s.HTTPSamplerBase: Existing CookieManager Gestor de Cookies HTTP (Sesión JSESSIONID) superseded by Gestor de Cookies HTTP (Sesión JSESSIONID)
2026-09-17 17:38:05,804 WARN o.a.j.p.h.s.HTTPSamplerBase: Existing CookieManager Gestor de Cookies HTTP (Sesión JSESSIONID) superseded by Gestor de Cookies HTTP (Sesión JSESSIONID)
2026-09-17 17:38:05,804 WARN o.a.j.p.h.s.HTTPSamplerBase: Existing CookieManager Gestor de Cookies HTTP (Sesión JSESSIONID) superseded by Gestor de Cookies HTTP (Sesión JSESSIONID)
2026-09-17 17:38:05,804 WARN o.a.j.p.h.s.HTTPSamplerBase: Existing CookieManager Gestor de Cookies HTTP (Sesión JSESSIONID) superseded by Gestor de Cookies HTTP (Sesión JSESSIONID)
2026-09-17 17:38:05,804 WARN o.a.j.p.h.s.HTTPSamplerBase: Existing CookieManager Gestor de Cookies HTTP (Sesión JSESSIONID) superseded by Gestor de Cookies HTTP (Sesión JSESSIONID)
2026-09-17 17:38:05,804 WARN o.a.j.p.h.s.HTTPSamplerBase: Existing CookieManager Gestor de Cookies HTTP (Sesión JSESSIONID) superseded by Gestor de Cookies HTTP (Sesión JSESSIONID)
2026-09-17 17:38:05,804 WARN o.a.j.p.h.s.HTTPSamplerBase: Existing CookieManager Gestor de Cookies HTTP (Sesión JSESSIONID) superseded by Gestor de Cookies HTTP (Sesión JSESSIONID)
2026-09-17 17:38:05,977 WARN o.a.j.p.h.s.HTTPSamplerBase: Existing CookieManager Gestor de Cookies HTTP (Sesión JSESSIONID) superseded by Gestor de Cookies HTTP (Sesión JSESSIONID)
2026-09-17 17:38:05,977 WARN o.a.j.p.h.s.HTTPSamplerBase: Existing CookieManager Gestor de Cookies HTTP (Sesión JSESSIONID) superseded by Gestor de Cookies HTTP (Sesión JSESSIONID)
2026-09-17 17:38:05,981 WARN o.a.j.p.h.s.HTTPSamplerBase: Existing CookieManager Gestor de Cookies HTTP (Sesión JSESSIONID) superseded by Gestor de Cookies HTTP (Sesión JSESSIONID)
2026-09-17 17:38:06,150 WARN o.a.j.p.h.s.HTTPSamplerBase: Existing CookieManager Gestor de Cookies HTTP (Sesión JSESSIONID) superseded by Gestor de Cookies HTTP (Sesión JSESSIONID)
2026-09-17 17:38:06,297 WARN o.a.j.p.h.s.HTTPSamplerBase: Existing CookieManager Gestor de Cookies HTTP (Sesión JSESSIONID) superseded by Gestor de Cookies HTTP (Sesión JSESSIONID)
2026-09-17 17:38:06,297 WARN o.a.j.p.h.s.HTTPSamplerBase: Existing CookieManager Gestor de Cookies HTTP (Sesión JSESSIONID) superseded by Gestor de Cookies HTTP (Sesión JSESSIONID)
2026-09-17 17:38:06,297 WARN o.a.j.p.h.s.HTTPSamplerBase: Existing CookieManager Gestor de Cookies HTTP (Sesión JSESSIONID) superseded by Gestor de Cookies HTTP (Sesión JSESSIONID)
2026-09-17 17:38:06,360 WARN o.a.j.p.h.s.HTTPSamplerBase: Existing CookieManager Gestor de Cookies HTTP (Sesión JSESSIONID) superseded by Gestor de Cookies HTTP (Sesión JSESSIONID)
2026-09-17 17:38:06,361 WARN o.a.j.p.h.s.HTTPSamplerBase: Existing CookieManager Gestor de Cookies HTTP (Sesión JSESSIONID) superseded by Gestor de Cookies HTTP (Sesión JSESSIONID)
2026-09-17 17:38:06,362 WARN o.a.j.p.h.s.HTTPSamplerBase: Existing CookieManager Gestor de Cookies HTTP (Sesión JSESSIONID) superseded by Gestor de Cookies HTTP (Sesión JSESSIONID)
2026-09-17 17:38:06,362 WARN o.a.j.p.h.s.HTTPSamplerBase: Existing CookieManager Gestor de Cookies HTTP (Sesión JSESSIONID) superseded by Gestor de Cookies HTTP (Sesión JSESSIONID)
2026-09-17 17:38:06,370 WARN o.a.j.p.h.s.HTTPSamplerBase: Existing CookieManager Gestor de Cookies HTTP (Sesión JSESSIONID) superseded by Gestor de Cookies HTTP (Sesión JSESSIONID)
2026-09-17 17:38:06,787 WARN o.a.j.p.h.s.HTTPSamplerBase: Existing CookieManager Gestor de Cookies HTTP (Sesión JSESSIONID) superseded by Gestor de Cookies HTTP (Sesión JSESSIONID)
2026-09-17 17:38:06,787 WARN o.a.j.p.h.s.HTTPSamplerBase: Existing CookieManager Gestor de Cookies HTTP (Sesión JSESSIONID) superseded by Gestor de Cookies HTTP (Sesión JSESSIONID)
2026-09-17 17:38:06,963 WARN o.a.j.p.h.s.HTTPSamplerBase: Existing CookieManager Gestor de Cookies HTTP (Sesión JSESSIONID) superseded by Gestor de Cookies HTTP (Sesión JSESSIONID)
2026-09-17 17:38:06,963 WARN o.a.j.p.h.s.HTTPSamplerBase: Existing CookieManager Gestor de Cookies HTTP (Sesión JSESSIONID) superseded by Gestor de Cookies HTTP (Sesión JSESSIONID)
2026-09-17 17:38:06,964 WARN o.a.j.p.h.s.HTTPSamplerBase: Existing CookieManager Gestor de Cookies HTTP (Sesión JSESSIONID) superseded by Gestor de Cookies HTTP (Sesión JSESSIONID)
2026-09-17 17:38:06,966 WARN o.a.j.p.h.s.HTTPSamplerBase: Existing CookieManager Gestor de Cookies HTTP (Sesión JSESSIONID) superseded by Gestor de Cookies HTTP (Sesión JSESSIONID)
2026-09-17 17:38:06,966 WARN o.a.j.p.h.s.HTTPSamplerBase: Existing CookieManager Gestor de Cookies HTTP (Sesión JSESSIONID) superseded by Gestor de Cookies HTTP (Sesión JSESSIONID)
2026-09-17 17:38:06,970 WARN o.a.j.p.h.s.HTTPSamplerBase: Existing CookieManager Gestor de Cookies HTTP (Sesión JSESSIONID) superseded by Gestor de Cookies HTTP (Sesión JSESSIONID)
2026-09-17 17:38:06,970 WARN o.a.j.p.h.s.HTTPSamplerBase: Existing CookieManager Gestor de Cookies HTTP (Sesión JSESSIONID) superseded by Gestor de Cookies HTTP (Sesión JSESSIONID)
2026-09-17 17:38:07,269 INFO o.a.j.t.JMeterThread: Thread finished: 3. PRUEBA DE ESTRÉS (200 Usuarios Concurrentes - Pico) 1-79
2026-09-17 17:38:07,450 INFO o.a.j.t.JMeterThread: Thread finished: 3. PRUEBA DE ESTRÉS (200 Usuarios Concurrentes - Pico) 1-157
2026-09-17 17:38:07,455 ERROR o.a.j.JMeter: Uncaught exception in thread Thread[3. PRUEBA DE ESTRÉS (200 Usuarios Concurrentes - Pico) 1-79,6,main]
java.lang.OutOfMemoryError: Java heap space
2026-09-17 17:38:07,451 ERROR o.a.j.JMeter: Uncaught exception in thread Thread[3. PRUEBA DE ESTRÉS (200 Usuarios Concurrentes - Pico) 1-157,6,main]
java.lang.OutOfMemoryError: Java heap space
2026-09-17 17:38:07,701 WARN o.a.j.p.h.s.HTTPSamplerBase: Existing CookieManager Gestor de Cookies HTTP (Sesión JSESSIONID) superseded by Gestor de Cookies HTTP (Sesión JSESSIONID)
2026-09-17 17:38:07,701 WARN o.a.j.p.h.s.HTTPSamplerBase: Existing CookieManager Gestor de Cookies HTTP (Sesión JSESSIONID) superseded by Gestor de Cookies HTTP (Sesión JSESSIONID)
2026-09-17 17:38:07,701 WARN o.a.j.p.h.s.HTTPSamplerBase: Existing CookieManager Gestor de Cookies HTTP (Sesión JSESSIONID) superseded by Gestor de Cookies HTTP (Sesión JSESSIONID)
2026-09-17 17:38:07,701 WARN o.a.j.p.h.s.HTTPSamplerBase: Existing CookieManager Gestor de Cookies HTTP (Sesión JSESSIONID) superseded by Gestor de Cookies HTTP (Sesión JSESSIONID)
2026-09-17 17:38:07,701 WARN o.a.j.p.h.s.HTTPSamplerBase: Existing CookieManager Gestor de Cookies HTTP (Sesión JSESSIONID) superseded by Gestor de Cookies HTTP (Sesión JSESSIONID)
2026-09-17 17:38:07,701 WARN o.a.j.p.h.s.HTTPSamplerBase: Existing CookieManager Gestor de Cookies HTTP (Sesión JSESSIONID) superseded by Gestor de Cookies HTTP (Sesión JSESSIONID)
2026-09-17 17:38:07,701 WARN o.a.j.p.h.s.HTTPSamplerBase: Existing CookieManager Gestor de Cookies HTTP (Sesión JSESSIONID) superseded by Gestor de Cookies HTTP (Sesión JSESSIONID)
2026-09-17 17:38:07,701 WARN o.a.j.p.h.s.HTTPSamplerBase: Existing CookieManager Gestor de Cookies HTTP (Sesión JSESSIONID) superseded by Gestor de Cookies HTTP (Sesión JSESSIONID)
2026-09-17 17:38:07,701 WARN o.a.j.p.h.s.HTTPSamplerBase: Existing CookieManager Gestor de Cookies HTTP (Sesión JSESSIONID) superseded by Gestor de Cookies HTTP (Sesión JSESSIONID)
2026-09-17 17:38:07,702 WARN o.a.j.p.h.s.HTTPSamplerBase: Existing CookieManager Gestor de Cookies HTTP (Sesión JSESSIONID) superseded by Gestor de Cookies HTTP (Sesión JSESSIONID)
2026-09-17 17:38:07,702 WARN o.a.j.p.h.s.HTTPSamplerBase: Existing CookieManager Gestor de Cookies HTTP (Sesión JSESSIONID) superseded by Gestor de Cookies HTTP (Sesión JSESSIONID)
2026-09-17 17:38:07,702 WARN o.a.j.p.h.s.HTTPSamplerBase: Existing CookieManager Gestor de Cookies HTTP (Sesión JSESSIONID) superseded by Gestor de Cookies HTTP (Sesión JSESSIONID)
2026-09-17 17:38:07,800 WARN o.a.j.p.h.s.HTTPSamplerBase: Existing CookieManager Gestor de Cookies HTTP (Sesión JSESSIONID) superseded by Gestor de Cookies HTTP (Sesión JSESSIONID)
2026-09-17 17:38:08,141 INFO o.a.j.t.JMeterThread: Thread finished: 3. PRUEBA DE ESTRÉS (200 Usuarios Concurrentes - Pico) 1-145
2026-09-17 17:38:08,146 ERROR o.a.j.JMeter: Uncaught exception in thread Thread[3. PRUEBA DE ESTRÉS (200 Usuarios Concurrentes - Pico) 1-145,6,main]
java.lang.OutOfMemoryError: Java heap space
2026-09-17 17:38:08,146 WARN o.a.j.p.h.s.HTTPSamplerBase: Existing CookieManager Gestor de Cookies HTTP (Sesión JSESSIONID) superseded by Gestor de Cookies HTTP (Sesión JSESSIONID)
2026-09-17 17:38:08,146 WARN o.a.j.p.h.s.HTTPSamplerBase: Existing CookieManager Gestor de Cookies HTTP (Sesión JSESSIONID) superseded by Gestor de Cookies HTTP (Sesión JSESSIONID)
2026-09-17 17:38:08,147 WARN o.a.j.p.h.s.HTTPSamplerBase: Existing CookieManager Gestor de Cookies HTTP (Sesión JSESSIONID) superseded by Gestor de Cookies HTTP (Sesión JSESSIONID)
2026-09-17 17:38:08,355 INFO o.a.j.t.JMeterThread: Thread finished: 3. PRUEBA DE ESTRÉS (200 Usuarios Concurrentes - Pico) 1-54
2026-09-17 17:38:08,359 ERROR o.a.j.JMeter: Uncaught exception in thread Thread[3. PRUEBA DE ESTRÉS (200 Usuarios Concurrentes - Pico) 1-54,6,main]
java.lang.OutOfMemoryError: Java heap space
2026-09-17 17:38:08,546 INFO o.a.j.t.JMeterThread: Thread finished: 3. PRUEBA DE ESTRÉS (200 Usuarios Concurrentes - Pico) 1-126
2026-09-17 17:38:08,734 INFO o.a.j.t.JMeterThread: Thread finished: 3. PRUEBA DE ESTRÉS (200 Usuarios Concurrentes - Pico) 1-139
2026-09-17 17:38:08,738 ERROR o.a.j.JMeter: Uncaught exception in thread Thread[3. PRUEBA DE ESTRÉS (200 Usuarios Concurrentes - Pico) 1-139,6,main]
java.lang.OutOfMemoryError: Java heap space
2026-09-17 17:38:08,738 ERROR o.a.j.JMeter: Uncaught exception in thread Thread[3. PRUEBA DE ESTRÉS (200 Usuarios Concurrentes - Pico) 1-126,6,main]
java.lang.OutOfMemoryError: Java heap space
2026-09-17 17:38:08,963 INFO o.a.j.t.JMeterThread: Thread finished: 3. PRUEBA DE ESTRÉS (200 Usuarios Concurrentes - Pico) 1-195
2026-09-17 17:38:09,152 INFO o.a.j.t.JMeterThread: Thread finished: 3. PRUEBA DE ESTRÉS (200 Usuarios Concurrentes - Pico) 1-124
2026-09-17 17:38:09,154 ERROR o.a.j.JMeter: Uncaught exception in thread Thread[3. PRUEBA DE ESTRÉS (200 Usuarios Concurrentes - Pico) 1-195,6,main]
java.lang.OutOfMemoryError: Java heap space
2026-09-17 17:38:09,154 ERROR o.a.j.JMeter: Uncaught exception in thread Thread[3. PRUEBA DE ESTRÉS (200 Usuarios Concurrentes - Pico) 1-124,6,main]
java.lang.OutOfMemoryError: Java heap space
2026-09-17 17:38:09,249 WARN o.a.j.p.h.s.HTTPSamplerBase: Existing CookieManager Gestor de Cookies HTTP (Sesión JSESSIONID) superseded by Gestor de Cookies HTTP (Sesión JSESSIONID)
2026-09-17 17:38:09,249 WARN o.a.j.p.h.s.HTTPSamplerBase: Existing CookieManager Gestor de Cookies HTTP (Sesión JSESSIONID) superseded by Gestor de Cookies HTTP (Sesión JSESSIONID)
2026-09-17 17:38:09,249 WARN o.a.j.p.h.s.HTTPSamplerBase: Existing CookieManager Gestor de Cookies HTTP (Sesión JSESSIONID) superseded by Gestor de Cookies HTTP (Sesión JSESSIONID)
2026-09-17 17:38:09,249 WARN o.a.j.p.h.s.HTTPSamplerBase: Existing CookieManager Gestor de Cookies HTTP (Sesión JSESSIONID) superseded by Gestor de Cookies HTTP (Sesión JSESSIONID)
2026-09-17 17:38:09,479 WARN o.a.j.p.h.s.HTTPSamplerBase: Existing CookieManager Gestor de Cookies HTTP (Sesión JSESSIONID) superseded by Gestor de Cookies HTTP (Sesión JSESSIONID)
2026-09-17 17:38:09,677 WARN o.a.j.p.h.s.HTTPSamplerBase: Existing CookieManager Gestor de Cookies HTTP (Sesión JSESSIONID) superseded by Gestor de Cookies HTTP (Sesión JSESSIONID)
2026-09-17 17:38:09,677 WARN o.a.j.p.h.s.HTTPSamplerBase: Existing CookieManager Gestor de Cookies HTTP (Sesión JSESSIONID) superseded by Gestor de Cookies HTTP (Sesión JSESSIONID)
2026-09-17 17:38:09,863 INFO o.a.j.t.JMeterThread: Thread finished: 3. PRUEBA DE ESTRÉS (200 Usuarios Concurrentes - Pico) 1-193
2026-09-17 17:38:09,864 ERROR o.a.j.JMeter: Uncaught exception in thread Thread[3. PRUEBA DE ESTRÉS (200 Usuarios Concurrentes - Pico) 1-193,6,main]
java.lang.OutOfMemoryError: Java heap space
2026-09-17 17:38:09,864 WARN o.a.j.p.h.s.HTTPSamplerBase: Existing CookieManager Gestor de Cookies HTTP (Sesión JSESSIONID) superseded by Gestor de Cookies HTTP (Sesión JSESSIONID)
2026-09-17 17:38:09,864 WARN o.a.j.p.h.s.HTTPSamplerBase: Existing CookieManager Gestor de Cookies HTTP (Sesión JSESSIONID) superseded by Gestor de Cookies HTTP (Sesión JSESSIONID)
2026-09-17 17:38:09,864 WARN o.a.j.p.h.s.HTTPSamplerBase: Existing CookieManager Gestor de Cookies HTTP (Sesión JSESSIONID) superseded by Gestor de Cookies HTTP (Sesión JSESSIONID)
2026-09-17 17:38:09,864 WARN o.a.j.p.h.s.HTTPSamplerBase: Existing CookieManager Gestor de Cookies HTTP (Sesión JSESSIONID) superseded by Gestor de Cookies HTTP (Sesión JSESSIONID)
2026-09-17 17:38:09,865 WARN o.a.j.p.h.s.HTTPSamplerBase: Existing CookieManager Gestor de Cookies HTTP (Sesión JSESSIONID) superseded by Gestor de Cookies HTTP (Sesión JSESSIONID)
2026-09-17 17:38:09,866 WARN o.a.j.p.h.s.HTTPSamplerBase: Existing CookieManager Gestor de Cookies HTTP (Sesión JSESSIONID) superseded by Gestor de Cookies HTTP (Sesión JSESSIONID)
2026-09-17 17:38:09,867 WARN o.a.j.p.h.s.HTTPSamplerBase: Existing CookieManager Gestor de Cookies HTTP (Sesión JSESSIONID) superseded by Gestor de Cookies HTTP (Sesión JSESSIONID)
2026-09-17 17:38:09,867 WARN o.a.j.p.h.s.HTTPSamplerBase: Existing CookieManager Gestor de Cookies HTTP (Sesión JSESSIONID) superseded by Gestor de Cookies HTTP (Sesión JSESSIONID)
2026-09-17 17:38:10,120 INFO o.a.j.t.JMeterThread: Thread finished: 3. PRUEBA DE ESTRÉS (200 Usuarios Concurrentes - Pico) 1-143
2026-09-17 17:38:10,124 ERROR o.a.j.JMeter: Uncaught exception in thread Thread[3. PRUEBA DE ESTRÉS (200 Usuarios Concurrentes - Pico) 1-143,6,main]
java.lang.OutOfMemoryError: Java heap space
2026-09-17 17:38:10,214 WARN o.a.j.p.h.s.HTTPSamplerBase: Existing CookieManager Gestor de Cookies HTTP (Sesión JSESSIONID) superseded by Gestor de Cookies HTTP (Sesión JSESSIONID)
2026-09-17 17:38:10,214 WARN o.a.j.p.h.s.HTTPSamplerBase: Existing CookieManager Gestor de Cookies HTTP (Sesión JSESSIONID) superseded by Gestor de Cookies HTTP (Sesión JSESSIONID)
2026-09-17 17:38:10,214 WARN o.a.j.p.h.s.HTTPSamplerBase: Existing CookieManager Gestor de Cookies HTTP (Sesión JSESSIONID) superseded by Gestor de Cookies HTTP (Sesión JSESSIONID)
2026-09-17 17:38:10,589 WARN o.a.j.p.h.s.HTTPSamplerBase: Existing CookieManager Gestor de Cookies HTTP (Sesión JSESSIONID) superseded by Gestor de Cookies HTTP (Sesión JSESSIONID)
2026-09-17 17:38:10,589 WARN o.a.j.p.h.s.HTTPSamplerBase: Existing CookieManager Gestor de Cookies HTTP (Sesión JSESSIONID) superseded by Gestor de Cookies HTTP (Sesión JSESSIONID)
2026-09-17 17:38:10,660 WARN o.a.j.p.h.s.HTTPSamplerBase: Existing CookieManager Gestor de Cookies HTTP (Sesión JSESSIONID) superseded by Gestor de Cookies HTTP (Sesión JSESSIONID)
2026-09-17 17:38:10,660 WARN o.a.j.p.h.s.HTTPSamplerBase: Existing CookieManager Gestor de Cookies HTTP (Sesión JSESSIONID) superseded by Gestor de Cookies HTTP (Sesión JSESSIONID)
2026-09-17 17:38:10,660 WARN o.a.j.p.h.s.HTTPSamplerBase: Existing CookieManager Gestor de Cookies HTTP (Sesión JSESSIONID) superseded by Gestor de Cookies HTTP (Sesión JSESSIONID)
2026-09-17 17:38:10,737 WARN o.a.j.p.h.s.HTTPSamplerBase: Existing CookieManager Gestor de Cookies HTTP (Sesión JSESSIONID) superseded by Gestor de Cookies HTTP (Sesión JSESSIONID)
2026-09-17 17:38:10,739 WARN o.a.j.p.h.s.HTTPSamplerBase: Existing CookieManager Gestor de Cookies HTTP (Sesión JSESSIONID) superseded by Gestor de Cookies HTTP (Sesión JSESSIONID)
2026-09-17 17:38:10,806 WARN o.a.j.p.h.s.HTTPSamplerBase: Existing CookieManager Gestor de Cookies HTTP (Sesión JSESSIONID) superseded by Gestor de Cookies HTTP (Sesión JSESSIONID)
2026-09-17 17:38:10,980 WARN o.a.j.p.h.s.HTTPSamplerBase: Existing CookieManager Gestor de Cookies HTTP (Sesión JSESSIONID) superseded by Gestor de Cookies HTTP (Sesión JSESSIONID)
2026-09-17 17:38:11,058 WARN o.a.j.p.h.s.HTTPSamplerBase: Existing CookieManager Gestor de Cookies HTTP (Sesión JSESSIONID) superseded by Gestor de Cookies HTTP (Sesión JSESSIONID)
2026-09-17 17:38:11,060 WARN o.a.j.p.h.s.HTTPSamplerBase: Existing CookieManager Gestor de Cookies HTTP (Sesión JSESSIONID) superseded by Gestor de Cookies HTTP (Sesión JSESSIONID)
2026-09-17 17:38:11,201 WARN o.a.j.p.h.s.HTTPSamplerBase: Existing CookieManager Gestor de Cookies HTTP (Sesión JSESSIONID) superseded by Gestor de Cookies HTTP (Sesión JSESSIONID)
2026-09-17 17:38:11,202 WARN o.a.j.p.h.s.HTTPSamplerBase: Existing CookieManager Gestor de Cookies HTTP (Sesión JSESSIONID) superseded by Gestor de Cookies HTTP (Sesión JSESSIONID)
2026-09-17 17:38:11,202 WARN o.a.j.p.h.s.HTTPSamplerBase: Existing CookieManager Gestor de Cookies HTTP (Sesión JSESSIONID) superseded by Gestor de Cookies HTTP (Sesión JSESSIONID)
2026-09-17 17:38:11,202 WARN o.a.j.p.h.s.HTTPSamplerBase: Existing CookieManager Gestor de Cookies HTTP (Sesión JSESSIONID) superseded by Gestor de Cookies HTTP (Sesión JSESSIONID)
2026-09-17 17:38:11,202 WARN o.a.j.p.h.s.HTTPSamplerBase: Existing CookieManager Gestor de Cookies HTTP (Sesión JSESSIONID) superseded by Gestor de Cookies HTTP (Sesión JSESSIONID)
2026-09-17 17:38:11,311 WARN o.a.j.p.h.s.HTTPSamplerBase: Existing CookieManager Gestor de Cookies HTTP (Sesión JSESSIONID) superseded by Gestor de Cookies HTTP (Sesión JSESSIONID)
2026-09-17 17:38:11,312 WARN o.a.j.p.h.s.HTTPSamplerBase: Existing CookieManager Gestor de Cookies HTTP (Sesión JSESSIONID) superseded by Gestor de Cookies HTTP (Sesión JSESSIONID)
2026-09-17 17:38:11,485 WARN o.a.j.p.h.s.HTTPSamplerBase: Existing CookieManager Gestor de Cookies HTTP (Sesión JSESSIONID) superseded by Gestor de Cookies HTTP (Sesión JSESSIONID)
2026-09-17 17:38:11,486 WARN o.a.j.p.h.s.HTTPSamplerBase: Existing CookieManager Gestor de Cookies HTTP (Sesión JSESSIONID) superseded by Gestor de Cookies HTTP (Sesión JSESSIONID)
2026-09-17 17:38:11,486 WARN o.a.j.p.h.s.HTTPSamplerBase: Existing CookieManager Gestor de Cookies HTTP (Sesión JSESSIONID) superseded by Gestor de Cookies HTTP (Sesión JSESSIONID)
2026-09-17 17:38:11,486 WARN o.a.j.p.h.s.HTTPSamplerBase: Existing CookieManager Gestor de Cookies HTTP (Sesión JSESSIONID) superseded by Gestor de Cookies HTTP (Sesión JSESSIONID)
2026-09-17 17:38:11,524 WARN o.a.j.p.h.s.HTTPSamplerBase: Existing CookieManager Gestor de Cookies HTTP (Sesión JSESSIONID) superseded by Gestor de Cookies HTTP (Sesión JSESSIONID)
2026-09-17 17:38:11,588 WARN o.a.j.p.h.s.HTTPSamplerBase: Existing CookieManager Gestor de Cookies HTTP (Sesión JSESSIONID) superseded by Gestor de Cookies HTTP (Sesión JSESSIONID)
2026-09-17 17:38:11,595 WARN o.a.j.p.h.s.HTTPSamplerBase: Existing CookieManager Gestor de Cookies HTTP (Sesión JSESSIONID) superseded by Gestor de Cookies HTTP (Sesión JSESSIONID)
2026-09-17 17:38:11,596 WARN o.a.j.p.h.s.HTTPSamplerBase: Existing CookieManager Gestor de Cookies HTTP (Sesión JSESSIONID) superseded by Gestor de Cookies HTTP (Sesión JSESSIONID)
2026-09-17 17:38:11,724 WARN o.a.j.p.h.s.HTTPSamplerBase: Existing CookieManager Gestor de Cookies HTTP (Sesión JSESSIONID) superseded by Gestor de Cookies HTTP (Sesión JSESSIONID)
2026-09-17 17:38:11,725 WARN o.a.j.p.h.s.HTTPSamplerBase: Existing CookieManager Gestor de Cookies HTTP (Sesión JSESSIONID) superseded by Gestor de Cookies HTTP (Sesión JSESSIONID)
2026-09-17 17:38:11,725 WARN o.a.j.p.h.s.HTTPSamplerBase: Existing CookieManager Gestor de Cookies HTTP (Sesión JSESSIONID) superseded by Gestor de Cookies HTTP (Sesión JSESSIONID)
2026-09-17 17:38:11,725 WARN o.a.j.p.h.s.HTTPSamplerBase: Existing CookieManager Gestor de Cookies HTTP (Sesión JSESSIONID) superseded by Gestor de Cookies HTTP (Sesión JSESSIONID)
2026-09-17 17:38:11,726 WARN o.a.j.p.h.s.HTTPSamplerBase: Existing CookieManager Gestor de Cookies HTTP (Sesión JSESSIONID) superseded by Gestor de Cookies HTTP (Sesión JSESSIONID)
2026-09-17 17:38:11,726 WARN o.a.j.p.h.s.HTTPSamplerBase: Existing CookieManager Gestor de Cookies HTTP (Sesión JSESSIONID) superseded by Gestor de Cookies HTTP (Sesión JSESSIONID)
2026-09-17 17:38:11,828 WARN o.a.j.p.h.s.HTTPSamplerBase: Existing CookieManager Gestor de Cookies HTTP (Sesión JSESSIONID) superseded by Gestor de Cookies HTTP (Sesión JSESSIONID)
2026-09-17 17:38:12,038 WARN o.a.j.p.h.s.HTTPSamplerBase: Existing CookieManager Gestor de Cookies HTTP (Sesión JSESSIONID) superseded by Gestor de Cookies HTTP (Sesión JSESSIONID)
2026-09-17 17:38:12,100 WARN o.a.j.p.h.s.HTTPSamplerBase: Existing CookieManager Gestor de Cookies HTTP (Sesión JSESSIONID) superseded by Gestor de Cookies HTTP (Sesión JSESSIONID)
2026-09-17 17:38:12,100 WARN o.a.j.p.h.s.HTTPSamplerBase: Existing CookieManager Gestor de Cookies HTTP (Sesión JSESSIONID) superseded by Gestor de Cookies HTTP (Sesión JSESSIONID)
2026-09-17 17:38:12,106 WARN o.a.j.p.h.s.HTTPSamplerBase: Existing CookieManager Gestor de Cookies HTTP (Sesión JSESSIONID) superseded by Gestor de Cookies HTTP (Sesión JSESSIONID)
2026-09-17 17:38:12,130 WARN o.a.j.p.h.s.HTTPSamplerBase: Existing CookieManager Gestor de Cookies HTTP (Sesión JSESSIONID) superseded by Gestor de Cookies HTTP (Sesión JSESSIONID)
2026-09-17 17:38:12,185 WARN o.a.j.p.h.s.HTTPSamplerBase: Existing CookieManager Gestor de Cookies HTTP (Sesión JSESSIONID) superseded by Gestor de Cookies HTTP (Sesión JSESSIONID)
2026-09-17 17:38:12,616 WARN o.a.j.p.h.s.HTTPSamplerBase: Existing CookieManager Gestor de Cookies HTTP (Sesión JSESSIONID) superseded by Gestor de Cookies HTTP (Sesión JSESSIONID)
2026-09-17 17:38:12,760 WARN o.a.j.p.h.s.HTTPSamplerBase: Existing CookieManager Gestor de Cookies HTTP (Sesión JSESSIONID) superseded by Gestor de Cookies HTTP (Sesión JSESSIONID)
2026-09-17 17:38:12,879 WARN o.a.j.p.h.s.HTTPSamplerBase: Existing CookieManager Gestor de Cookies HTTP (Sesión JSESSIONID) superseded by Gestor de Cookies HTTP (Sesión JSESSIONID)
2026-09-17 17:38:12,879 WARN o.a.j.p.h.s.HTTPSamplerBase: Existing CookieManager Gestor de Cookies HTTP (Sesión JSESSIONID) superseded by Gestor de Cookies HTTP (Sesión JSESSIONID)
2026-09-17 17:38:12,881 WARN o.a.j.p.h.s.HTTPSamplerBase: Existing CookieManager Gestor de Cookies HTTP (Sesión JSESSIONID) superseded by Gestor de Cookies HTTP (Sesión JSESSIONID)
2026-09-17 17:38:12,881 WARN o.a.j.p.h.s.HTTPSamplerBase: Existing CookieManager Gestor de Cookies HTTP (Sesión JSESSIONID) superseded by Gestor de Cookies HTTP (Sesión JSESSIONID)
2026-09-17 17:38:12,881 WARN o.a.j.p.h.s.HTTPSamplerBase: Existing CookieManager Gestor de Cookies HTTP (Sesión JSESSIONID) superseded by Gestor de Cookies HTTP (Sesión JSESSIONID)
2026-09-17 17:38:12,882 WARN o.a.j.p.h.s.HTTPSamplerBase: Existing CookieManager Gestor de Cookies HTTP (Sesión JSESSIONID) superseded by Gestor de Cookies HTTP (Sesión JSESSIONID)
2026-09-17 17:38:12,882 WARN o.a.j.p.h.s.HTTPSamplerBase: Existing CookieManager Gestor de Cookies HTTP (Sesión JSESSIONID) superseded by Gestor de Cookies HTTP (Sesión JSESSIONID)
2026-09-17 17:38:12,883 WARN o.a.j.p.h.s.HTTPSamplerBase: Existing CookieManager Gestor de Cookies HTTP (Sesión JSESSIONID) superseded by Gestor de Cookies HTTP (Sesión JSESSIONID)
2026-09-17 17:38:13,272 WARN o.a.j.p.h.s.HTTPSamplerBase: Existing CookieManager Gestor de Cookies HTTP (Sesión JSESSIONID) superseded by Gestor de Cookies HTTP (Sesión JSESSIONID)
2026-09-17 17:38:13,437 WARN o.a.j.p.h.s.HTTPSamplerBase: Existing CookieManager Gestor de Cookies HTTP (Sesión JSESSIONID) superseded by Gestor de Cookies HTTP (Sesión JSESSIONID)
2026-09-17 17:38:13,437 WARN o.a.j.p.h.s.HTTPSamplerBase: Existing CookieManager Gestor de Cookies HTTP (Sesión JSESSIONID) superseded by Gestor de Cookies HTTP (Sesión JSESSIONID)
2026-09-17 17:38:13,439 WARN o.a.j.p.h.s.HTTPSamplerBase: Existing CookieManager Gestor de Cookies HTTP (Sesión JSESSIONID) superseded by Gestor de Cookies HTTP (Sesión JSESSIONID)
2026-09-17 17:38:13,439 WARN o.a.j.p.h.s.HTTPSamplerBase: Existing CookieManager Gestor de Cookies HTTP (Sesión JSESSIONID) superseded by Gestor de Cookies HTTP (Sesión JSESSIONID)
2026-09-17 17:38:13,560 WARN o.a.j.p.h.s.HTTPSamplerBase: Existing CookieManager Gestor de Cookies HTTP (Sesión JSESSIONID) superseded by Gestor de Cookies HTTP (Sesión JSESSIONID)
2026-09-17 17:38:13,561 WARN o.a.j.p.h.s.HTTPSamplerBase: Existing CookieManager Gestor de Cookies HTTP (Sesión JSESSIONID) superseded by Gestor de Cookies HTTP (Sesión JSESSIONID)
2026-09-17 17:38:13,608 WARN o.a.j.p.h.s.HTTPSamplerBase: Existing CookieManager Gestor de Cookies HTTP (Sesión JSESSIONID) superseded by Gestor de Cookies HTTP (Sesión JSESSIONID)
2026-09-17 17:38:13,608 WARN o.a.j.p.h.s.HTTPSamplerBase: Existing CookieManager Gestor de Cookies HTTP (Sesión JSESSIONID) superseded by Gestor de Cookies HTTP (Sesión JSESSIONID)
2026-09-17 17:38:13,721 WARN o.a.j.p.h.s.HTTPSamplerBase: Existing CookieManager Gestor de Cookies HTTP (Sesión JSESSIONID) superseded by Gestor de Cookies HTTP (Sesión JSESSIONID)
2026-09-17 17:38:13,817 WARN o.a.j.p.h.s.HTTPSamplerBase: Existing CookieManager Gestor de Cookies HTTP (Sesión JSESSIONID) superseded by Gestor de Cookies HTTP (Sesión JSESSIONID)
2026-09-17 17:38:13,817 WARN o.a.j.p.h.s.HTTPSamplerBase: Existing CookieManager Gestor de Cookies HTTP (Sesión JSESSIONID) superseded by Gestor de Cookies HTTP (Sesión JSESSIONID)
2026-09-17 17:38:13,980 WARN o.a.j.p.h.s.HTTPSamplerBase: Existing CookieManager Gestor de Cookies HTTP (Sesión JSESSIONID) superseded by Gestor de Cookies HTTP (Sesión JSESSIONID)
2026-09-17 17:38:13,980 WARN o.a.j.p.h.s.HTTPSamplerBase: Existing CookieManager Gestor de Cookies HTTP (Sesión JSESSIONID) superseded by Gestor de Cookies HTTP (Sesión JSESSIONID)
2026-09-17 17:38:14,241 WARN o.a.j.p.h.s.HTTPSamplerBase: Existing CookieManager Gestor de Cookies HTTP (Sesión JSESSIONID) superseded by Gestor de Cookies HTTP (Sesión JSESSIONID)
2026-09-17 17:38:14,358 WARN o.a.j.p.h.s.HTTPSamplerBase: Existing CookieManager Gestor de Cookies HTTP (Sesión JSESSIONID) superseded by Gestor de Cookies HTTP (Sesión JSESSIONID)
2026-09-17 17:38:14,358 WARN o.a.j.p.h.s.HTTPSamplerBase: Existing CookieManager Gestor de Cookies HTTP (Sesión JSESSIONID) superseded by Gestor de Cookies HTTP (Sesión JSESSIONID)
2026-09-17 17:38:14,358 WARN o.a.j.p.h.s.HTTPSamplerBase: Existing CookieManager Gestor de Cookies HTTP (Sesión JSESSIONID) superseded by Gestor de Cookies HTTP (Sesión JSESSIONID)
2026-09-17 17:38:14,460 WARN o.a.j.p.h.s.HTTPSamplerBase: Existing CookieManager Gestor de Cookies HTTP (Sesión JSESSIONID) superseded by Gestor de Cookies HTTP (Sesión JSESSIONID)
2026-09-17 17:38:14,483 WARN o.a.j.p.h.s.HTTPSamplerBase: Existing CookieManager Gestor de Cookies HTTP (Sesión JSESSIONID) superseded by Gestor de Cookies HTTP (Sesión JSESSIONID)
2026-09-17 17:38:14,485 WARN o.a.j.p.h.s.HTTPSamplerBase: Existing CookieManager Gestor de Cookies HTTP (Sesión JSESSIONID) superseded by Gestor de Cookies HTTP (Sesión JSESSIONID)
2026-09-17 17:38:14,586 WARN o.a.j.p.h.s.HTTPSamplerBase: Existing CookieManager Gestor de Cookies HTTP (Sesión JSESSIONID) superseded by Gestor de Cookies HTTP (Sesión JSESSIONID)
2026-09-17 17:38:14,671 WARN o.a.j.p.h.s.HTTPSamplerBase: Existing CookieManager Gestor de Cookies HTTP (Sesión JSESSIONID) superseded by Gestor de Cookies HTTP (Sesión JSESSIONID)
2026-09-17 17:38:14,744 WARN o.a.j.p.h.s.HTTPSamplerBase: Existing CookieManager Gestor de Cookies HTTP (Sesión JSESSIONID) superseded by Gestor de Cookies HTTP (Sesión JSESSIONID)
2026-09-17 17:38:14,754 WARN o.a.j.p.h.s.HTTPSamplerBase: Existing CookieManager Gestor de Cookies HTTP (Sesión JSESSIONID) superseded by Gestor de Cookies HTTP (Sesión JSESSIONID)
2026-09-17 17:38:15,139 WARN o.a.j.p.h.s.HTTPSamplerBase: Existing CookieManager Gestor de Cookies HTTP (Sesión JSESSIONID) superseded by Gestor de Cookies HTTP (Sesión JSESSIONID)
2026-09-17 17:38:15,139 WARN o.a.j.p.h.s.HTTPSamplerBase: Existing CookieManager Gestor de Cookies HTTP (Sesión JSESSIONID) superseded by Gestor de Cookies HTTP (Sesión JSESSIONID)
2026-09-17 17:38:15,139 WARN o.a.j.p.h.s.HTTPSamplerBase: Existing CookieManager Gestor de Cookies HTTP (Sesión JSESSIONID) superseded by Gestor de Cookies HTTP (Sesión JSESSIONID)
2026-09-17 17:38:15,139 WARN o.a.j.p.h.s.HTTPSamplerBase: Existing CookieManager Gestor de Cookies HTTP (Sesión JSESSIONID) superseded by Gestor de Cookies HTTP (Sesión JSESSIONID)
2026-09-17 17:38:15,454 WARN o.a.j.p.h.s.HTTPSamplerBase: Existing CookieManager Gestor de Cookies HTTP (Sesión JSESSIONID) superseded by Gestor de Cookies HTTP (Sesión JSESSIONID)
2026-09-17 17:38:15,480 WARN o.a.j.p.h.s.HTTPSamplerBase: Existing CookieManager Gestor de Cookies HTTP (Sesión JSESSIONID) superseded by Gestor de Cookies HTTP (Sesión JSESSIONID)
2026-09-17 17:38:15,483 WARN o.a.j.p.h.s.HTTPSamplerBase: Existing CookieManager Gestor de Cookies HTTP (Sesión JSESSIONID) superseded by Gestor de Cookies HTTP (Sesión JSESSIONID)
2026-09-17 17:38:15,636 WARN o.a.j.p.h.s.HTTPSamplerBase: Existing CookieManager Gestor de Cookies HTTP (Sesión JSESSIONID) superseded by Gestor de Cookies HTTP (Sesión JSESSIONID)
2026-09-17 17:38:15,636 WARN o.a.j.p.h.s.HTTPSamplerBase: Existing CookieManager Gestor de Cookies HTTP (Sesión JSESSIONID) superseded by Gestor de Cookies HTTP (Sesión JSESSIONID)
2026-09-17 17:38:15,636 WARN o.a.j.p.h.s.HTTPSamplerBase: Existing CookieManager Gestor de Cookies HTTP (Sesión JSESSIONID) superseded by Gestor de Cookies HTTP (Sesión JSESSIONID)
2026-09-17 17:38:15,636 WARN o.a.j.p.h.s.HTTPSamplerBase: Existing CookieManager Gestor de Cookies HTTP (Sesión JSESSIONID) superseded by Gestor de Cookies HTTP (Sesión JSESSIONID)
2026-09-17 17:38:15,674 WARN o.a.j.p.h.s.HTTPSamplerBase: Existing CookieManager Gestor de Cookies HTTP (Sesión JSESSIONID) superseded by Gestor de Cookies HTTP (Sesión JSESSIONID)
2026-09-17 17:38:15,690 WARN o.a.j.p.h.s.HTTPSamplerBase: Existing CookieManager Gestor de Cookies HTTP (Sesión JSESSIONID) superseded by Gestor de Cookies HTTP (Sesión JSESSIONID)
2026-09-17 17:38:16,219 WARN o.a.j.p.h.s.HTTPSamplerBase: Existing CookieManager Gestor de Cookies HTTP (Sesión JSESSIONID) superseded by Gestor de Cookies HTTP (Sesión JSESSIONID)
2026-09-17 17:38:16,473 WARN o.a.j.p.h.s.HTTPSamplerBase: Existing CookieManager Gestor de Cookies HTTP (Sesión JSESSIONID) superseded by Gestor de Cookies HTTP (Sesión JSESSIONID)
2026-09-17 17:38:16,474 WARN o.a.j.p.h.s.HTTPSamplerBase: Existing CookieManager Gestor de Cookies HTTP (Sesión JSESSIONID) superseded by Gestor de Cookies HTTP (Sesión JSESSIONID)
2026-09-17 17:38:16,503 WARN o.a.j.p.h.s.HTTPSamplerBase: Existing CookieManager Gestor de Cookies HTTP (Sesión JSESSIONID) superseded by Gestor de Cookies HTTP (Sesión JSESSIONID)
2026-09-17 17:38:16,510 WARN o.a.j.p.h.s.HTTPSamplerBase: Existing CookieManager Gestor de Cookies HTTP (Sesión JSESSIONID) superseded by Gestor de Cookies HTTP (Sesión JSESSIONID)
2026-09-17 17:38:16,625 WARN o.a.j.p.h.s.HTTPSamplerBase: Existing CookieManager Gestor de Cookies HTTP (Sesión JSESSIONID) superseded by Gestor de Cookies HTTP (Sesión JSESSIONID)
2026-09-17 17:38:16,625 WARN o.a.j.p.h.s.HTTPSamplerBase: Existing CookieManager Gestor de Cookies HTTP (Sesión JSESSIONID) superseded by Gestor de Cookies HTTP (Sesión JSESSIONID)
2026-09-17 17:38:16,625 WARN o.a.j.p.h.s.HTTPSamplerBase: Existing CookieManager Gestor de Cookies HTTP (Sesión JSESSIONID) superseded by Gestor de Cookies HTTP (Sesión JSESSIONID)
2026-09-17 17:38:16,764 WARN o.a.j.p.h.s.HTTPSamplerBase: Existing CookieManager Gestor de Cookies HTTP (Sesión JSESSIONID) superseded by Gestor de Cookies HTTP (Sesión JSESSIONID)
2026-09-17 17:38:16,774 WARN o.a.j.p.h.s.HTTPSamplerBase: Existing CookieManager Gestor de Cookies HTTP (Sesión JSESSIONID) superseded by Gestor de Cookies HTTP (Sesión JSESSIONID)
2026-09-17 17:38:16,885 WARN o.a.j.p.h.s.HTTPSamplerBase: Existing CookieManager Gestor de Cookies HTTP (Sesión JSESSIONID) superseded by Gestor de Cookies HTTP (Sesión JSESSIONID)
2026-09-17 17:38:16,885 WARN o.a.j.p.h.s.HTTPSamplerBase: Existing CookieManager Gestor de Cookies HTTP (Sesión JSESSIONID) superseded by Gestor de Cookies HTTP (Sesión JSESSIONID)
2026-09-17 17:38:16,968 WARN o.a.j.p.h.s.HTTPSamplerBase: Existing CookieManager Gestor de Cookies HTTP (Sesión JSESSIONID) superseded by Gestor de Cookies HTTP (Sesión JSESSIONID)
2026-09-17 17:38:16,980 WARN o.a.j.p.h.s.HTTPSamplerBase: Existing CookieManager Gestor de Cookies HTTP (Sesión JSESSIONID) superseded by Gestor de Cookies HTTP (Sesión JSESSIONID)
2026-09-17 17:38:16,982 WARN o.a.j.p.h.s.HTTPSamplerBase: Existing CookieManager Gestor de Cookies HTTP (Sesión JSESSIONID) superseded by Gestor de Cookies HTTP (Sesión JSESSIONID)
2026-09-17 17:38:17,010 WARN o.a.j.p.h.s.HTTPSamplerBase: Existing CookieManager Gestor de Cookies HTTP (Sesión JSESSIONID) superseded by Gestor de Cookies HTTP (Sesión JSESSIONID)
2026-09-17 17:38:17,011 WARN o.a.j.p.h.s.HTTPSamplerBase: Existing CookieManager Gestor de Cookies HTTP (Sesión JSESSIONID) superseded by Gestor de Cookies HTTP (Sesión JSESSIONID)
2026-09-17 17:38:17,148 WARN o.a.j.p.h.s.HTTPSamplerBase: Existing CookieManager Gestor de Cookies HTTP (Sesión JSESSIONID) superseded by Gestor de Cookies HTTP (Sesión JSESSIONID)
2026-09-17 17:38:17,148 WARN o.a.j.p.h.s.HTTPSamplerBase: Existing CookieManager Gestor de Cookies HTTP (Sesión JSESSIONID) superseded by Gestor de Cookies HTTP (Sesión JSESSIONID)
2026-09-17 17:38:17,160 WARN o.a.j.p.h.s.HTTPSamplerBase: Existing CookieManager Gestor de Cookies HTTP (Sesión JSESSIONID) superseded by Gestor de Cookies HTTP (Sesión JSESSIONID)
2026-09-17 17:38:17,409 WARN o.a.j.p.h.s.HTTPSamplerBase: Existing CookieManager Gestor de Cookies HTTP (Sesión JSESSIONID) superseded by Gestor de Cookies HTTP (Sesión JSESSIONID)
2026-09-17 17:38:17,417 WARN o.a.j.p.h.s.HTTPSamplerBase: Existing CookieManager Gestor de Cookies HTTP (Sesión JSESSIONID) superseded by Gestor de Cookies HTTP (Sesión JSESSIONID)
2026-09-17 17:38:17,486 WARN o.a.j.p.h.s.HTTPSamplerBase: Existing CookieManager Gestor de Cookies HTTP (Sesión JSESSIONID) superseded by Gestor de Cookies HTTP (Sesión JSESSIONID)
2026-09-17 17:38:17,507 WARN o.a.j.p.h.s.HTTPSamplerBase: Existing CookieManager Gestor de Cookies HTTP (Sesión JSESSIONID) superseded by Gestor de Cookies HTTP (Sesión JSESSIONID)
2026-09-17 17:38:17,619 WARN o.a.j.p.h.s.HTTPSamplerBase: Existing CookieManager Gestor de Cookies HTTP (Sesión JSESSIONID) superseded by Gestor de Cookies HTTP (Sesión JSESSIONID)
2026-09-17 17:38:17,670 WARN o.a.j.p.h.s.HTTPSamplerBase: Existing CookieManager Gestor de Cookies HTTP (Sesión JSESSIONID) superseded by Gestor de Cookies HTTP (Sesión JSESSIONID)
2026-09-17 17:38:17,670 WARN o.a.j.p.h.s.HTTPSamplerBase: Existing CookieManager Gestor de Cookies HTTP (Sesión JSESSIONID) superseded by Gestor de Cookies HTTP (Sesión JSESSIONID)
2026-09-17 17:38:17,670 WARN o.a.j.p.h.s.HTTPSamplerBase: Existing CookieManager Gestor de Cookies HTTP (Sesión JSESSIONID) superseded by Gestor de Cookies HTTP (Sesión JSESSIONID)
2026-09-17 17:38:17,671 WARN o.a.j.p.h.s.HTTPSamplerBase: Existing CookieManager Gestor de Cookies HTTP (Sesión JSESSIONID) superseded by Gestor de Cookies HTTP (Sesión JSESSIONID)
2026-09-17 17:38:17,784 WARN o.a.j.p.h.s.HTTPSamplerBase: Existing CookieManager Gestor de Cookies HTTP (Sesión JSESSIONID) superseded by Gestor de Cookies HTTP (Sesión JSESSIONID)
2026-09-17 17:38:17,784 WARN o.a.j.p.h.s.HTTPSamplerBase: Existing CookieManager Gestor de Cookies HTTP (Sesión JSESSIONID) superseded by Gestor de Cookies HTTP (Sesión JSESSIONID)
2026-09-17 17:38:17,784 WARN o.a.j.p.h.s.HTTPSamplerBase: Existing CookieManager Gestor de Cookies HTTP (Sesión JSESSIONID) superseded by Gestor de Cookies HTTP (Sesión JSESSIONID)
2026-09-17 17:38:18,224 WARN o.a.j.p.h.s.HTTPSamplerBase: Existing CookieManager Gestor de Cookies HTTP (Sesión JSESSIONID) superseded by Gestor de Cookies HTTP (Sesión JSESSIONID)
2026-09-17 17:38:18,225 WARN o.a.j.p.h.s.HTTPSamplerBase: Existing CookieManager Gestor de Cookies HTTP (Sesión JSESSIONID) superseded by Gestor de Cookies HTTP (Sesión JSESSIONID)
2026-09-17 17:38:18,730 INFO o.a.j.t.JMeterThread: Thread finished: 3. PRUEBA DE ESTRÉS (200 Usuarios Concurrentes - Pico) 1-140
2026-09-17 17:38:18,733 ERROR o.a.j.JMeter: Uncaught exception in thread Thread[3. PRUEBA DE ESTRÉS (200 Usuarios Concurrentes - Pico) 1-140,6,main]
java.lang.OutOfMemoryError: Java heap space
2026-09-17 17:38:19,339 INFO o.a.j.t.JMeterThread: Thread finished: 3. PRUEBA DE ESTRÉS (200 Usuarios Concurrentes - Pico) 1-167
2026-09-17 17:38:19,339 ERROR o.a.j.JMeter: Uncaught exception in thread Thread[3. PRUEBA DE ESTRÉS (200 Usuarios Concurrentes - Pico) 1-167,6,main]
java.lang.OutOfMemoryError: Java heap space
2026-09-17 17:38:19,543 INFO o.a.j.t.JMeterThread: Thread finished: 3. PRUEBA DE ESTRÉS (200 Usuarios Concurrentes - Pico) 1-4
2026-09-17 17:38:19,547 ERROR o.a.j.JMeter: Uncaught exception in thread Thread[3. PRUEBA DE ESTRÉS (200 Usuarios Concurrentes - Pico) 1-4,6,main]
java.lang.OutOfMemoryError: Java heap space
2026-09-17 17:38:19,791 INFO o.a.j.t.JMeterThread: Thread finished: 3. PRUEBA DE ESTRÉS (200 Usuarios Concurrentes - Pico) 1-148
2026-09-17 17:38:19,901 ERROR o.a.j.JMeter: Uncaught exception in thread Thread[3. PRUEBA DE ESTRÉS (200 Usuarios Concurrentes - Pico) 1-148,6,main]
java.lang.OutOfMemoryError: Java heap space
2026-09-17 17:38:20,106 INFO o.a.j.t.JMeterThread: Thread finished: 3. PRUEBA DE ESTRÉS (200 Usuarios Concurrentes - Pico) 1-56
2026-09-17 17:38:20,106 ERROR o.a.j.JMeter: Uncaught exception in thread Thread[3. PRUEBA DE ESTRÉS (200 Usuarios Concurrentes - Pico) 1-56,6,main]
java.lang.OutOfMemoryError: Java heap space
2026-09-17 17:38:20,296 INFO o.a.j.t.JMeterThread: Thread finished: 3. PRUEBA DE ESTRÉS (200 Usuarios Concurrentes - Pico) 1-172
2026-09-17 17:38:20,483 INFO o.a.j.t.JMeterThread: Thread finished: 3. PRUEBA DE ESTRÉS (200 Usuarios Concurrentes - Pico) 1-183
2026-09-17 17:38:20,483 ERROR o.a.j.JMeter: Uncaught exception in thread Thread[3. PRUEBA DE ESTRÉS (200 Usuarios Concurrentes - Pico) 1-172,6,main]
java.lang.OutOfMemoryError: Java heap space
2026-09-17 17:38:20,483 ERROR o.a.j.JMeter: Uncaught exception in thread Thread[3. PRUEBA DE ESTRÉS (200 Usuarios Concurrentes - Pico) 1-183,6,main]
java.lang.OutOfMemoryError: Java heap space
2026-09-17 17:38:20,661 INFO o.a.j.t.JMeterThread: Thread finished: 3. PRUEBA DE ESTRÉS (200 Usuarios Concurrentes - Pico) 1-29
2026-09-17 17:38:20,661 ERROR o.a.j.JMeter: Uncaught exception in thread Thread[3. PRUEBA DE ESTRÉS (200 Usuarios Concurrentes - Pico) 1-29,6,main]
java.lang.OutOfMemoryError: Java heap space
2026-09-17 17:38:20,751 WARN o.a.j.p.h.s.HTTPSamplerBase: Existing CookieManager Gestor de Cookies HTTP (Sesión JSESSIONID) superseded by Gestor de Cookies HTTP (Sesión JSESSIONID)
2026-09-17 17:38:20,751 WARN o.a.j.p.h.s.HTTPSamplerBase: Existing CookieManager Gestor de Cookies HTTP (Sesión JSESSIONID) superseded by Gestor de Cookies HTTP (Sesión JSESSIONID)
2026-09-17 17:38:20,751 WARN o.a.j.p.h.s.HTTPSamplerBase: Existing CookieManager Gestor de Cookies HTTP (Sesión JSESSIONID) superseded by Gestor de Cookies HTTP (Sesión JSESSIONID)
2026-09-17 17:38:20,752 WARN o.a.j.p.h.s.HTTPSamplerBase: Existing CookieManager Gestor de Cookies HTTP (Sesión JSESSIONID) superseded by Gestor de Cookies HTTP (Sesión JSESSIONID)
2026-09-17 17:38:20,752 WARN o.a.j.p.h.s.HTTPSamplerBase: Existing CookieManager Gestor de Cookies HTTP (Sesión JSESSIONID) superseded by Gestor de Cookies HTTP (Sesión JSESSIONID)
2026-09-17 17:38:20,752 WARN o.a.j.p.h.s.HTTPSamplerBase: Existing CookieManager Gestor de Cookies HTTP (Sesión JSESSIONID) superseded by Gestor de Cookies HTTP (Sesión JSESSIONID)
2026-09-17 17:38:20,752 WARN o.a.j.p.h.s.HTTPSamplerBase: Existing CookieManager Gestor de Cookies HTTP (Sesión JSESSIONID) superseded by Gestor de Cookies HTTP (Sesión JSESSIONID)
2026-09-17 17:38:20,752 WARN o.a.j.p.h.s.HTTPSamplerBase: Existing CookieManager Gestor de Cookies HTTP (Sesión JSESSIONID) superseded by Gestor de Cookies HTTP (Sesión JSESSIONID)
2026-09-17 17:38:20,752 WARN o.a.j.p.h.s.HTTPSamplerBase: Existing CookieManager Gestor de Cookies HTTP (Sesión JSESSIONID) superseded by Gestor de Cookies HTTP (Sesión JSESSIONID)
2026-09-17 17:38:21,150 INFO o.a.j.t.JMeterThread: Thread finished: 3. PRUEBA DE ESTRÉS (200 Usuarios Concurrentes - Pico) 1-87
2026-09-17 17:38:21,333 INFO o.a.j.t.JMeterThread: Thread finished: 3. PRUEBA DE ESTRÉS (200 Usuarios Concurrentes - Pico) 1-171
2026-09-17 17:38:21,517 ERROR o.a.j.JMeter: Uncaught exception in thread Thread[3. PRUEBA DE ESTRÉS (200 Usuarios Concurrentes - Pico) 1-87,6,main]
java.lang.OutOfMemoryError: Java heap space
2026-09-17 17:38:21,517 INFO o.a.j.t.JMeterThread: Thread finished: 3. PRUEBA DE ESTRÉS (200 Usuarios Concurrentes - Pico) 1-83
2026-09-17 17:38:21,696 ERROR o.a.j.JMeter: Uncaught exception in thread Thread[3. PRUEBA DE ESTRÉS (200 Usuarios Concurrentes - Pico) 1-83,6,main]
java.lang.OutOfMemoryError: Java heap space
2026-09-17 17:38:21,696 ERROR o.a.j.JMeter: Uncaught exception in thread Thread[3. PRUEBA DE ESTRÉS (200 Usuarios Concurrentes - Pico) 1-171,6,main]
java.lang.OutOfMemoryError: Java heap space
2026-09-17 17:38:21,696 WARN o.a.j.p.h.s.HTTPSamplerBase: Existing CookieManager Gestor de Cookies HTTP (Sesión JSESSIONID) superseded by Gestor de Cookies HTTP (Sesión JSESSIONID)
2026-09-17 17:38:21,696 INFO o.a.j.t.JMeterThread: Thread finished: 3. PRUEBA DE ESTRÉS (200 Usuarios Concurrentes - Pico) 1-130
2026-09-17 17:38:21,701 ERROR o.a.j.JMeter: Uncaught exception in thread Thread[3. PRUEBA DE ESTRÉS (200 Usuarios Concurrentes - Pico) 1-130,6,main]
java.lang.OutOfMemoryError: Java heap space
2026-09-17 17:38:21,701 WARN o.a.j.p.h.s.HTTPSamplerBase: Existing CookieManager Gestor de Cookies HTTP (Sesión JSESSIONID) superseded by Gestor de Cookies HTTP (Sesión JSESSIONID)
2026-09-17 17:38:21,701 WARN o.a.j.p.h.s.HTTPSamplerBase: Existing CookieManager Gestor de Cookies HTTP (Sesión JSESSIONID) superseded by Gestor de Cookies HTTP (Sesión JSESSIONID)
2026-09-17 17:38:21,961 INFO o.a.j.t.JMeterThread: Thread finished: 3. PRUEBA DE ESTRÉS (200 Usuarios Concurrentes - Pico) 1-30
2026-09-17 17:38:21,961 ERROR o.a.j.JMeter: Uncaught exception in thread Thread[3. PRUEBA DE ESTRÉS (200 Usuarios Concurrentes - Pico) 1-30,6,main]
java.lang.OutOfMemoryError: Java heap space
2026-09-17 17:38:22,154 INFO o.a.j.t.JMeterThread: Thread finished: 3. PRUEBA DE ESTRÉS (200 Usuarios Concurrentes - Pico) 1-190
2026-09-17 17:38:22,520 INFO o.a.j.t.JMeterThread: Thread finished: 3. PRUEBA DE ESTRÉS (200 Usuarios Concurrentes - Pico) 1-189
2026-09-17 17:38:22,520 ERROR o.a.j.JMeter: Uncaught exception in thread Thread[3. PRUEBA DE ESTRÉS (200 Usuarios Concurrentes - Pico) 1-190,6,main]
java.lang.OutOfMemoryError: Java heap space
2026-09-17 17:38:22,520 INFO o.a.j.t.JMeterThread: Thread finished: 3. PRUEBA DE ESTRÉS (200 Usuarios Concurrentes - Pico) 1-198
2026-09-17 17:38:22,520 ERROR o.a.j.JMeter: Uncaught exception in thread Thread[3. PRUEBA DE ESTRÉS (200 Usuarios Concurrentes - Pico) 1-198,6,main]
java.lang.OutOfMemoryError: Java heap space
2026-09-17 17:38:22,520 ERROR o.a.j.JMeter: Uncaught exception in thread Thread[3. PRUEBA DE ESTRÉS (200 Usuarios Concurrentes - Pico) 1-189,6,main]
java.lang.OutOfMemoryError: Java heap space
2026-09-17 17:38:22,730 WARN o.a.j.p.h.s.HTTPSamplerBase: Existing CookieManager Gestor de Cookies HTTP (Sesión JSESSIONID) superseded by Gestor de Cookies HTTP (Sesión JSESSIONID)
2026-09-17 17:38:22,730 WARN o.a.j.p.h.s.HTTPSamplerBase: Existing CookieManager Gestor de Cookies HTTP (Sesión JSESSIONID) superseded by Gestor de Cookies HTTP (Sesión JSESSIONID)
2026-09-17 17:38:22,730 WARN o.a.j.p.h.s.HTTPSamplerBase: Existing CookieManager Gestor de Cookies HTTP (Sesión JSESSIONID) superseded by Gestor de Cookies HTTP (Sesión JSESSIONID)
2026-09-17 17:38:22,730 WARN o.a.j.p.h.s.HTTPSamplerBase: Existing CookieManager Gestor de Cookies HTTP (Sesión JSESSIONID) superseded by Gestor de Cookies HTTP (Sesión JSESSIONID)
2026-09-17 17:38:23,101 INFO o.a.j.t.JMeterThread: Thread finished: 3. PRUEBA DE ESTRÉS (200 Usuarios Concurrentes - Pico) 1-114
2026-09-17 17:38:23,101 ERROR o.a.j.JMeter: Uncaught exception in thread Thread[3. PRUEBA DE ESTRÉS (200 Usuarios Concurrentes - Pico) 1-114,6,main]
java.lang.OutOfMemoryError: Java heap space
2026-09-17 17:38:23,304 INFO o.a.j.t.JMeterThread: Thread finished: 3. PRUEBA DE ESTRÉS (200 Usuarios Concurrentes - Pico) 1-9
2026-09-17 17:38:23,489 INFO o.a.j.t.JMeterThread: Thread finished: 3. PRUEBA DE ESTRÉS (200 Usuarios Concurrentes - Pico) 1-42
2026-09-17 17:38:23,489 ERROR o.a.j.JMeter: Uncaught exception in thread Thread[3. PRUEBA DE ESTRÉS (200 Usuarios Concurrentes - Pico) 1-9,6,main]
java.lang.OutOfMemoryError: Java heap space
2026-09-17 17:38:23,754 INFO o.a.j.t.JMeterThread: Thread finished: 3. PRUEBA DE ESTRÉS (200 Usuarios Concurrentes - Pico) 1-128
2026-09-17 17:38:23,582 ERROR o.a.j.JMeter: Uncaught exception in thread Thread[3. PRUEBA DE ESTRÉS (200 Usuarios Concurrentes - Pico) 1-42,6,main]
java.lang.OutOfMemoryError: Java heap space
2026-09-17 17:38:23,758 ERROR o.a.j.JMeter: Uncaught exception in thread Thread[3. PRUEBA DE ESTRÉS (200 Usuarios Concurrentes - Pico) 1-128,6,main]
java.lang.OutOfMemoryError: Java heap space
2026-09-17 17:38:24,018 INFO o.a.j.t.JMeterThread: Thread finished: 3. PRUEBA DE ESTRÉS (200 Usuarios Concurrentes - Pico) 1-147
2026-09-17 17:38:24,022 ERROR o.a.j.JMeter: Uncaught exception in thread Thread[3. PRUEBA DE ESTRÉS (200 Usuarios Concurrentes - Pico) 1-147,6,main]
java.lang.OutOfMemoryError: Java heap space
2026-09-17 17:38:24,227 INFO o.a.j.t.JMeterThread: Thread finished: 3. PRUEBA DE ESTRÉS (200 Usuarios Concurrentes - Pico) 1-104
2026-09-17 17:38:24,406 INFO o.a.j.t.JMeterThread: Thread finished: 3. PRUEBA DE ESTRÉS (200 Usuarios Concurrentes - Pico) 1-41
2026-09-17 17:38:24,406 ERROR o.a.j.JMeter: Uncaught exception in thread Thread[3. PRUEBA DE ESTRÉS (200 Usuarios Concurrentes - Pico) 1-104,6,main]
java.lang.OutOfMemoryError: Java heap space
2026-09-17 17:38:24,496 ERROR o.a.j.JMeter: Uncaught exception in thread Thread[3. PRUEBA DE ESTRÉS (200 Usuarios Concurrentes - Pico) 1-41,6,main]
java.lang.OutOfMemoryError: Java heap space
2026-09-17 17:38:24,702 INFO o.a.j.t.JMeterThread: Thread finished: 3. PRUEBA DE ESTRÉS (200 Usuarios Concurrentes - Pico) 1-150
2026-09-17 17:38:24,706 ERROR o.a.j.JMeter: Uncaught exception in thread Thread[3. PRUEBA DE ESTRÉS (200 Usuarios Concurrentes - Pico) 1-150,6,main]
java.lang.OutOfMemoryError: Java heap space
2026-09-17 17:38:24,795 WARN o.a.j.p.h.s.HTTPSamplerBase: Existing CookieManager Gestor de Cookies HTTP (Sesión JSESSIONID) superseded by Gestor de Cookies HTTP (Sesión JSESSIONID)
2026-09-17 17:38:24,795 WARN o.a.j.p.h.s.HTTPSamplerBase: Existing CookieManager Gestor de Cookies HTTP (Sesión JSESSIONID) superseded by Gestor de Cookies HTTP (Sesión JSESSIONID)
2026-09-17 17:38:24,795 WARN o.a.j.p.h.s.HTTPSamplerBase: Existing CookieManager Gestor de Cookies HTTP (Sesión JSESSIONID) superseded by Gestor de Cookies HTTP (Sesión JSESSIONID)
2026-09-17 17:38:24,795 WARN o.a.j.p.h.s.HTTPSamplerBase: Existing CookieManager Gestor de Cookies HTTP (Sesión JSESSIONID) superseded by Gestor de Cookies HTTP (Sesión JSESSIONID)
2026-09-17 17:38:24,795 WARN o.a.j.p.h.s.HTTPSamplerBase: Existing CookieManager Gestor de Cookies HTTP (Sesión JSESSIONID) superseded by Gestor de Cookies HTTP (Sesión JSESSIONID)
2026-09-17 17:38:24,795 WARN o.a.j.p.h.s.HTTPSamplerBase: Existing CookieManager Gestor de Cookies HTTP (Sesión JSESSIONID) superseded by Gestor de Cookies HTTP (Sesión JSESSIONID)
2026-09-17 17:38:24,795 WARN o.a.j.p.h.s.HTTPSamplerBase: Existing CookieManager Gestor de Cookies HTTP (Sesión JSESSIONID) superseded by Gestor de Cookies HTTP (Sesión JSESSIONID)
2026-09-17 17:38:24,795 WARN o.a.j.p.h.s.HTTPSamplerBase: Existing CookieManager Gestor de Cookies HTTP (Sesión JSESSIONID) superseded by Gestor de Cookies HTTP (Sesión JSESSIONID)
2026-09-17 17:38:24,795 WARN o.a.j.p.h.s.HTTPSamplerBase: Existing CookieManager Gestor de Cookies HTTP (Sesión JSESSIONID) superseded by Gestor de Cookies HTTP (Sesión JSESSIONID)
2026-09-17 17:38:24,796 WARN o.a.j.p.h.s.HTTPSamplerBase: Existing CookieManager Gestor de Cookies HTTP (Sesión JSESSIONID) superseded by Gestor de Cookies HTTP (Sesión JSESSIONID)
2026-09-17 17:38:24,796 WARN o.a.j.p.h.s.HTTPSamplerBase: Existing CookieManager Gestor de Cookies HTTP (Sesión JSESSIONID) superseded by Gestor de Cookies HTTP (Sesión JSESSIONID)
2026-09-17 17:38:24,796 WARN o.a.j.p.h.s.HTTPSamplerBase: Existing CookieManager Gestor de Cookies HTTP (Sesión JSESSIONID) superseded by Gestor de Cookies HTTP (Sesión JSESSIONID)
2026-09-17 17:38:25,274 WARN o.a.j.p.h.s.HTTPSamplerBase: Existing CookieManager Gestor de Cookies HTTP (Sesión JSESSIONID) superseded by Gestor de Cookies HTTP (Sesión JSESSIONID)
2026-09-17 17:38:25,274 WARN o.a.j.p.h.s.HTTPSamplerBase: Existing CookieManager Gestor de Cookies HTTP (Sesión JSESSIONID) superseded by Gestor de Cookies HTTP (Sesión JSESSIONID)
2026-09-17 17:38:25,275 WARN o.a.j.p.h.s.HTTPSamplerBase: Existing CookieManager Gestor de Cookies HTTP (Sesión JSESSIONID) superseded by Gestor de Cookies HTTP (Sesión JSESSIONID)
2026-09-17 17:38:25,275 WARN o.a.j.p.h.s.HTTPSamplerBase: Existing CookieManager Gestor de Cookies HTTP (Sesión JSESSIONID) superseded by Gestor de Cookies HTTP (Sesión JSESSIONID)
2026-09-17 17:38:25,275 WARN o.a.j.p.h.s.HTTPSamplerBase: Existing CookieManager Gestor de Cookies HTTP (Sesión JSESSIONID) superseded by Gestor de Cookies HTTP (Sesión JSESSIONID)
2026-09-17 17:38:25,275 WARN o.a.j.p.h.s.HTTPSamplerBase: Existing CookieManager Gestor de Cookies HTTP (Sesión JSESSIONID) superseded by Gestor de Cookies HTTP (Sesión JSESSIONID)
2026-09-17 17:38:25,399 WARN o.a.j.p.h.s.HTTPSamplerBase: Existing CookieManager Gestor de Cookies HTTP (Sesión JSESSIONID) superseded by Gestor de Cookies HTTP (Sesión JSESSIONID)
2026-09-17 17:38:25,399 WARN o.a.j.p.h.s.HTTPSamplerBase: Existing CookieManager Gestor de Cookies HTTP (Sesión JSESSIONID) superseded by Gestor de Cookies HTTP (Sesión JSESSIONID)
2026-09-17 17:38:25,399 WARN o.a.j.p.h.s.HTTPSamplerBase: Existing CookieManager Gestor de Cookies HTTP (Sesión JSESSIONID) superseded by Gestor de Cookies HTTP (Sesión JSESSIONID)
2026-09-17 17:38:25,468 WARN o.a.j.p.h.s.HTTPSamplerBase: Existing CookieManager Gestor de Cookies HTTP (Sesión JSESSIONID) superseded by Gestor de Cookies HTTP (Sesión JSESSIONID)
2026-09-17 17:38:25,824 WARN o.a.j.p.h.s.HTTPSamplerBase: Existing CookieManager Gestor de Cookies HTTP (Sesión JSESSIONID) superseded by Gestor de Cookies HTTP (Sesión JSESSIONID)
2026-09-17 17:38:26,043 WARN o.a.j.p.h.s.HTTPSamplerBase: Existing CookieManager Gestor de Cookies HTTP (Sesión JSESSIONID) superseded by Gestor de Cookies HTTP (Sesión JSESSIONID)
2026-09-17 17:38:27,325 INFO o.a.j.t.JMeterThread: Thread finished: 3. PRUEBA DE ESTRÉS (200 Usuarios Concurrentes - Pico) 1-135
2026-09-17 17:38:27,500 ERROR o.a.j.JMeter: Uncaught exception in thread Thread[3. PRUEBA DE ESTRÉS (200 Usuarios Concurrentes - Pico) 1-135,6,main]
java.lang.OutOfMemoryError: Java heap space
2026-09-17 17:38:27,850 INFO o.a.j.t.JMeterThread: Thread finished: 3. PRUEBA DE ESTRÉS (200 Usuarios Concurrentes - Pico) 1-89
2026-09-17 17:38:27,851 INFO o.a.j.t.JMeterThread: Thread finished: 3. PRUEBA DE ESTRÉS (200 Usuarios Concurrentes - Pico) 1-163
2026-09-17 17:38:27,855 ERROR o.a.j.JMeter: Uncaught exception in thread Thread[3. PRUEBA DE ESTRÉS (200 Usuarios Concurrentes - Pico) 1-89,6,main]
java.lang.OutOfMemoryError: Java heap space
2026-09-17 17:38:27,855 ERROR o.a.j.JMeter: Uncaught exception in thread Thread[3. PRUEBA DE ESTRÉS (200 Usuarios Concurrentes - Pico) 1-163,6,main]
java.lang.OutOfMemoryError: Java heap space
2026-09-17 17:38:28,031 INFO o.a.j.t.JMeterThread: Thread finished: 3. PRUEBA DE ESTRÉS (200 Usuarios Concurrentes - Pico) 1-65
2026-09-17 17:38:28,031 INFO o.a.j.t.JMeterThread: Thread finished: 3. PRUEBA DE ESTRÉS (200 Usuarios Concurrentes - Pico) 1-160
2026-09-17 17:38:28,035 ERROR o.a.j.JMeter: Uncaught exception in thread Thread[3. PRUEBA DE ESTRÉS (200 Usuarios Concurrentes - Pico) 1-65,6,main]
java.lang.OutOfMemoryError: Java heap space
2026-09-17 17:38:28,035 ERROR o.a.j.JMeter: Uncaught exception in thread Thread[3. PRUEBA DE ESTRÉS (200 Usuarios Concurrentes - Pico) 1-160,6,main]
java.lang.OutOfMemoryError: Java heap space
2026-09-17 17:38:28,040 INFO o.a.j.t.JMeterThread: Thread finished: 3. PRUEBA DE ESTRÉS (200 Usuarios Concurrentes - Pico) 1-175
2026-09-17 17:38:28,040 ERROR o.a.j.JMeter: Uncaught exception in thread Thread[3. PRUEBA DE ESTRÉS (200 Usuarios Concurrentes - Pico) 1-175,6,main]
java.lang.OutOfMemoryError: Java heap space
2026-09-17 17:38:28,250 WARN o.a.j.p.h.s.HTTPSamplerBase: Existing CookieManager Gestor de Cookies HTTP (Sesión JSESSIONID) superseded by Gestor de Cookies HTTP (Sesión JSESSIONID)
2026-09-17 17:38:28,250 WARN o.a.j.p.h.s.HTTPSamplerBase: Existing CookieManager Gestor de Cookies HTTP (Sesión JSESSIONID) superseded by Gestor de Cookies HTTP (Sesión JSESSIONID)
2026-09-17 17:38:28,250 WARN o.a.j.p.h.s.HTTPSamplerBase: Existing CookieManager Gestor de Cookies HTTP (Sesión JSESSIONID) superseded by Gestor de Cookies HTTP (Sesión JSESSIONID)
2026-09-17 17:38:28,250 WARN o.a.j.p.h.s.HTTPSamplerBase: Existing CookieManager Gestor de Cookies HTTP (Sesión JSESSIONID) superseded by Gestor de Cookies HTTP (Sesión JSESSIONID)
2026-09-17 17:38:28,250 WARN o.a.j.p.h.s.HTTPSamplerBase: Existing CookieManager Gestor de Cookies HTTP (Sesión JSESSIONID) superseded by Gestor de Cookies HTTP (Sesión JSESSIONID)
2026-09-17 17:38:28,250 WARN o.a.j.p.h.s.HTTPSamplerBase: Existing CookieManager Gestor de Cookies HTTP (Sesión JSESSIONID) superseded by Gestor de Cookies HTTP (Sesión JSESSIONID)
2026-09-17 17:38:28,250 WARN o.a.j.p.h.s.HTTPSamplerBase: Existing CookieManager Gestor de Cookies HTTP (Sesión JSESSIONID) superseded by Gestor de Cookies HTTP (Sesión JSESSIONID)
2026-09-17 17:38:28,250 WARN o.a.j.p.h.s.HTTPSamplerBase: Existing CookieManager Gestor de Cookies HTTP (Sesión JSESSIONID) superseded by Gestor de Cookies HTTP (Sesión JSESSIONID)
2026-09-17 17:38:28,539 INFO o.a.j.t.JMeterThread: Thread finished: 3. PRUEBA DE ESTRÉS (200 Usuarios Concurrentes - Pico) 1-24
2026-09-17 17:38:28,539 WARN o.a.j.p.h.s.HTTPSamplerBase: Existing CookieManager Gestor de Cookies HTTP (Sesión JSESSIONID) superseded by Gestor de Cookies HTTP (Sesión JSESSIONID)
2026-09-17 17:38:28,539 WARN o.a.j.p.h.s.HTTPSamplerBase: Existing CookieManager Gestor de Cookies HTTP (Sesión JSESSIONID) superseded by Gestor de Cookies HTTP (Sesión JSESSIONID)
2026-09-17 17:38:28,539 ERROR o.a.j.JMeter: Uncaught exception in thread Thread[3. PRUEBA DE ESTRÉS (200 Usuarios Concurrentes - Pico) 1-24,6,main]
java.lang.OutOfMemoryError: Java heap space
2026-09-17 17:38:28,539 WARN o.a.j.p.h.s.HTTPSamplerBase: Existing CookieManager Gestor de Cookies HTTP (Sesión JSESSIONID) superseded by Gestor de Cookies HTTP (Sesión JSESSIONID)
2026-09-17 17:38:28,638 WARN o.a.j.p.h.s.HTTPSamplerBase: Existing CookieManager Gestor de Cookies HTTP (Sesión JSESSIONID) superseded by Gestor de Cookies HTTP (Sesión JSESSIONID)
2026-09-17 17:38:28,639 WARN o.a.j.p.h.s.HTTPSamplerBase: Existing CookieManager Gestor de Cookies HTTP (Sesión JSESSIONID) superseded by Gestor de Cookies HTTP (Sesión JSESSIONID)
2026-09-17 17:38:28,835 INFO o.a.j.t.JMeterThread: Thread finished: 3. PRUEBA DE ESTRÉS (200 Usuarios Concurrentes - Pico) 1-158
2026-09-17 17:38:28,840 ERROR o.a.j.JMeter: Uncaught exception in thread Thread[3. PRUEBA DE ESTRÉS (200 Usuarios Concurrentes - Pico) 1-158,6,main]
java.lang.OutOfMemoryError: Java heap space
2026-09-17 17:38:29,114 INFO o.a.j.t.JMeterThread: Thread finished: 3. PRUEBA DE ESTRÉS (200 Usuarios Concurrentes - Pico) 1-138
2026-09-17 17:38:29,119 ERROR o.a.j.JMeter: Uncaught exception in thread Thread[3. PRUEBA DE ESTRÉS (200 Usuarios Concurrentes - Pico) 1-138,6,main]
java.lang.OutOfMemoryError: Java heap space
2026-09-17 17:38:29,393 INFO o.a.j.t.JMeterThread: Thread finished: 3. PRUEBA DE ESTRÉS (200 Usuarios Concurrentes - Pico) 1-52
2026-09-17 17:38:29,809 INFO o.a.j.t.JMeterThread: Thread finished: 3. PRUEBA DE ESTRÉS (200 Usuarios Concurrentes - Pico) 1-13
2026-09-17 17:38:29,809 ERROR o.a.j.JMeter: Uncaught exception in thread Thread[3. PRUEBA DE ESTRÉS (200 Usuarios Concurrentes - Pico) 1-52,6,main]
java.lang.OutOfMemoryError: Java heap space
2026-09-17 17:38:29,813 ERROR o.a.j.JMeter: Uncaught exception in thread Thread[3. PRUEBA DE ESTRÉS (200 Usuarios Concurrentes - Pico) 1-13,6,main]
java.lang.OutOfMemoryError: Java heap space
2026-09-17 17:38:30,002 INFO o.a.j.t.JMeterThread: Thread finished: 3. PRUEBA DE ESTRÉS (200 Usuarios Concurrentes - Pico) 1-103
2026-09-17 17:38:30,002 INFO o.a.j.t.JMeterThread: Thread finished: 3. PRUEBA DE ESTRÉS (200 Usuarios Concurrentes - Pico) 1-187
2026-09-17 17:38:30,005 ERROR o.a.j.JMeter: Uncaught exception in thread Thread[3. PRUEBA DE ESTRÉS (200 Usuarios Concurrentes - Pico) 1-103,6,main]
java.lang.OutOfMemoryError: Java heap space
2026-09-17 17:38:30,005 ERROR o.a.j.JMeter: Uncaught exception in thread Thread[3. PRUEBA DE ESTRÉS (200 Usuarios Concurrentes - Pico) 1-187,6,main]
java.lang.OutOfMemoryError: Java heap space
2026-09-17 17:38:30,295 INFO o.a.j.t.JMeterThread: Thread finished: 3. PRUEBA DE ESTRÉS (200 Usuarios Concurrentes - Pico) 1-142
2026-09-17 17:38:30,295 ERROR o.a.j.JMeter: Uncaught exception in thread Thread[3. PRUEBA DE ESTRÉS (200 Usuarios Concurrentes - Pico) 1-142,6,main]
java.lang.OutOfMemoryError: Java heap space
2026-09-17 17:38:30,523 WARN o.a.j.p.h.s.HTTPSamplerBase: Existing CookieManager Gestor de Cookies HTTP (Sesión JSESSIONID) superseded by Gestor de Cookies HTTP (Sesión JSESSIONID)
2026-09-17 17:38:30,523 WARN o.a.j.p.h.s.HTTPSamplerBase: Existing CookieManager Gestor de Cookies HTTP (Sesión JSESSIONID) superseded by Gestor de Cookies HTTP (Sesión JSESSIONID)
2026-09-17 17:38:30,523 INFO o.a.j.t.JMeterThread: Thread finished: 3. PRUEBA DE ESTRÉS (200 Usuarios Concurrentes - Pico) 1-6
2026-09-17 17:38:30,523 INFO o.a.j.t.JMeterThread: Thread finished: 3. PRUEBA DE ESTRÉS (200 Usuarios Concurrentes - Pico) 1-62
2026-09-17 17:38:30,523 WARN o.a.j.p.h.s.HTTPSamplerBase: Existing CookieManager Gestor de Cookies HTTP (Sesión JSESSIONID) superseded by Gestor de Cookies HTTP (Sesión JSESSIONID)
2026-09-17 17:38:30,523 INFO o.a.j.t.JMeterThread: Thread finished: 3. PRUEBA DE ESTRÉS (200 Usuarios Concurrentes - Pico) 1-125
2026-09-17 17:38:30,523 INFO o.a.j.t.JMeterThread: Thread finished: 3. PRUEBA DE ESTRÉS (200 Usuarios Concurrentes - Pico) 1-81
2026-09-17 17:38:30,523 WARN o.a.j.p.h.s.HTTPSamplerBase: Existing CookieManager Gestor de Cookies HTTP (Sesión JSESSIONID) superseded by Gestor de Cookies HTTP (Sesión JSESSIONID)
2026-09-17 17:38:30,523 INFO o.a.j.t.JMeterThread: Thread finished: 3. PRUEBA DE ESTRÉS (200 Usuarios Concurrentes - Pico) 1-112
2026-09-17 17:38:30,523 INFO o.a.j.t.JMeterThread: Thread finished: 3. PRUEBA DE ESTRÉS (200 Usuarios Concurrentes - Pico) 1-72
2026-09-17 17:38:30,523 WARN o.a.j.p.h.s.HTTPSamplerBase: Existing CookieManager Gestor de Cookies HTTP (Sesión JSESSIONID) superseded by Gestor de Cookies HTTP (Sesión JSESSIONID)
2026-09-17 17:38:30,523 WARN o.a.j.p.h.s.HTTPSamplerBase: Existing CookieManager Gestor de Cookies HTTP (Sesión JSESSIONID) superseded by Gestor de Cookies HTTP (Sesión JSESSIONID)
2026-09-17 17:38:30,523 INFO o.a.j.t.JMeterThread: Thread finished: 3. PRUEBA DE ESTRÉS (200 Usuarios Concurrentes - Pico) 1-43
2026-09-17 17:38:30,523 INFO o.a.j.t.JMeterThread: Thread finished: 3. PRUEBA DE ESTRÉS (200 Usuarios Concurrentes - Pico) 1-122
2026-09-17 17:38:30,524 INFO o.a.j.t.JMeterThread: Thread finished: 3. PRUEBA DE ESTRÉS (200 Usuarios Concurrentes - Pico) 1-108
2026-09-17 17:38:30,523 INFO o.a.j.t.JMeterThread: Thread finished: 3. PRUEBA DE ESTRÉS (200 Usuarios Concurrentes - Pico) 1-162
2026-09-17 17:38:30,524 INFO o.a.j.t.JMeterThread: Thread finished: 3. PRUEBA DE ESTRÉS (200 Usuarios Concurrentes - Pico) 1-20
2026-09-17 17:38:30,524 WARN o.a.j.p.h.s.HTTPSamplerBase: Existing CookieManager Gestor de Cookies HTTP (Sesión JSESSIONID) superseded by Gestor de Cookies HTTP (Sesión JSESSIONID)
2026-09-17 17:38:30,524 INFO o.a.j.t.JMeterThread: Thread finished: 3. PRUEBA DE ESTRÉS (200 Usuarios Concurrentes - Pico) 1-32
2026-09-17 17:38:30,524 INFO o.a.j.t.JMeterThread: Thread finished: 3. PRUEBA DE ESTRÉS (200 Usuarios Concurrentes - Pico) 1-31
2026-09-17 17:38:30,524 WARN o.a.j.p.h.s.HTTPSamplerBase: Existing CookieManager Gestor de Cookies HTTP (Sesión JSESSIONID) superseded by Gestor de Cookies HTTP (Sesión JSESSIONID)
2026-09-17 17:38:30,524 WARN o.a.j.p.h.s.HTTPSamplerBase: Existing CookieManager Gestor de Cookies HTTP (Sesión JSESSIONID) superseded by Gestor de Cookies HTTP (Sesión JSESSIONID)
2026-09-17 17:38:30,524 INFO o.a.j.t.JMeterThread: Thread finished: 3. PRUEBA DE ESTRÉS (200 Usuarios Concurrentes - Pico) 1-1
2026-09-17 17:38:30,524 INFO o.a.j.t.JMeterThread: Thread finished: 3. PRUEBA DE ESTRÉS (200 Usuarios Concurrentes - Pico) 1-10
2026-09-17 17:38:30,524 WARN o.a.j.p.h.s.HTTPSamplerBase: Existing CookieManager Gestor de Cookies HTTP (Sesión JSESSIONID) superseded by Gestor de Cookies HTTP (Sesión JSESSIONID)
2026-09-17 17:38:30,524 INFO o.a.j.t.JMeterThread: Thread finished: 3. PRUEBA DE ESTRÉS (200 Usuarios Concurrentes - Pico) 1-28
2026-09-17 17:38:30,524 INFO o.a.j.t.JMeterThread: Thread finished: 3. PRUEBA DE ESTRÉS (200 Usuarios Concurrentes - Pico) 1-80
2026-09-17 17:38:30,525 INFO o.a.j.t.JMeterThread: Thread finished: 3. PRUEBA DE ESTRÉS (200 Usuarios Concurrentes - Pico) 1-18
2026-09-17 17:38:30,525 INFO o.a.j.t.JMeterThread: Thread finished: 3. PRUEBA DE ESTRÉS (200 Usuarios Concurrentes - Pico) 1-106
2026-09-17 17:38:30,525 WARN o.a.j.p.h.s.HTTPSamplerBase: Existing CookieManager Gestor de Cookies HTTP (Sesión JSESSIONID) superseded by Gestor de Cookies HTTP (Sesión JSESSIONID)
2026-09-17 17:38:30,525 INFO o.a.j.t.JMeterThread: Thread finished: 3. PRUEBA DE ESTRÉS (200 Usuarios Concurrentes - Pico) 1-86
2026-09-17 17:38:30,525 INFO o.a.j.t.JMeterThread: Thread finished: 3. PRUEBA DE ESTRÉS (200 Usuarios Concurrentes - Pico) 1-27
2026-09-17 17:38:30,525 INFO o.a.j.t.JMeterThread: Thread finished: 3. PRUEBA DE ESTRÉS (200 Usuarios Concurrentes - Pico) 1-136
2026-09-17 17:38:30,575 INFO o.a.j.t.JMeterThread: Thread finished: 3. PRUEBA DE ESTRÉS (200 Usuarios Concurrentes - Pico) 1-115
2026-09-17 17:38:31,210 INFO o.a.j.t.JMeterThread: Thread finished: 3. PRUEBA DE ESTRÉS (200 Usuarios Concurrentes - Pico) 1-8
2026-09-17 17:38:31,461 INFO o.a.j.t.JMeterThread: Thread finished: 3. PRUEBA DE ESTRÉS (200 Usuarios Concurrentes - Pico) 1-133
2026-09-17 17:38:31,461 ERROR o.a.j.JMeter: Uncaught exception in thread Thread[3. PRUEBA DE ESTRÉS (200 Usuarios Concurrentes - Pico) 1-8,6,main]
java.lang.OutOfMemoryError: Java heap space
2026-09-17 17:38:31,553 INFO o.a.j.t.JMeterThread: Thread finished: 3. PRUEBA DE ESTRÉS (200 Usuarios Concurrentes - Pico) 1-141
2026-09-17 17:38:31,553 INFO o.a.j.t.JMeterThread: Thread finished: 3. PRUEBA DE ESTRÉS (200 Usuarios Concurrentes - Pico) 1-113
2026-09-17 17:38:31,557 ERROR o.a.j.JMeter: Uncaught exception in thread Thread[3. PRUEBA DE ESTRÉS (200 Usuarios Concurrentes - Pico) 1-133,6,main]
java.lang.OutOfMemoryError: Java heap space
2026-09-17 17:38:31,557 ERROR o.a.j.JMeter: Uncaught exception in thread Thread[3. PRUEBA DE ESTRÉS (200 Usuarios Concurrentes - Pico) 1-113,6,main]
java.lang.OutOfMemoryError: Java heap space
2026-09-17 17:38:31,557 ERROR o.a.j.JMeter: Uncaught exception in thread Thread[3. PRUEBA DE ESTRÉS (200 Usuarios Concurrentes - Pico) 1-141,6,main]
java.lang.OutOfMemoryError: Java heap space
2026-09-17 17:38:31,804 INFO o.a.j.t.JMeterThread: Stopping because end time detected by thread: 3. PRUEBA DE ESTRÉS (200 Usuarios Concurrentes - Pico) 1-152
2026-09-17 17:38:31,804 INFO o.a.j.t.JMeterThread: Thread finished: 3. PRUEBA DE ESTRÉS (200 Usuarios Concurrentes - Pico) 1-152
2026-09-17 17:38:31,804 INFO o.a.j.t.JMeterThread: Stopping because end time detected by thread: 3. PRUEBA DE ESTRÉS (200 Usuarios Concurrentes - Pico) 1-154
2026-09-17 17:38:31,804 INFO o.a.j.t.JMeterThread: Thread finished: 3. PRUEBA DE ESTRÉS (200 Usuarios Concurrentes - Pico) 1-154
2026-09-17 17:38:31,804 INFO o.a.j.t.JMeterThread: Stopping because end time detected by thread: 3. PRUEBA DE ESTRÉS (200 Usuarios Concurrentes - Pico) 1-97
2026-09-17 17:38:31,804 INFO o.a.j.t.JMeterThread: Stopping because end time detected by thread: 3. PRUEBA DE ESTRÉS (200 Usuarios Concurrentes - Pico) 1-107
2026-09-17 17:38:31,804 INFO o.a.j.t.JMeterThread: Stopping because end time detected by thread: 3. PRUEBA DE ESTRÉS (200 Usuarios Concurrentes - Pico) 1-129
2026-09-17 17:38:31,805 INFO o.a.j.t.JMeterThread: Thread finished: 3. PRUEBA DE ESTRÉS (200 Usuarios Concurrentes - Pico) 1-129
2026-09-17 17:38:31,806 INFO o.a.j.t.JMeterThread: Thread finished: 3. PRUEBA DE ESTRÉS (200 Usuarios Concurrentes - Pico) 1-107
2026-09-17 17:38:31,808 INFO o.a.j.t.JMeterThread: Thread finished: 3. PRUEBA DE ESTRÉS (200 Usuarios Concurrentes - Pico) 1-97
2026-09-17 17:38:31,827 INFO o.a.j.t.JMeterThread: Stopping because end time detected by thread: 3. PRUEBA DE ESTRÉS (200 Usuarios Concurrentes - Pico) 1-48
2026-09-17 17:38:31,827 INFO o.a.j.t.JMeterThread: Thread finished: 3. PRUEBA DE ESTRÉS (200 Usuarios Concurrentes - Pico) 1-48
2026-09-17 17:38:31,868 INFO o.a.j.t.JMeterThread: Stopping because end time detected by thread: 3. PRUEBA DE ESTRÉS (200 Usuarios Concurrentes - Pico) 1-12
2026-09-17 17:38:31,868 INFO o.a.j.t.JMeterThread: Thread finished: 3. PRUEBA DE ESTRÉS (200 Usuarios Concurrentes - Pico) 1-12
2026-09-17 17:38:31,870 INFO o.a.j.t.JMeterThread: Stopping because end time detected by thread: 3. PRUEBA DE ESTRÉS (200 Usuarios Concurrentes - Pico) 1-118
2026-09-17 17:38:31,870 INFO o.a.j.t.JMeterThread: Thread finished: 3. PRUEBA DE ESTRÉS (200 Usuarios Concurrentes - Pico) 1-118
2026-09-17 17:38:31,871 INFO o.a.j.t.JMeterThread: Stopping because end time detected by thread: 3. PRUEBA DE ESTRÉS (200 Usuarios Concurrentes - Pico) 1-159
2026-09-17 17:38:31,871 INFO o.a.j.t.JMeterThread: Thread finished: 3. PRUEBA DE ESTRÉS (200 Usuarios Concurrentes - Pico) 1-159
2026-09-17 17:38:31,897 INFO o.a.j.t.JMeterThread: Stopping because end time detected by thread: 3. PRUEBA DE ESTRÉS (200 Usuarios Concurrentes - Pico) 1-88
2026-09-17 17:38:31,897 INFO o.a.j.t.JMeterThread: Thread finished: 3. PRUEBA DE ESTRÉS (200 Usuarios Concurrentes - Pico) 1-88
2026-09-17 17:38:31,939 INFO o.a.j.t.JMeterThread: Stopping because end time detected by thread: 3. PRUEBA DE ESTRÉS (200 Usuarios Concurrentes - Pico) 1-121
2026-09-17 17:38:31,939 INFO o.a.j.t.JMeterThread: Thread finished: 3. PRUEBA DE ESTRÉS (200 Usuarios Concurrentes - Pico) 1-121
2026-09-17 17:38:31,939 INFO o.a.j.t.JMeterThread: Stopping because end time detected by thread: 3. PRUEBA DE ESTRÉS (200 Usuarios Concurrentes - Pico) 1-37
2026-09-17 17:38:31,939 INFO o.a.j.t.JMeterThread: Thread finished: 3. PRUEBA DE ESTRÉS (200 Usuarios Concurrentes - Pico) 1-37
2026-09-17 17:38:31,939 INFO o.a.j.t.JMeterThread: Stopping because end time detected by thread: 3. PRUEBA DE ESTRÉS (200 Usuarios Concurrentes - Pico) 1-15
2026-09-17 17:38:31,940 INFO o.a.j.t.JMeterThread: Thread finished: 3. PRUEBA DE ESTRÉS (200 Usuarios Concurrentes - Pico) 1-15
2026-09-17 17:38:31,942 INFO o.a.j.t.JMeterThread: Stopping because end time detected by thread: 3. PRUEBA DE ESTRÉS (200 Usuarios Concurrentes - Pico) 1-90
2026-09-17 17:38:31,943 INFO o.a.j.t.JMeterThread: Thread finished: 3. PRUEBA DE ESTRÉS (200 Usuarios Concurrentes - Pico) 1-90
2026-09-17 17:38:32,401 INFO o.a.j.t.JMeterThread: Thread finished: 3. PRUEBA DE ESTRÉS (200 Usuarios Concurrentes - Pico) 1-191
2026-09-17 17:38:32,556 INFO o.a.j.t.JMeterThread: Thread finished: 3. PRUEBA DE ESTRÉS (200 Usuarios Concurrentes - Pico) 1-132
2026-09-17 17:38:32,557 ERROR o.a.j.JMeter: Uncaught exception in thread Thread[3. PRUEBA DE ESTRÉS (200 Usuarios Concurrentes - Pico) 1-132,6,main]
java.lang.OutOfMemoryError: Java heap space
2026-09-17 17:38:32,557 ERROR o.a.j.JMeter: Uncaught exception in thread Thread[3. PRUEBA DE ESTRÉS (200 Usuarios Concurrentes - Pico) 1-191,6,main]
java.lang.OutOfMemoryError: Java heap space
2026-09-17 17:38:32,648 INFO o.a.j.t.JMeterThread: Stopping because end time detected by thread: 3. PRUEBA DE ESTRÉS (200 Usuarios Concurrentes - Pico) 1-196
2026-09-17 17:38:32,648 INFO o.a.j.t.JMeterThread: Stopping because end time detected by thread: 3. PRUEBA DE ESTRÉS (200 Usuarios Concurrentes - Pico) 1-199
2026-09-17 17:38:32,648 INFO o.a.j.t.JMeterThread: Stopping because end time detected by thread: 3. PRUEBA DE ESTRÉS (200 Usuarios Concurrentes - Pico) 1-188
2026-09-17 17:38:32,648 INFO o.a.j.t.JMeterThread: Stopping because end time detected by thread: 3. PRUEBA DE ESTRÉS (200 Usuarios Concurrentes - Pico) 1-25
2026-09-17 17:38:32,648 INFO o.a.j.t.JMeterThread: Thread finished: 3. PRUEBA DE ESTRÉS (200 Usuarios Concurrentes - Pico) 1-25
2026-09-17 17:38:32,648 INFO o.a.j.t.JMeterThread: Stopping because end time detected by thread: 3. PRUEBA DE ESTRÉS (200 Usuarios Concurrentes - Pico) 1-84
2026-09-17 17:38:32,648 INFO o.a.j.t.JMeterThread: Thread finished: 3. PRUEBA DE ESTRÉS (200 Usuarios Concurrentes - Pico) 1-188
2026-09-17 17:38:32,648 INFO o.a.j.t.JMeterThread: Thread finished: 3. PRUEBA DE ESTRÉS (200 Usuarios Concurrentes - Pico) 1-84
2026-09-17 17:38:32,648 INFO o.a.j.t.JMeterThread: Thread finished: 3. PRUEBA DE ESTRÉS (200 Usuarios Concurrentes - Pico) 1-199
2026-09-17 17:38:32,648 INFO o.a.j.t.JMeterThread: Thread finished: 3. PRUEBA DE ESTRÉS (200 Usuarios Concurrentes - Pico) 1-196
2026-09-17 17:38:32,648 INFO o.a.j.t.JMeterThread: Stopping because end time detected by thread: 3. PRUEBA DE ESTRÉS (200 Usuarios Concurrentes - Pico) 1-185
2026-09-17 17:38:32,648 INFO o.a.j.t.JMeterThread: Stopping because end time detected by thread: 3. PRUEBA DE ESTRÉS (200 Usuarios Concurrentes - Pico) 1-151
2026-09-17 17:38:32,648 INFO o.a.j.t.JMeterThread: Thread finished: 3. PRUEBA DE ESTRÉS (200 Usuarios Concurrentes - Pico) 1-185
2026-09-17 17:38:32,648 INFO o.a.j.t.JMeterThread: Thread finished: 3. PRUEBA DE ESTRÉS (200 Usuarios Concurrentes - Pico) 1-151
2026-09-17 17:38:32,648 INFO o.a.j.t.JMeterThread: Stopping because end time detected by thread: 3. PRUEBA DE ESTRÉS (200 Usuarios Concurrentes - Pico) 1-98
2026-09-17 17:38:32,648 INFO o.a.j.t.JMeterThread: Thread finished: 3. PRUEBA DE ESTRÉS (200 Usuarios Concurrentes - Pico) 1-98
2026-09-17 17:38:32,648 INFO o.a.j.t.JMeterThread: Stopping because end time detected by thread: 3. PRUEBA DE ESTRÉS (200 Usuarios Concurrentes - Pico) 1-45
2026-09-17 17:38:32,648 INFO o.a.j.t.JMeterThread: Thread finished: 3. PRUEBA DE ESTRÉS (200 Usuarios Concurrentes - Pico) 1-45
2026-09-17 17:38:32,648 INFO o.a.j.t.JMeterThread: Stopping because end time detected by thread: 3. PRUEBA DE ESTRÉS (200 Usuarios Concurrentes - Pico) 1-164
2026-09-17 17:38:32,648 INFO o.a.j.t.JMeterThread: Thread finished: 3. PRUEBA DE ESTRÉS (200 Usuarios Concurrentes - Pico) 1-164
2026-09-17 17:38:32,649 INFO o.a.j.t.JMeterThread: Stopping because end time detected by thread: 3. PRUEBA DE ESTRÉS (200 Usuarios Concurrentes - Pico) 1-181
2026-09-17 17:38:32,649 INFO o.a.j.t.JMeterThread: Thread finished: 3. PRUEBA DE ESTRÉS (200 Usuarios Concurrentes - Pico) 1-181
2026-09-17 17:38:32,649 INFO o.a.j.t.JMeterThread: Stopping because end time detected by thread: 3. PRUEBA DE ESTRÉS (200 Usuarios Concurrentes - Pico) 1-144
2026-09-17 17:38:32,649 INFO o.a.j.t.JMeterThread: Thread finished: 3. PRUEBA DE ESTRÉS (200 Usuarios Concurrentes - Pico) 1-144
2026-09-17 17:38:32,649 INFO o.a.j.t.JMeterThread: Stopping because end time detected by thread: 3. PRUEBA DE ESTRÉS (200 Usuarios Concurrentes - Pico) 1-173
2026-09-17 17:38:32,649 INFO o.a.j.t.JMeterThread: Thread finished: 3. PRUEBA DE ESTRÉS (200 Usuarios Concurrentes - Pico) 1-173
2026-09-17 17:38:32,649 INFO o.a.j.t.JMeterThread: Stopping because end time detected by thread: 3. PRUEBA DE ESTRÉS (200 Usuarios Concurrentes - Pico) 1-11
2026-09-17 17:38:32,649 INFO o.a.j.t.JMeterThread: Stopping because end time detected by thread: 3. PRUEBA DE ESTRÉS (200 Usuarios Concurrentes - Pico) 1-153
2026-09-17 17:38:32,649 INFO o.a.j.t.JMeterThread: Thread finished: 3. PRUEBA DE ESTRÉS (200 Usuarios Concurrentes - Pico) 1-11
2026-09-17 17:38:32,649 INFO o.a.j.t.JMeterThread: Thread finished: 3. PRUEBA DE ESTRÉS (200 Usuarios Concurrentes - Pico) 1-153
2026-09-17 17:38:32,666 INFO o.a.j.t.JMeterThread: Stopping because end time detected by thread: 3. PRUEBA DE ESTRÉS (200 Usuarios Concurrentes - Pico) 1-75
2026-09-17 17:38:32,667 INFO o.a.j.t.JMeterThread: Thread finished: 3. PRUEBA DE ESTRÉS (200 Usuarios Concurrentes - Pico) 1-75
2026-09-17 17:38:32,792 INFO o.a.j.t.JMeterThread: Stopping because end time detected by thread: 3. PRUEBA DE ESTRÉS (200 Usuarios Concurrentes - Pico) 1-47
2026-09-17 17:38:32,792 INFO o.a.j.t.JMeterThread: Thread finished: 3. PRUEBA DE ESTRÉS (200 Usuarios Concurrentes - Pico) 1-47
2026-09-17 17:38:32,793 INFO o.a.j.t.JMeterThread: Stopping because end time detected by thread: 3. PRUEBA DE ESTRÉS (200 Usuarios Concurrentes - Pico) 1-131
2026-09-17 17:38:32,793 INFO o.a.j.t.JMeterThread: Thread finished: 3. PRUEBA DE ESTRÉS (200 Usuarios Concurrentes - Pico) 1-131
2026-09-17 17:38:32,929 INFO o.a.j.t.JMeterThread: Stopping because end time detected by thread: 3. PRUEBA DE ESTRÉS (200 Usuarios Concurrentes - Pico) 1-44
2026-09-17 17:38:32,929 INFO o.a.j.t.JMeterThread: Stopping because end time detected by thread: 3. PRUEBA DE ESTRÉS (200 Usuarios Concurrentes - Pico) 1-161
2026-09-17 17:38:32,929 INFO o.a.j.t.JMeterThread: Thread finished: 3. PRUEBA DE ESTRÉS (200 Usuarios Concurrentes - Pico) 1-161
2026-09-17 17:38:32,929 INFO o.a.j.t.JMeterThread: Thread finished: 3. PRUEBA DE ESTRÉS (200 Usuarios Concurrentes - Pico) 1-44
2026-09-17 17:38:32,929 INFO o.a.j.t.JMeterThread: Stopping because end time detected by thread: 3. PRUEBA DE ESTRÉS (200 Usuarios Concurrentes - Pico) 1-23
2026-09-17 17:38:32,929 INFO o.a.j.t.JMeterThread: Thread finished: 3. PRUEBA DE ESTRÉS (200 Usuarios Concurrentes - Pico) 1-23
2026-09-17 17:38:33,032 INFO o.a.j.t.JMeterThread: Stopping because end time detected by thread: 3. PRUEBA DE ESTRÉS (200 Usuarios Concurrentes - Pico) 1-134
2026-09-17 17:38:33,032 INFO o.a.j.t.JMeterThread: Thread finished: 3. PRUEBA DE ESTRÉS (200 Usuarios Concurrentes - Pico) 1-134
2026-09-17 17:38:33,045 INFO o.a.j.t.JMeterThread: Stopping because end time detected by thread: 3. PRUEBA DE ESTRÉS (200 Usuarios Concurrentes - Pico) 1-38
2026-09-17 17:38:33,046 INFO o.a.j.t.JMeterThread: Thread finished: 3. PRUEBA DE ESTRÉS (200 Usuarios Concurrentes - Pico) 1-38
2026-09-17 17:38:33,622 INFO o.a.j.t.JMeterThread: Thread finished: 3. PRUEBA DE ESTRÉS (200 Usuarios Concurrentes - Pico) 1-116
2026-09-17 17:38:33,626 ERROR o.a.j.JMeter: Uncaught exception in thread Thread[3. PRUEBA DE ESTRÉS (200 Usuarios Concurrentes - Pico) 1-116,6,main]
java.lang.OutOfMemoryError: Java heap space
2026-09-17 17:38:33,784 INFO o.a.j.t.JMeterThread: Thread finished: 3. PRUEBA DE ESTRÉS (200 Usuarios Concurrentes - Pico) 1-95
2026-09-17 17:38:33,784 ERROR o.a.j.JMeter: Uncaught exception in thread Thread[3. PRUEBA DE ESTRÉS (200 Usuarios Concurrentes - Pico) 1-95,6,main]
java.lang.OutOfMemoryError: Java heap space
2026-09-17 17:38:33,784 INFO o.a.j.t.JMeterThread: Thread finished: 3. PRUEBA DE ESTRÉS (200 Usuarios Concurrentes - Pico) 1-105
2026-09-17 17:38:33,784 ERROR o.a.j.JMeter: Uncaught exception in thread Thread[3. PRUEBA DE ESTRÉS (200 Usuarios Concurrentes - Pico) 1-105,6,main]
java.lang.OutOfMemoryError: Java heap space
2026-09-17 17:38:33,823 INFO o.a.j.t.JMeterThread: Thread finished: 3. PRUEBA DE ESTRÉS (200 Usuarios Concurrentes - Pico) 1-51
2026-09-17 17:38:33,823 ERROR o.a.j.JMeter: Uncaught exception in thread Thread[3. PRUEBA DE ESTRÉS (200 Usuarios Concurrentes - Pico) 1-51,6,main]
java.lang.OutOfMemoryError: Java heap space
2026-09-17 17:38:34,258 INFO o.a.j.t.JMeterThread: Stopping because end time detected by thread: 3. PRUEBA DE ESTRÉS (200 Usuarios Concurrentes - Pico) 1-33
2026-09-17 17:38:34,258 INFO o.a.j.t.JMeterThread: Stopping because end time detected by thread: 3. PRUEBA DE ESTRÉS (200 Usuarios Concurrentes - Pico) 1-123
2026-09-17 17:38:34,258 INFO o.a.j.t.JMeterThread: Stopping because end time detected by thread: 3. PRUEBA DE ESTRÉS (200 Usuarios Concurrentes - Pico) 1-68
2026-09-17 17:38:34,258 INFO o.a.j.t.JMeterThread: Stopping because end time detected by thread: 3. PRUEBA DE ESTRÉS (200 Usuarios Concurrentes - Pico) 1-137
2026-09-17 17:38:34,258 INFO o.a.j.t.JMeterThread: Thread finished: 3. PRUEBA DE ESTRÉS (200 Usuarios Concurrentes - Pico) 1-123
2026-09-17 17:38:34,258 INFO o.a.j.t.JMeterThread: Stopping because end time detected by thread: 3. PRUEBA DE ESTRÉS (200 Usuarios Concurrentes - Pico) 1-53
2026-09-17 17:38:34,258 INFO o.a.j.t.JMeterThread: Thread finished: 3. PRUEBA DE ESTRÉS (200 Usuarios Concurrentes - Pico) 1-33
2026-09-17 17:38:34,258 INFO o.a.j.t.JMeterThread: Thread finished: 3. PRUEBA DE ESTRÉS (200 Usuarios Concurrentes - Pico) 1-137
2026-09-17 17:38:34,258 INFO o.a.j.t.JMeterThread: Stopping because end time detected by thread: 3. PRUEBA DE ESTRÉS (200 Usuarios Concurrentes - Pico) 1-96
2026-09-17 17:38:34,258 INFO o.a.j.t.JMeterThread: Thread finished: 3. PRUEBA DE ESTRÉS (200 Usuarios Concurrentes - Pico) 1-53
2026-09-17 17:38:34,258 INFO o.a.j.t.JMeterThread: Thread finished: 3. PRUEBA DE ESTRÉS (200 Usuarios Concurrentes - Pico) 1-68
2026-09-17 17:38:34,258 INFO o.a.j.t.JMeterThread: Stopping because end time detected by thread: 3. PRUEBA DE ESTRÉS (200 Usuarios Concurrentes - Pico) 1-35
2026-09-17 17:38:34,258 INFO o.a.j.t.JMeterThread: Thread finished: 3. PRUEBA DE ESTRÉS (200 Usuarios Concurrentes - Pico) 1-35
2026-09-17 17:38:34,258 INFO o.a.j.t.JMeterThread: Thread finished: 3. PRUEBA DE ESTRÉS (200 Usuarios Concurrentes - Pico) 1-96
2026-09-17 17:38:34,259 INFO o.a.j.t.JMeterThread: Stopping because end time detected by thread: 3. PRUEBA DE ESTRÉS (200 Usuarios Concurrentes - Pico) 1-73
2026-09-17 17:38:34,259 INFO o.a.j.t.JMeterThread: Thread finished: 3. PRUEBA DE ESTRÉS (200 Usuarios Concurrentes - Pico) 1-73
2026-09-17 17:38:34,259 INFO o.a.j.t.JMeterThread: Stopping because end time detected by thread: 3. PRUEBA DE ESTRÉS (200 Usuarios Concurrentes - Pico) 1-186
2026-09-17 17:38:34,259 INFO o.a.j.t.JMeterThread: Thread finished: 3. PRUEBA DE ESTRÉS (200 Usuarios Concurrentes - Pico) 1-186
2026-09-17 17:38:34,259 INFO o.a.j.t.JMeterThread: Stopping because end time detected by thread: 3. PRUEBA DE ESTRÉS (200 Usuarios Concurrentes - Pico) 1-50
2026-09-17 17:38:34,259 INFO o.a.j.t.JMeterThread: Stopping because end time detected by thread: 3. PRUEBA DE ESTRÉS (200 Usuarios Concurrentes - Pico) 1-40
2026-09-17 17:38:34,259 INFO o.a.j.t.JMeterThread: Thread finished: 3. PRUEBA DE ESTRÉS (200 Usuarios Concurrentes - Pico) 1-40
2026-09-17 17:38:34,259 INFO o.a.j.t.JMeterThread: Stopping because end time detected by thread: 3. PRUEBA DE ESTRÉS (200 Usuarios Concurrentes - Pico) 1-76
2026-09-17 17:38:34,259 INFO o.a.j.t.JMeterThread: Thread finished: 3. PRUEBA DE ESTRÉS (200 Usuarios Concurrentes - Pico) 1-50
2026-09-17 17:38:34,259 INFO o.a.j.t.JMeterThread: Thread finished: 3. PRUEBA DE ESTRÉS (200 Usuarios Concurrentes - Pico) 1-76
2026-09-17 17:38:34,259 INFO o.a.j.t.JMeterThread: Stopping because end time detected by thread: 3. PRUEBA DE ESTRÉS (200 Usuarios Concurrentes - Pico) 1-155
2026-09-17 17:38:34,259 INFO o.a.j.t.JMeterThread: Stopping because end time detected by thread: 3. PRUEBA DE ESTRÉS (200 Usuarios Concurrentes - Pico) 1-2
2026-09-17 17:38:34,259 INFO o.a.j.t.JMeterThread: Stopping because end time detected by thread: 3. PRUEBA DE ESTRÉS (200 Usuarios Concurrentes - Pico) 1-14
2026-09-17 17:38:34,259 INFO o.a.j.t.JMeterThread: Stopping because end time detected by thread: 3. PRUEBA DE ESTRÉS (200 Usuarios Concurrentes - Pico) 1-22
2026-09-17 17:38:34,259 INFO o.a.j.t.JMeterThread: Stopping because end time detected by thread: 3. PRUEBA DE ESTRÉS (200 Usuarios Concurrentes - Pico) 1-197
2026-09-17 17:38:34,259 INFO o.a.j.t.JMeterThread: Thread finished: 3. PRUEBA DE ESTRÉS (200 Usuarios Concurrentes - Pico) 1-197
2026-09-17 17:38:34,259 INFO o.a.j.t.JMeterThread: Stopping because end time detected by thread: 3. PRUEBA DE ESTRÉS (200 Usuarios Concurrentes - Pico) 1-166
2026-09-17 17:38:34,259 INFO o.a.j.t.JMeterThread: Thread finished: 3. PRUEBA DE ESTRÉS (200 Usuarios Concurrentes - Pico) 1-22
2026-09-17 17:38:34,259 INFO o.a.j.t.JMeterThread: Thread finished: 3. PRUEBA DE ESTRÉS (200 Usuarios Concurrentes - Pico) 1-166
2026-09-17 17:38:34,260 INFO o.a.j.t.JMeterThread: Stopping because end time detected by thread: 3. PRUEBA DE ESTRÉS (200 Usuarios Concurrentes - Pico) 1-63
2026-09-17 17:38:34,260 INFO o.a.j.t.JMeterThread: Thread finished: 3. PRUEBA DE ESTRÉS (200 Usuarios Concurrentes - Pico) 1-63
2026-09-17 17:38:34,260 INFO o.a.j.t.JMeterThread: Thread finished: 3. PRUEBA DE ESTRÉS (200 Usuarios Concurrentes - Pico) 1-155
2026-09-17 17:38:34,260 INFO o.a.j.t.JMeterThread: Stopping because end time detected by thread: 3. PRUEBA DE ESTRÉS (200 Usuarios Concurrentes - Pico) 1-99
2026-09-17 17:38:34,260 INFO o.a.j.t.JMeterThread: Stopping because end time detected by thread: 3. PRUEBA DE ESTRÉS (200 Usuarios Concurrentes - Pico) 1-180
2026-09-17 17:38:34,260 INFO o.a.j.t.JMeterThread: Thread finished: 3. PRUEBA DE ESTRÉS (200 Usuarios Concurrentes - Pico) 1-99
2026-09-17 17:38:34,260 INFO o.a.j.t.JMeterThread: Thread finished: 3. PRUEBA DE ESTRÉS (200 Usuarios Concurrentes - Pico) 1-180
2026-09-17 17:38:34,260 INFO o.a.j.t.JMeterThread: Thread finished: 3. PRUEBA DE ESTRÉS (200 Usuarios Concurrentes - Pico) 1-14
2026-09-17 17:38:34,260 INFO o.a.j.t.JMeterThread: Thread finished: 3. PRUEBA DE ESTRÉS (200 Usuarios Concurrentes - Pico) 1-2
2026-09-17 17:38:34,260 INFO o.a.j.t.JMeterThread: Stopping because end time detected by thread: 3. PRUEBA DE ESTRÉS (200 Usuarios Concurrentes - Pico) 1-49
2026-09-17 17:38:34,260 INFO o.a.j.t.JMeterThread: Thread finished: 3. PRUEBA DE ESTRÉS (200 Usuarios Concurrentes - Pico) 1-49
2026-09-17 17:38:34,260 INFO o.a.j.t.JMeterThread: Stopping because end time detected by thread: 3. PRUEBA DE ESTRÉS (200 Usuarios Concurrentes - Pico) 1-3
2026-09-17 17:38:34,260 INFO o.a.j.t.JMeterThread: Thread finished: 3. PRUEBA DE ESTRÉS (200 Usuarios Concurrentes - Pico) 1-3
2026-09-17 17:38:34,260 INFO o.a.j.t.JMeterThread: Stopping because end time detected by thread: 3. PRUEBA DE ESTRÉS (200 Usuarios Concurrentes - Pico) 1-46
2026-09-17 17:38:34,260 INFO o.a.j.t.JMeterThread: Thread finished: 3. PRUEBA DE ESTRÉS (200 Usuarios Concurrentes - Pico) 1-46
2026-09-17 17:38:34,614 INFO o.a.j.t.JMeterThread: Stopping because end time detected by thread: 3. PRUEBA DE ESTRÉS (200 Usuarios Concurrentes - Pico) 1-71
2026-09-17 17:38:34,614 INFO o.a.j.t.JMeterThread: Stopping because end time detected by thread: 3. PRUEBA DE ESTRÉS (200 Usuarios Concurrentes - Pico) 1-119
2026-09-17 17:38:34,614 INFO o.a.j.t.JMeterThread: Stopping because end time detected by thread: 3. PRUEBA DE ESTRÉS (200 Usuarios Concurrentes - Pico) 1-156
2026-09-17 17:38:34,614 INFO o.a.j.t.JMeterThread: Thread finished: 3. PRUEBA DE ESTRÉS (200 Usuarios Concurrentes - Pico) 1-156
2026-09-17 17:38:34,614 INFO o.a.j.t.JMeterThread: Stopping because end time detected by thread: 3. PRUEBA DE ESTRÉS (200 Usuarios Concurrentes - Pico) 1-120
2026-09-17 17:38:34,614 INFO o.a.j.t.JMeterThread: Stopping because end time detected by thread: 3. PRUEBA DE ESTRÉS (200 Usuarios Concurrentes - Pico) 1-85
2026-09-17 17:38:34,614 INFO o.a.j.t.JMeterThread: Thread finished: 3. PRUEBA DE ESTRÉS (200 Usuarios Concurrentes - Pico) 1-85
2026-09-17 17:38:34,614 INFO o.a.j.t.JMeterThread: Stopping because end time detected by thread: 3. PRUEBA DE ESTRÉS (200 Usuarios Concurrentes - Pico) 1-174
2026-09-17 17:38:34,614 INFO o.a.j.t.JMeterThread: Thread finished: 3. PRUEBA DE ESTRÉS (200 Usuarios Concurrentes - Pico) 1-174
2026-09-17 17:38:34,614 INFO o.a.j.t.JMeterThread: Stopping because end time detected by thread: 3. PRUEBA DE ESTRÉS (200 Usuarios Concurrentes - Pico) 1-165
2026-09-17 17:38:34,614 INFO o.a.j.t.JMeterThread: Thread finished: 3. PRUEBA DE ESTRÉS (200 Usuarios Concurrentes - Pico) 1-165
2026-09-17 17:38:34,614 INFO o.a.j.t.JMeterThread: Thread finished: 3. PRUEBA DE ESTRÉS (200 Usuarios Concurrentes - Pico) 1-120
2026-09-17 17:38:34,614 INFO o.a.j.t.JMeterThread: Thread finished: 3. PRUEBA DE ESTRÉS (200 Usuarios Concurrentes - Pico) 1-71
2026-09-17 17:38:34,615 INFO o.a.j.t.JMeterThread: Stopping because end time detected by thread: 3. PRUEBA DE ESTRÉS (200 Usuarios Concurrentes - Pico) 1-69
2026-09-17 17:38:34,615 INFO o.a.j.t.JMeterThread: Thread finished: 3. PRUEBA DE ESTRÉS (200 Usuarios Concurrentes - Pico) 1-69
2026-09-17 17:38:34,615 INFO o.a.j.t.JMeterThread: Thread finished: 3. PRUEBA DE ESTRÉS (200 Usuarios Concurrentes - Pico) 1-119
2026-09-17 17:38:34,614 INFO o.a.j.t.JMeterThread: Stopping because end time detected by thread: 3. PRUEBA DE ESTRÉS (200 Usuarios Concurrentes - Pico) 1-60
2026-09-17 17:38:34,615 INFO o.a.j.t.JMeterThread: Thread finished: 3. PRUEBA DE ESTRÉS (200 Usuarios Concurrentes - Pico) 1-60
2026-09-17 17:38:34,635 INFO o.a.j.t.JMeterThread: Stopping because end time detected by thread: 3. PRUEBA DE ESTRÉS (200 Usuarios Concurrentes - Pico) 1-194
2026-09-17 17:38:34,635 INFO o.a.j.t.JMeterThread: Stopping because end time detected by thread: 3. PRUEBA DE ESTRÉS (200 Usuarios Concurrentes - Pico) 1-179
2026-09-17 17:38:34,636 INFO o.a.j.t.JMeterThread: Thread finished: 3. PRUEBA DE ESTRÉS (200 Usuarios Concurrentes - Pico) 1-179
2026-09-17 17:38:34,636 INFO o.a.j.t.JMeterThread: Thread finished: 3. PRUEBA DE ESTRÉS (200 Usuarios Concurrentes - Pico) 1-194
2026-09-17 17:38:34,656 INFO o.a.j.t.JMeterThread: Stopping because end time detected by thread: 3. PRUEBA DE ESTRÉS (200 Usuarios Concurrentes - Pico) 1-78
2026-09-17 17:38:34,657 INFO o.a.j.t.JMeterThread: Thread finished: 3. PRUEBA DE ESTRÉS (200 Usuarios Concurrentes - Pico) 1-78
2026-09-17 17:38:34,699 INFO o.a.j.t.JMeterThread: Stopping because end time detected by thread: 3. PRUEBA DE ESTRÉS (200 Usuarios Concurrentes - Pico) 1-74
2026-09-17 17:38:34,700 INFO o.a.j.t.JMeterThread: Thread finished: 3. PRUEBA DE ESTRÉS (200 Usuarios Concurrentes - Pico) 1-74
2026-09-17 17:38:34,700 INFO o.a.j.t.JMeterThread: Stopping because end time detected by thread: 3. PRUEBA DE ESTRÉS (200 Usuarios Concurrentes - Pico) 1-109
2026-09-17 17:38:34,700 INFO o.a.j.t.JMeterThread: Thread finished: 3. PRUEBA DE ESTRÉS (200 Usuarios Concurrentes - Pico) 1-109
2026-09-17 17:38:34,807 INFO o.a.j.t.JMeterThread: Stopping because end time detected by thread: 3. PRUEBA DE ESTRÉS (200 Usuarios Concurrentes - Pico) 1-36
2026-09-17 17:38:34,807 INFO o.a.j.t.JMeterThread: Thread finished: 3. PRUEBA DE ESTRÉS (200 Usuarios Concurrentes - Pico) 1-36
2026-09-17 17:38:35,033 INFO o.a.j.t.JMeterThread: Stopping because end time detected by thread: 3. PRUEBA DE ESTRÉS (200 Usuarios Concurrentes - Pico) 1-200
2026-09-17 17:38:35,033 INFO o.a.j.t.JMeterThread: Stopping because end time detected by thread: 3. PRUEBA DE ESTRÉS (200 Usuarios Concurrentes - Pico) 1-100
2026-09-17 17:38:35,033 INFO o.a.j.t.JMeterThread: Thread finished: 3. PRUEBA DE ESTRÉS (200 Usuarios Concurrentes - Pico) 1-200
2026-09-17 17:38:35,033 INFO o.a.j.t.JMeterThread: Thread finished: 3. PRUEBA DE ESTRÉS (200 Usuarios Concurrentes - Pico) 1-100
2026-09-17 17:38:35,033 INFO o.a.j.t.JMeterThread: Stopping because end time detected by thread: 3. PRUEBA DE ESTRÉS (200 Usuarios Concurrentes - Pico) 1-58
2026-09-17 17:38:35,033 INFO o.a.j.t.JMeterThread: Thread finished: 3. PRUEBA DE ESTRÉS (200 Usuarios Concurrentes - Pico) 1-58
2026-09-17 17:38:35,158 INFO o.a.j.t.JMeterThread: Stopping because end time detected by thread: 3. PRUEBA DE ESTRÉS (200 Usuarios Concurrentes - Pico) 1-55
2026-09-17 17:38:35,158 INFO o.a.j.t.JMeterThread: Thread finished: 3. PRUEBA DE ESTRÉS (200 Usuarios Concurrentes - Pico) 1-55
2026-09-17 17:38:35,217 INFO o.a.j.t.JMeterThread: Stopping because end time detected by thread: 3. PRUEBA DE ESTRÉS (200 Usuarios Concurrentes - Pico) 1-92
2026-09-17 17:38:35,217 INFO o.a.j.t.JMeterThread: Thread finished: 3. PRUEBA DE ESTRÉS (200 Usuarios Concurrentes - Pico) 1-92
2026-09-17 17:38:35,224 INFO o.a.j.t.JMeterThread: Stopping because end time detected by thread: 3. PRUEBA DE ESTRÉS (200 Usuarios Concurrentes - Pico) 1-61
2026-09-17 17:38:35,224 INFO o.a.j.t.JMeterThread: Thread finished: 3. PRUEBA DE ESTRÉS (200 Usuarios Concurrentes - Pico) 1-61
2026-09-17 17:38:35,589 INFO o.a.j.t.JMeterThread: Thread finished: 3. PRUEBA DE ESTRÉS (200 Usuarios Concurrentes - Pico) 1-111
2026-09-17 17:38:35,589 ERROR o.a.j.JMeter: Uncaught exception in thread Thread[3. PRUEBA DE ESTRÉS (200 Usuarios Concurrentes - Pico) 1-111,6,main]
java.lang.OutOfMemoryError: Java heap space
2026-09-17 17:38:35,805 INFO o.a.j.t.JMeterThread: Thread finished: 3. PRUEBA DE ESTRÉS (200 Usuarios Concurrentes - Pico) 1-146
2026-09-17 17:38:35,876 ERROR o.a.j.JMeter: Uncaught exception in thread Thread[3. PRUEBA DE ESTRÉS (200 Usuarios Concurrentes - Pico) 1-146,6,main]
java.lang.OutOfMemoryError: Java heap space
2026-09-17 17:38:36,023 INFO o.a.j.t.JMeterThread: Thread finished: 3. PRUEBA DE ESTRÉS (200 Usuarios Concurrentes - Pico) 1-34
2026-09-17 17:38:36,026 ERROR o.a.j.JMeter: Uncaught exception in thread Thread[3. PRUEBA DE ESTRÉS (200 Usuarios Concurrentes - Pico) 1-34,6,main]
java.lang.OutOfMemoryError: Java heap space
2026-09-17 17:38:36,365 INFO o.a.j.t.JMeterThread: Thread finished: 3. PRUEBA DE ESTRÉS (200 Usuarios Concurrentes - Pico) 1-59
2026-09-17 17:38:36,365 ERROR o.a.j.JMeter: Uncaught exception in thread Thread[3. PRUEBA DE ESTRÉS (200 Usuarios Concurrentes - Pico) 1-59,6,main]
java.lang.OutOfMemoryError: Java heap space
2026-09-17 17:38:36,512 INFO o.a.j.t.JMeterThread: Thread finished: 3. PRUEBA DE ESTRÉS (200 Usuarios Concurrentes - Pico) 1-149
2026-09-17 17:38:36,513 ERROR o.a.j.JMeter: Uncaught exception in thread Thread[3. PRUEBA DE ESTRÉS (200 Usuarios Concurrentes - Pico) 1-149,6,main]
java.lang.OutOfMemoryError: Java heap space
2026-09-17 17:38:36,747 INFO o.a.j.t.JMeterThread: Thread finished: 3. PRUEBA DE ESTRÉS (200 Usuarios Concurrentes - Pico) 1-64
2026-09-17 17:38:36,747 ERROR o.a.j.JMeter: Uncaught exception in thread Thread[3. PRUEBA DE ESTRÉS (200 Usuarios Concurrentes - Pico) 1-64,6,main]
java.lang.OutOfMemoryError: Java heap space
2026-09-17 17:38:36,754 INFO o.a.j.t.JMeterThread: Stopping because end time detected by thread: 3. PRUEBA DE ESTRÉS (200 Usuarios Concurrentes - Pico) 1-110
2026-09-17 17:38:36,754 INFO o.a.j.t.JMeterThread: Stopping because end time detected by thread: 3. PRUEBA DE ESTRÉS (200 Usuarios Concurrentes - Pico) 1-70
2026-09-17 17:38:36,754 INFO o.a.j.t.JMeterThread: Thread finished: 3. PRUEBA DE ESTRÉS (200 Usuarios Concurrentes - Pico) 1-70
2026-09-17 17:38:36,754 INFO o.a.j.t.JMeterThread: Thread finished: 3. PRUEBA DE ESTRÉS (200 Usuarios Concurrentes - Pico) 1-110
2026-09-17 17:38:36,904 INFO o.a.j.t.JMeterThread: Thread finished: 3. PRUEBA DE ESTRÉS (200 Usuarios Concurrentes - Pico) 1-127
2026-09-17 17:38:36,905 ERROR o.a.j.JMeter: Uncaught exception in thread Thread[3. PRUEBA DE ESTRÉS (200 Usuarios Concurrentes - Pico) 1-127,6,main]
java.lang.OutOfMemoryError: Java heap space
2026-09-17 17:38:37,062 INFO o.a.j.t.JMeterThread: Thread finished: 3. PRUEBA DE ESTRÉS (200 Usuarios Concurrentes - Pico) 1-178
2026-09-17 17:38:37,065 ERROR o.a.j.JMeter: Uncaught exception in thread Thread[3. PRUEBA DE ESTRÉS (200 Usuarios Concurrentes - Pico) 1-178,6,main]
java.lang.OutOfMemoryError: Java heap space
2026-09-17 17:38:37,249 INFO o.a.j.t.JMeterThread: Thread finished: 3. PRUEBA DE ESTRÉS (200 Usuarios Concurrentes - Pico) 1-169
2026-09-17 17:38:37,252 ERROR o.a.j.JMeter: Uncaught exception in thread Thread[3. PRUEBA DE ESTRÉS (200 Usuarios Concurrentes - Pico) 1-169,6,main]
java.lang.OutOfMemoryError: Java heap space
2026-09-17 17:38:37,364 INFO o.a.j.t.JMeterThread: Stopping because end time detected by thread: 3. PRUEBA DE ESTRÉS (200 Usuarios Concurrentes - Pico) 1-177
2026-09-17 17:38:37,364 INFO o.a.j.t.JMeterThread: Stopping because end time detected by thread: 3. PRUEBA DE ESTRÉS (200 Usuarios Concurrentes - Pico) 1-184
2026-09-17 17:38:37,364 INFO o.a.j.t.JMeterThread: Thread finished: 3. PRUEBA DE ESTRÉS (200 Usuarios Concurrentes - Pico) 1-177
2026-09-17 17:38:37,364 INFO o.a.j.t.JMeterThread: Thread finished: 3. PRUEBA DE ESTRÉS (200 Usuarios Concurrentes - Pico) 1-184
2026-09-17 17:38:37,439 INFO o.a.j.t.JMeterThread: Stopping because end time detected by thread: 3. PRUEBA DE ESTRÉS (200 Usuarios Concurrentes - Pico) 1-26
2026-09-17 17:38:37,439 INFO o.a.j.t.JMeterThread: Thread finished: 3. PRUEBA DE ESTRÉS (200 Usuarios Concurrentes - Pico) 1-26
2026-09-17 17:38:37,439 INFO o.a.j.e.StandardJMeterEngine: Notifying test listeners of end of test
2026-09-17 17:38:37,439 INFO o.a.j.g.u.JMeterMenuBar: setRunning(false, *local*)
